municipio,cve_mun,estado,anio,feminicidios,tasa_fem_100k,municipio_texto,mun_id_nombre,pobfem_2020,pobtot_2020
Acajete,21001,Puebla,2015,0,0,Acajete,21001 – Acajete,75510,145849
Acajete,21001,Puebla,2016,0,0,Acajete,21001 – Acajete,75510,145849
Acajete,21001,Puebla,2017,1,1.3243279035889286,Acajete,21001 – Acajete,75510,145849
Acajete,21001,Puebla,2018,0,0,Acajete,21001 – Acajete,75510,145849
Acajete,21001,Puebla,2019,0,0,Acajete,21001 – Acajete,75510,145849
Acajete,21001,Puebla,2020,2,2.648655807177857,Acajete,21001 – Acajete,75510,145849
Acajete,21001,Puebla,2021,1,1.3243279035889286,Acajete,21001 – Acajete,75510,145849
Acajete,21001,Puebla,2022,1,1.3243279035889286,Acajete,21001 – Acajete,75510,145849
Acajete,21001,Puebla,2023,1,1.3243279035889286,Acajete,21001 – Acajete,75510,145849
Acajete,21001,Puebla,2024,0,0,Acajete,21001 – Acajete,75510,145849
Acajete,21001,Puebla,2025,0,0,Acajete,21001 – Acajete,75510,145849
Acateno,21002,Puebla,2015,0,0,Acateno,21002 – Acateno,9168,18442
Acateno,21002,Puebla,2016,0,0,Acateno,21002 – Acateno,9168,18442
Acateno,21002,Puebla,2017,0,0,Acateno,21002 – Acateno,9168,18442
Acateno,21002,Puebla,2018,0,0,Acateno,21002 – Acateno,9168,18442
Acateno,21002,Puebla,2019,0,0,Acateno,21002 – Acateno,9168,18442
Acateno,21002,Puebla,2020,0,0,Acateno,21002 – Acateno,9168,18442
Acateno,21002,Puebla,2021,0,0,Acateno,21002 – Acateno,9168,18442
Acateno,21002,Puebla,2022,0,0,Acateno,21002 – Acateno,9168,18442
Acateno,21002,Puebla,2023,1,10.907504363001745,Acateno,21002 – Acateno,9168,18442
Acateno,21002,Puebla,2024,0,0,Acateno,21002 – Acateno,9168,18442
Acateno,21002,Puebla,2025,0,0,Acateno,21002 – Acateno,9168,18442
Acatlã¡N,21003,Puebla,2015,0,0,Acatlã¡N,21003 – Acatlã¡N,40238,75955
Acatlã¡N,21003,Puebla,2016,0,0,Acatlã¡N,21003 – Acatlã¡N,40238,75955
Acatlã¡N,21003,Puebla,2017,1,2.4852129827526217,Acatlã¡N,21003 – Acatlã¡N,40238,75955
Acatlã¡N,21003,Puebla,2018,1,2.4852129827526217,Acatlã¡N,21003 – Acatlã¡N,40238,75955
Acatlã¡N,21003,Puebla,2019,0,0,Acatlã¡N,21003 – Acatlã¡N,40238,75955
Acatlã¡N,21003,Puebla,2020,1,2.4852129827526217,Acatlã¡N,21003 – Acatlã¡N,40238,75955
Acatlã¡N,21003,Puebla,2021,0,0,Acatlã¡N,21003 – Acatlã¡N,40238,75955
Acatlã¡N,21003,Puebla,2022,0,0,Acatlã¡N,21003 – Acatlã¡N,40238,75955
Acatlã¡N,21003,Puebla,2023,1,2.4852129827526217,Acatlã¡N,21003 – Acatlã¡N,40238,75955
Acatlã¡N,21003,Puebla,2024,1,2.4852129827526217,Acatlã¡N,21003 – Acatlã¡N,40238,75955
Acatlã¡N,21003,Puebla,2025,0,0,Acatlã¡N,21003 – Acatlã¡N,40238,75955
Acatzingo,21004,Puebla,2015,0,0,Acatzingo,21004 – Acatzingo,65640,127606
Acatzingo,21004,Puebla,2016,0,0,Acatzingo,21004 – Acatzingo,65640,127606
Acatzingo,21004,Puebla,2017,0,0,Acatzingo,21004 – Acatzingo,65640,127606
Acatzingo,21004,Puebla,2018,1,1.5234613040828764,Acatzingo,21004 – Acatzingo,65640,127606
Acatzingo,21004,Puebla,2019,0,0,Acatzingo,21004 – Acatzingo,65640,127606
Acatzingo,21004,Puebla,2020,0,0,Acatzingo,21004 – Acatzingo,65640,127606
Acatzingo,21004,Puebla,2021,0,0,Acatzingo,21004 – Acatzingo,65640,127606
Acatzingo,21004,Puebla,2022,0,0,Acatzingo,21004 – Acatzingo,65640,127606
Acatzingo,21004,Puebla,2023,2,3.0469226081657528,Acatzingo,21004 – Acatzingo,65640,127606
Acatzingo,21004,Puebla,2024,0,0,Acatzingo,21004 – Acatzingo,65640,127606
Acatzingo,21004,Puebla,2025,2,3.0469226081657528,Acatzingo,21004 – Acatzingo,65640,127606
Acteopan,21005,Puebla,2015,0,0,Acteopan,21005 – Acteopan,3248,6140
Acteopan,21005,Puebla,2016,0,0,Acteopan,21005 – Acteopan,3248,6140
Acteopan,21005,Puebla,2017,0,0,Acteopan,21005 – Acteopan,3248,6140
Acteopan,21005,Puebla,2018,0,0,Acteopan,21005 – Acteopan,3248,6140
Acteopan,21005,Puebla,2019,0,0,Acteopan,21005 – Acteopan,3248,6140
Acteopan,21005,Puebla,2020,0,0,Acteopan,21005 – Acteopan,3248,6140
Acteopan,21005,Puebla,2021,0,0,Acteopan,21005 – Acteopan,3248,6140
Acteopan,21005,Puebla,2022,0,0,Acteopan,21005 – Acteopan,3248,6140
Acteopan,21005,Puebla,2023,0,0,Acteopan,21005 – Acteopan,3248,6140
Acteopan,21005,Puebla,2024,0,0,Acteopan,21005 – Acteopan,3248,6140
Acteopan,21005,Puebla,2025,0,0,Acteopan,21005 – Acteopan,3248,6140
Ahuacatlã¡N,21006,Puebla,2015,0,0,Ahuacatlã¡N,21006 – Ahuacatlã¡N,15380,29084
Ahuacatlã¡N,21006,Puebla,2016,0,0,Ahuacatlã¡N,21006 – Ahuacatlã¡N,15380,29084
Ahuacatlã¡N,21006,Puebla,2017,0,0,Ahuacatlã¡N,21006 – Ahuacatlã¡N,15380,29084
Ahuacatlã¡N,21006,Puebla,2018,0,0,Ahuacatlã¡N,21006 – Ahuacatlã¡N,15380,29084
Ahuacatlã¡N,21006,Puebla,2019,0,0,Ahuacatlã¡N,21006 – Ahuacatlã¡N,15380,29084
Ahuacatlã¡N,21006,Puebla,2020,0,0,Ahuacatlã¡N,21006 – Ahuacatlã¡N,15380,29084
Ahuacatlã¡N,21006,Puebla,2021,0,0,Ahuacatlã¡N,21006 – Ahuacatlã¡N,15380,29084
Ahuacatlã¡N,21006,Puebla,2022,0,0,Ahuacatlã¡N,21006 – Ahuacatlã¡N,15380,29084
Ahuacatlã¡N,21006,Puebla,2023,0,0,Ahuacatlã¡N,21006 – Ahuacatlã¡N,15380,29084
Ahuacatlã¡N,21006,Puebla,2024,0,0,Ahuacatlã¡N,21006 – Ahuacatlã¡N,15380,29084
Ahuacatlã¡N,21006,Puebla,2025,0,0,Ahuacatlã¡N,21006 – Ahuacatlã¡N,15380,29084
Ahuatlã¡N,21007,Puebla,2015,0,0,Ahuatlã¡N,21007 – Ahuatlã¡N,3204,6338
Ahuatlã¡N,21007,Puebla,2016,0,0,Ahuatlã¡N,21007 – Ahuatlã¡N,3204,6338
Ahuatlã¡N,21007,Puebla,2017,0,0,Ahuatlã¡N,21007 – Ahuatlã¡N,3204,6338
Ahuatlã¡N,21007,Puebla,2018,0,0,Ahuatlã¡N,21007 – Ahuatlã¡N,3204,6338
Ahuatlã¡N,21007,Puebla,2019,0,0,Ahuatlã¡N,21007 – Ahuatlã¡N,3204,6338
Ahuatlã¡N,21007,Puebla,2020,0,0,Ahuatlã¡N,21007 – Ahuatlã¡N,3204,6338
Ahuatlã¡N,21007,Puebla,2021,0,0,Ahuatlã¡N,21007 – Ahuatlã¡N,3204,6338
Ahuatlã¡N,21007,Puebla,2022,0,0,Ahuatlã¡N,21007 – Ahuatlã¡N,3204,6338
Ahuatlã¡N,21007,Puebla,2023,0,0,Ahuatlã¡N,21007 – Ahuatlã¡N,3204,6338
Ahuatlã¡N,21007,Puebla,2024,0,0,Ahuatlã¡N,21007 – Ahuatlã¡N,3204,6338
Ahuatlã¡N,21007,Puebla,2025,0,0,Ahuatlã¡N,21007 – Ahuatlã¡N,3204,6338
Ahuazotepec,21008,Puebla,2015,0,0,Ahuazotepec,21008 – Ahuazotepec,11780,22878
Ahuazotepec,21008,Puebla,2016,0,0,Ahuazotepec,21008 – Ahuazotepec,11780,22878
Ahuazotepec,21008,Puebla,2017,0,0,Ahuazotepec,21008 – Ahuazotepec,11780,22878
Ahuazotepec,21008,Puebla,2018,0,0,Ahuazotepec,21008 – Ahuazotepec,11780,22878
Ahuazotepec,21008,Puebla,2019,0,0,Ahuazotepec,21008 – Ahuazotepec,11780,22878
Ahuazotepec,21008,Puebla,2020,1,8.488964346349745,Ahuazotepec,21008 – Ahuazotepec,11780,22878
Ahuazotepec,21008,Puebla,2021,0,0,Ahuazotepec,21008 – Ahuazotepec,11780,22878
Ahuazotepec,21008,Puebla,2022,0,0,Ahuazotepec,21008 – Ahuazotepec,11780,22878
Ahuazotepec,21008,Puebla,2023,0,0,Ahuazotepec,21008 – Ahuazotepec,11780,22878
Ahuazotepec,21008,Puebla,2024,0,0,Ahuazotepec,21008 – Ahuazotepec,11780,22878
Ahuazotepec,21008,Puebla,2025,0,0,Ahuazotepec,21008 – Ahuazotepec,11780,22878
Ahuehuetitla,21009,Puebla,2015,0,0,Ahuehuetitla,21009 – Ahuehuetitla,2301,4431
Ahuehuetitla,21009,Puebla,2016,0,0,Ahuehuetitla,21009 – Ahuehuetitla,2301,4431
Ahuehuetitla,21009,Puebla,2017,0,0,Ahuehuetitla,21009 – Ahuehuetitla,2301,4431
Ahuehuetitla,21009,Puebla,2018,0,0,Ahuehuetitla,21009 – Ahuehuetitla,2301,4431
Ahuehuetitla,21009,Puebla,2019,0,0,Ahuehuetitla,21009 – Ahuehuetitla,2301,4431
Ahuehuetitla,21009,Puebla,2020,0,0,Ahuehuetitla,21009 – Ahuehuetitla,2301,4431
Ahuehuetitla,21009,Puebla,2021,0,0,Ahuehuetitla,21009 – Ahuehuetitla,2301,4431
Ahuehuetitla,21009,Puebla,2022,0,0,Ahuehuetitla,21009 – Ahuehuetitla,2301,4431
Ahuehuetitla,21009,Puebla,2023,0,0,Ahuehuetitla,21009 – Ahuehuetitla,2301,4431
Ahuehuetitla,21009,Puebla,2024,0,0,Ahuehuetitla,21009 – Ahuehuetitla,2301,4431
Ahuehuetitla,21009,Puebla,2025,0,0,Ahuehuetitla,21009 – Ahuehuetitla,2301,4431
Ajalpan,21010,Puebla,2015,0,0,Ajalpan,21010 – Ajalpan,77146,149565
Ajalpan,21010,Puebla,2016,0,0,Ajalpan,21010 – Ajalpan,77146,149565
Ajalpan,21010,Puebla,2017,0,0,Ajalpan,21010 – Ajalpan,77146,149565
Ajalpan,21010,Puebla,2018,0,0,Ajalpan,21010 – Ajalpan,77146,149565
Ajalpan,21010,Puebla,2019,0,0,Ajalpan,21010 – Ajalpan,77146,149565
Ajalpan,21010,Puebla,2020,0,0,Ajalpan,21010 – Ajalpan,77146,149565
Ajalpan,21010,Puebla,2021,0,0,Ajalpan,21010 – Ajalpan,77146,149565
Ajalpan,21010,Puebla,2022,0,0,Ajalpan,21010 – Ajalpan,77146,149565
Ajalpan,21010,Puebla,2023,0,0,Ajalpan,21010 – Ajalpan,77146,149565
Ajalpan,21010,Puebla,2024,0,0,Ajalpan,21010 – Ajalpan,77146,149565
Ajalpan,21010,Puebla,2025,0,0,Ajalpan,21010 – Ajalpan,77146,149565
Albino Zertuche,21011,Puebla,2015,0,0,Albino Zertuche,21011 – Albino Zertuche,1998,3770
Albino Zertuche,21011,Puebla,2016,0,0,Albino Zertuche,21011 – Albino Zertuche,1998,3770
Albino Zertuche,21011,Puebla,2017,0,0,Albino Zertuche,21011 – Albino Zertuche,1998,3770
Albino Zertuche,21011,Puebla,2018,0,0,Albino Zertuche,21011 – Albino Zertuche,1998,3770
Albino Zertuche,21011,Puebla,2019,0,0,Albino Zertuche,21011 – Albino Zertuche,1998,3770
Albino Zertuche,21011,Puebla,2020,0,0,Albino Zertuche,21011 – Albino Zertuche,1998,3770
Albino Zertuche,21011,Puebla,2021,0,0,Albino Zertuche,21011 – Albino Zertuche,1998,3770
Albino Zertuche,21011,Puebla,2022,0,0,Albino Zertuche,21011 – Albino Zertuche,1998,3770
Albino Zertuche,21011,Puebla,2023,0,0,Albino Zertuche,21011 – Albino Zertuche,1998,3770
Albino Zertuche,21011,Puebla,2024,0,0,Albino Zertuche,21011 – Albino Zertuche,1998,3770
Albino Zertuche,21011,Puebla,2025,0,0,Albino Zertuche,21011 – Albino Zertuche,1998,3770
Aljojuca,21012,Puebla,2015,0,0,Aljojuca,21012 – Aljojuca,6982,13182
Aljojuca,21012,Puebla,2016,0,0,Aljojuca,21012 – Aljojuca,6982,13182
Aljojuca,21012,Puebla,2017,0,0,Aljojuca,21012 – Aljojuca,6982,13182
Aljojuca,21012,Puebla,2018,0,0,Aljojuca,21012 – Aljojuca,6982,13182
Aljojuca,21012,Puebla,2019,0,0,Aljojuca,21012 – Aljojuca,6982,13182
Aljojuca,21012,Puebla,2020,0,0,Aljojuca,21012 – Aljojuca,6982,13182
Aljojuca,21012,Puebla,2021,0,0,Aljojuca,21012 – Aljojuca,6982,13182
Aljojuca,21012,Puebla,2022,0,0,Aljojuca,21012 – Aljojuca,6982,13182
Aljojuca,21012,Puebla,2023,0,0,Aljojuca,21012 – Aljojuca,6982,13182
Aljojuca,21012,Puebla,2024,0,0,Aljojuca,21012 – Aljojuca,6982,13182
Aljojuca,21012,Puebla,2025,0,0,Aljojuca,21012 – Aljojuca,6982,13182
Altepexi,21013,Puebla,2015,0,0,Altepexi,21013 – Altepexi,23480,45258
Altepexi,21013,Puebla,2016,0,0,Altepexi,21013 – Altepexi,23480,45258
Altepexi,21013,Puebla,2017,0,0,Altepexi,21013 – Altepexi,23480,45258
Altepexi,21013,Puebla,2018,1,4.258943781942079,Altepexi,21013 – Altepexi,23480,45258
Altepexi,21013,Puebla,2019,0,0,Altepexi,21013 – Altepexi,23480,45258
Altepexi,21013,Puebla,2020,0,0,Altepexi,21013 – Altepexi,23480,45258
Altepexi,21013,Puebla,2021,0,0,Altepexi,21013 – Altepexi,23480,45258
Altepexi,21013,Puebla,2022,0,0,Altepexi,21013 – Altepexi,23480,45258
Altepexi,21013,Puebla,2023,0,0,Altepexi,21013 – Altepexi,23480,45258
Altepexi,21013,Puebla,2024,0,0,Altepexi,21013 – Altepexi,23480,45258
Altepexi,21013,Puebla,2025,0,0,Altepexi,21013 – Altepexi,23480,45258
Amixtlã¡N,21014,Puebla,2015,0,0,Amixtlã¡N,21014 – Amixtlã¡N,5083,9628
Amixtlã¡N,21014,Puebla,2016,0,0,Amixtlã¡N,21014 – Amixtlã¡N,5083,9628
Amixtlã¡N,21014,Puebla,2017,0,0,Amixtlã¡N,21014 – Amixtlã¡N,5083,9628
Amixtlã¡N,21014,Puebla,2018,0,0,Amixtlã¡N,21014 – Amixtlã¡N,5083,9628
Amixtlã¡N,21014,Puebla,2019,0,0,Amixtlã¡N,21014 – Amixtlã¡N,5083,9628
Amixtlã¡N,21014,Puebla,2020,0,0,Amixtlã¡N,21014 – Amixtlã¡N,5083,9628
Amixtlã¡N,21014,Puebla,2021,0,0,Amixtlã¡N,21014 – Amixtlã¡N,5083,9628
Amixtlã¡N,21014,Puebla,2022,0,0,Amixtlã¡N,21014 – Amixtlã¡N,5083,9628
Amixtlã¡N,21014,Puebla,2023,1,19.673421207948063,Amixtlã¡N,21014 – Amixtlã¡N,5083,9628
Amixtlã¡N,21014,Puebla,2024,0,0,Amixtlã¡N,21014 – Amixtlã¡N,5083,9628
Amixtlã¡N,21014,Puebla,2025,0,0,Amixtlã¡N,21014 – Amixtlã¡N,5083,9628
Amozoc,21015,Puebla,2015,0,0,Amozoc,21015 – Amozoc,128794,251801
Amozoc,21015,Puebla,2016,0,0,Amozoc,21015 – Amozoc,128794,251801
Amozoc,21015,Puebla,2017,1,0.7764336847989813,Amozoc,21015 – Amozoc,128794,251801
Amozoc,21015,Puebla,2018,1,0.7764336847989813,Amozoc,21015 – Amozoc,128794,251801
Amozoc,21015,Puebla,2019,1,0.7764336847989813,Amozoc,21015 – Amozoc,128794,251801
Amozoc,21015,Puebla,2020,0,0,Amozoc,21015 – Amozoc,128794,251801
Amozoc,21015,Puebla,2021,1,0.7764336847989813,Amozoc,21015 – Amozoc,128794,251801
Amozoc,21015,Puebla,2022,0,0,Amozoc,21015 – Amozoc,128794,251801
Amozoc,21015,Puebla,2023,0,0,Amozoc,21015 – Amozoc,128794,251801
Amozoc,21015,Puebla,2024,0,0,Amozoc,21015 – Amozoc,128794,251801
Amozoc,21015,Puebla,2025,0,0,Amozoc,21015 – Amozoc,128794,251801
Aquixtla,21016,Puebla,2015,0,0,Aquixtla,21016 – Aquixtla,9026,18042
Aquixtla,21016,Puebla,2016,0,0,Aquixtla,21016 – Aquixtla,9026,18042
Aquixtla,21016,Puebla,2017,0,0,Aquixtla,21016 – Aquixtla,9026,18042
Aquixtla,21016,Puebla,2018,0,0,Aquixtla,21016 – Aquixtla,9026,18042
Aquixtla,21016,Puebla,2019,0,0,Aquixtla,21016 – Aquixtla,9026,18042
Aquixtla,21016,Puebla,2020,0,0,Aquixtla,21016 – Aquixtla,9026,18042
Aquixtla,21016,Puebla,2021,0,0,Aquixtla,21016 – Aquixtla,9026,18042
Aquixtla,21016,Puebla,2022,0,0,Aquixtla,21016 – Aquixtla,9026,18042
Aquixtla,21016,Puebla,2023,0,0,Aquixtla,21016 – Aquixtla,9026,18042
Aquixtla,21016,Puebla,2024,0,0,Aquixtla,21016 – Aquixtla,9026,18042
Aquixtla,21016,Puebla,2025,0,0,Aquixtla,21016 – Aquixtla,9026,18042
Atempan,21017,Puebla,2015,0,0,Atempan,21017 – Atempan,30926,59484
Atempan,21017,Puebla,2016,0,0,Atempan,21017 – Atempan,30926,59484
Atempan,21017,Puebla,2017,0,0,Atempan,21017 – Atempan,30926,59484
Atempan,21017,Puebla,2018,0,0,Atempan,21017 – Atempan,30926,59484
Atempan,21017,Puebla,2019,0,0,Atempan,21017 – Atempan,30926,59484
Atempan,21017,Puebla,2020,1,3.233525189161224,Atempan,21017 – Atempan,30926,59484
Atempan,21017,Puebla,2021,0,0,Atempan,21017 – Atempan,30926,59484
Atempan,21017,Puebla,2022,0,0,Atempan,21017 – Atempan,30926,59484
Atempan,21017,Puebla,2023,0,0,Atempan,21017 – Atempan,30926,59484
Atempan,21017,Puebla,2024,0,0,Atempan,21017 – Atempan,30926,59484
Atempan,21017,Puebla,2025,0,0,Atempan,21017 – Atempan,30926,59484
Atexcal,21018,Puebla,2015,0,0,Atexcal,21018 – Atexcal,4036,7720
Atexcal,21018,Puebla,2016,0,0,Atexcal,21018 – Atexcal,4036,7720
Atexcal,21018,Puebla,2017,0,0,Atexcal,21018 – Atexcal,4036,7720
Atexcal,21018,Puebla,2018,0,0,Atexcal,21018 – Atexcal,4036,7720
Atexcal,21018,Puebla,2019,0,0,Atexcal,21018 – Atexcal,4036,7720
Atexcal,21018,Puebla,2020,0,0,Atexcal,21018 – Atexcal,4036,7720
Atexcal,21018,Puebla,2021,0,0,Atexcal,21018 – Atexcal,4036,7720
Atexcal,21018,Puebla,2022,0,0,Atexcal,21018 – Atexcal,4036,7720
Atexcal,21018,Puebla,2023,0,0,Atexcal,21018 – Atexcal,4036,7720
Atexcal,21018,Puebla,2024,0,0,Atexcal,21018 – Atexcal,4036,7720
Atexcal,21018,Puebla,2025,0,0,Atexcal,21018 – Atexcal,4036,7720
Atlixco,21019,Puebla,2015,1,0.6672805647862701,Atlixco,21019 – Atlixco,149862,283690
Atlixco,21019,Puebla,2016,0,0,Atlixco,21019 – Atlixco,149862,283690
Atlixco,21019,Puebla,2017,2,1.3345611295725401,Atlixco,21019 – Atlixco,149862,283690
Atlixco,21019,Puebla,2018,0,0,Atlixco,21019 – Atlixco,149862,283690
Atlixco,21019,Puebla,2019,1,0.6672805647862701,Atlixco,21019 – Atlixco,149862,283690
Atlixco,21019,Puebla,2020,2,1.3345611295725401,Atlixco,21019 – Atlixco,149862,283690
Atlixco,21019,Puebla,2021,2,1.3345611295725401,Atlixco,21019 – Atlixco,149862,283690
Atlixco,21019,Puebla,2022,1,0.6672805647862701,Atlixco,21019 – Atlixco,149862,283690
Atlixco,21019,Puebla,2023,0,0,Atlixco,21019 – Atlixco,149862,283690
Atlixco,21019,Puebla,2024,2,1.3345611295725401,Atlixco,21019 – Atlixco,149862,283690
Atlixco,21019,Puebla,2025,1,0.6672805647862701,Atlixco,21019 – Atlixco,149862,283690
Atoyatempan,21020,Puebla,2015,0,0,Atoyatempan,21020 – Atoyatempan,7888,15446
Atoyatempan,21020,Puebla,2016,0,0,Atoyatempan,21020 – Atoyatempan,7888,15446
Atoyatempan,21020,Puebla,2017,0,0,Atoyatempan,21020 – Atoyatempan,7888,15446
Atoyatempan,21020,Puebla,2018,0,0,Atoyatempan,21020 – Atoyatempan,7888,15446
Atoyatempan,21020,Puebla,2019,0,0,Atoyatempan,21020 – Atoyatempan,7888,15446
Atoyatempan,21020,Puebla,2020,0,0,Atoyatempan,21020 – Atoyatempan,7888,15446
Atoyatempan,21020,Puebla,2021,0,0,Atoyatempan,21020 – Atoyatempan,7888,15446
Atoyatempan,21020,Puebla,2022,0,0,Atoyatempan,21020 – Atoyatempan,7888,15446
Atoyatempan,21020,Puebla,2023,0,0,Atoyatempan,21020 – Atoyatempan,7888,15446
Atoyatempan,21020,Puebla,2024,0,0,Atoyatempan,21020 – Atoyatempan,7888,15446
Atoyatempan,21020,Puebla,2025,0,0,Atoyatempan,21020 – Atoyatempan,7888,15446
Atzala,21021,Puebla,2015,0,0,Atzala,21021 – Atzala,1566,3024
Atzala,21021,Puebla,2016,0,0,Atzala,21021 – Atzala,1566,3024
Atzala,21021,Puebla,2017,0,0,Atzala,21021 – Atzala,1566,3024
Atzala,21021,Puebla,2018,0,0,Atzala,21021 – Atzala,1566,3024
Atzala,21021,Puebla,2019,0,0,Atzala,21021 – Atzala,1566,3024
Atzala,21021,Puebla,2020,0,0,Atzala,21021 – Atzala,1566,3024
Atzala,21021,Puebla,2021,0,0,Atzala,21021 – Atzala,1566,3024
Atzala,21021,Puebla,2022,0,0,Atzala,21021 – Atzala,1566,3024
Atzala,21021,Puebla,2023,0,0,Atzala,21021 – Atzala,1566,3024
Atzala,21021,Puebla,2024,0,0,Atzala,21021 – Atzala,1566,3024
Atzala,21021,Puebla,2025,0,0,Atzala,21021 – Atzala,1566,3024
Atzitzihuacã¡N,21022,Puebla,2015,0,0,Atzitzihuacã¡N,21022 – Atzitzihuacã¡N,13664,25714
Atzitzihuacã¡N,21022,Puebla,2016,0,0,Atzitzihuacã¡N,21022 – Atzitzihuacã¡N,13664,25714
Atzitzihuacã¡N,21022,Puebla,2017,0,0,Atzitzihuacã¡N,21022 – Atzitzihuacã¡N,13664,25714
Atzitzihuacã¡N,21022,Puebla,2018,0,0,Atzitzihuacã¡N,21022 – Atzitzihuacã¡N,13664,25714
Atzitzihuacã¡N,21022,Puebla,2019,0,0,Atzitzihuacã¡N,21022 – Atzitzihuacã¡N,13664,25714
Atzitzihuacã¡N,21022,Puebla,2020,0,0,Atzitzihuacã¡N,21022 – Atzitzihuacã¡N,13664,25714
Atzitzihuacã¡N,21022,Puebla,2021,0,0,Atzitzihuacã¡N,21022 – Atzitzihuacã¡N,13664,25714
Atzitzihuacã¡N,21022,Puebla,2022,0,0,Atzitzihuacã¡N,21022 – Atzitzihuacã¡N,13664,25714
Atzitzihuacã¡N,21022,Puebla,2023,0,0,Atzitzihuacã¡N,21022 – Atzitzihuacã¡N,13664,25714
Atzitzihuacã¡N,21022,Puebla,2024,0,0,Atzitzihuacã¡N,21022 – Atzitzihuacã¡N,13664,25714
Atzitzihuacã¡N,21022,Puebla,2025,0,0,Atzitzihuacã¡N,21022 – Atzitzihuacã¡N,13664,25714
Atzitzintla,21023,Puebla,2015,0,0,Atzitzintla,21023 – Atzitzintla,9255,18113
Atzitzintla,21023,Puebla,2016,0,0,Atzitzintla,21023 – Atzitzintla,9255,18113
Atzitzintla,21023,Puebla,2017,0,0,Atzitzintla,21023 – Atzitzintla,9255,18113
Atzitzintla,21023,Puebla,2018,0,0,Atzitzintla,21023 – Atzitzintla,9255,18113
Atzitzintla,21023,Puebla,2019,0,0,Atzitzintla,21023 – Atzitzintla,9255,18113
Atzitzintla,21023,Puebla,2020,0,0,Atzitzintla,21023 – Atzitzintla,9255,18113
Atzitzintla,21023,Puebla,2021,0,0,Atzitzintla,21023 – Atzitzintla,9255,18113
Atzitzintla,21023,Puebla,2022,0,0,Atzitzintla,21023 – Atzitzintla,9255,18113
Atzitzintla,21023,Puebla,2023,0,0,Atzitzintla,21023 – Atzitzintla,9255,18113
Atzitzintla,21023,Puebla,2024,0,0,Atzitzintla,21023 – Atzitzintla,9255,18113
Atzitzintla,21023,Puebla,2025,0,0,Atzitzintla,21023 – Atzitzintla,9255,18113
Axutla,21024,Puebla,2015,0,0,Axutla,21024 – Axutla,1020,1967
Axutla,21024,Puebla,2016,0,0,Axutla,21024 – Axutla,1020,1967
Axutla,21024,Puebla,2017,0,0,Axutla,21024 – Axutla,1020,1967
Axutla,21024,Puebla,2018,0,0,Axutla,21024 – Axutla,1020,1967
Axutla,21024,Puebla,2019,0,0,Axutla,21024 – Axutla,1020,1967
Axutla,21024,Puebla,2020,0,0,Axutla,21024 – Axutla,1020,1967
Axutla,21024,Puebla,2021,0,0,Axutla,21024 – Axutla,1020,1967
Axutla,21024,Puebla,2022,0,0,Axutla,21024 – Axutla,1020,1967
Axutla,21024,Puebla,2023,0,0,Axutla,21024 – Axutla,1020,1967
Axutla,21024,Puebla,2024,0,0,Axutla,21024 – Axutla,1020,1967
Axutla,21024,Puebla,2025,0,0,Axutla,21024 – Axutla,1020,1967
Ayotoxco De Guerrero,21025,Puebla,2015,0,0,Ayotoxco De Guerrero,21025 – Ayotoxco De Guerrero,8480,16478
Ayotoxco De Guerrero,21025,Puebla,2016,0,0,Ayotoxco De Guerrero,21025 – Ayotoxco De Guerrero,8480,16478
Ayotoxco De Guerrero,21025,Puebla,2017,0,0,Ayotoxco De Guerrero,21025 – Ayotoxco De Guerrero,8480,16478
Ayotoxco De Guerrero,21025,Puebla,2018,0,0,Ayotoxco De Guerrero,21025 – Ayotoxco De Guerrero,8480,16478
Ayotoxco De Guerrero,21025,Puebla,2019,0,0,Ayotoxco De Guerrero,21025 – Ayotoxco De Guerrero,8480,16478
Ayotoxco De Guerrero,21025,Puebla,2020,0,0,Ayotoxco De Guerrero,21025 – Ayotoxco De Guerrero,8480,16478
Ayotoxco De Guerrero,21025,Puebla,2021,0,0,Ayotoxco De Guerrero,21025 – Ayotoxco De Guerrero,8480,16478
Ayotoxco De Guerrero,21025,Puebla,2022,0,0,Ayotoxco De Guerrero,21025 – Ayotoxco De Guerrero,8480,16478
Ayotoxco De Guerrero,21025,Puebla,2023,0,0,Ayotoxco De Guerrero,21025 – Ayotoxco De Guerrero,8480,16478
Ayotoxco De Guerrero,21025,Puebla,2024,0,0,Ayotoxco De Guerrero,21025 – Ayotoxco De Guerrero,8480,16478
Ayotoxco De Guerrero,21025,Puebla,2025,0,0,Ayotoxco De Guerrero,21025 – Ayotoxco De Guerrero,8480,16478
Calpan,21026,Puebla,2015,0,0,Calpan,21026 – Calpan,15864,30563
Calpan,21026,Puebla,2016,1,6.303580433686334,Calpan,21026 – Calpan,15864,30563
Calpan,21026,Puebla,2017,0,0,Calpan,21026 – Calpan,15864,30563
Calpan,21026,Puebla,2018,0,0,Calpan,21026 – Calpan,15864,30563
Calpan,21026,Puebla,2019,0,0,Calpan,21026 – Calpan,15864,30563
Calpan,21026,Puebla,2020,0,0,Calpan,21026 – Calpan,15864,30563
Calpan,21026,Puebla,2021,0,0,Calpan,21026 – Calpan,15864,30563
Calpan,21026,Puebla,2022,0,0,Calpan,21026 – Calpan,15864,30563
Calpan,21026,Puebla,2023,0,0,Calpan,21026 – Calpan,15864,30563
Calpan,21026,Puebla,2024,0,0,Calpan,21026 – Calpan,15864,30563
Calpan,21026,Puebla,2025,0,0,Calpan,21026 – Calpan,15864,30563
Caltepec,21027,Puebla,2015,0,0,Caltepec,21027 – Caltepec,4410,8292
Caltepec,21027,Puebla,2016,0,0,Caltepec,21027 – Caltepec,4410,8292
Caltepec,21027,Puebla,2017,0,0,Caltepec,21027 – Caltepec,4410,8292
Caltepec,21027,Puebla,2018,0,0,Caltepec,21027 – Caltepec,4410,8292
Caltepec,21027,Puebla,2019,0,0,Caltepec,21027 – Caltepec,4410,8292
Caltepec,21027,Puebla,2020,0,0,Caltepec,21027 – Caltepec,4410,8292
Caltepec,21027,Puebla,2021,0,0,Caltepec,21027 – Caltepec,4410,8292
Caltepec,21027,Puebla,2022,0,0,Caltepec,21027 – Caltepec,4410,8292
Caltepec,21027,Puebla,2023,0,0,Caltepec,21027 – Caltepec,4410,8292
Caltepec,21027,Puebla,2024,0,0,Caltepec,21027 – Caltepec,4410,8292
Caltepec,21027,Puebla,2025,0,0,Caltepec,21027 – Caltepec,4410,8292
Camocuautla,21028,Puebla,2015,0,0,Camocuautla,21028 – Camocuautla,2778,5524
Camocuautla,21028,Puebla,2016,0,0,Camocuautla,21028 – Camocuautla,2778,5524
Camocuautla,21028,Puebla,2017,0,0,Camocuautla,21028 – Camocuautla,2778,5524
Camocuautla,21028,Puebla,2018,0,0,Camocuautla,21028 – Camocuautla,2778,5524
Camocuautla,21028,Puebla,2019,0,0,Camocuautla,21028 – Camocuautla,2778,5524
Camocuautla,21028,Puebla,2020,0,0,Camocuautla,21028 – Camocuautla,2778,5524
Camocuautla,21028,Puebla,2021,0,0,Camocuautla,21028 – Camocuautla,2778,5524
Camocuautla,21028,Puebla,2022,0,0,Camocuautla,21028 – Camocuautla,2778,5524
Camocuautla,21028,Puebla,2023,0,0,Camocuautla,21028 – Camocuautla,2778,5524
Camocuautla,21028,Puebla,2024,0,0,Camocuautla,21028 – Camocuautla,2778,5524
Camocuautla,21028,Puebla,2025,0,0,Camocuautla,21028 – Camocuautla,2778,5524
Caxhuacan,21029,Puebla,2015,0,0,Caxhuacan,21029 – Caxhuacan,3990,7622
Caxhuacan,21029,Puebla,2016,0,0,Caxhuacan,21029 – Caxhuacan,3990,7622
Caxhuacan,21029,Puebla,2017,0,0,Caxhuacan,21029 – Caxhuacan,3990,7622
Caxhuacan,21029,Puebla,2018,0,0,Caxhuacan,21029 – Caxhuacan,3990,7622
Caxhuacan,21029,Puebla,2019,0,0,Caxhuacan,21029 – Caxhuacan,3990,7622
Caxhuacan,21029,Puebla,2020,0,0,Caxhuacan,21029 – Caxhuacan,3990,7622
Caxhuacan,21029,Puebla,2021,0,0,Caxhuacan,21029 – Caxhuacan,3990,7622
Caxhuacan,21029,Puebla,2022,0,0,Caxhuacan,21029 – Caxhuacan,3990,7622
Caxhuacan,21029,Puebla,2023,0,0,Caxhuacan,21029 – Caxhuacan,3990,7622
Caxhuacan,21029,Puebla,2024,0,0,Caxhuacan,21029 – Caxhuacan,3990,7622
Caxhuacan,21029,Puebla,2025,0,0,Caxhuacan,21029 – Caxhuacan,3990,7622
Coatepec,21030,Puebla,2015,0,0,Coatepec,21030 – Coatepec,800,1544
Coatepec,21030,Puebla,2016,0,0,Coatepec,21030 – Coatepec,800,1544
Coatepec,21030,Puebla,2017,0,0,Coatepec,21030 – Coatepec,800,1544
Coatepec,21030,Puebla,2018,0,0,Coatepec,21030 – Coatepec,800,1544
Coatepec,21030,Puebla,2019,0,0,Coatepec,21030 – Coatepec,800,1544
Coatepec,21030,Puebla,2020,0,0,Coatepec,21030 – Coatepec,800,1544
Coatepec,21030,Puebla,2021,0,0,Coatepec,21030 – Coatepec,800,1544
Coatepec,21030,Puebla,2022,0,0,Coatepec,21030 – Coatepec,800,1544
Coatepec,21030,Puebla,2023,0,0,Coatepec,21030 – Coatepec,800,1544
Coatepec,21030,Puebla,2024,0,0,Coatepec,21030 – Coatepec,800,1544
Coatepec,21030,Puebla,2025,0,0,Coatepec,21030 – Coatepec,800,1544
Coatzingo,21031,Puebla,2015,0,0,Coatzingo,21031 – Coatzingo,2909,5649
Coatzingo,21031,Puebla,2016,0,0,Coatzingo,21031 – Coatzingo,2909,5649
Coatzingo,21031,Puebla,2017,0,0,Coatzingo,21031 – Coatzingo,2909,5649
Coatzingo,21031,Puebla,2018,0,0,Coatzingo,21031 – Coatzingo,2909,5649
Coatzingo,21031,Puebla,2019,0,0,Coatzingo,21031 – Coatzingo,2909,5649
Coatzingo,21031,Puebla,2020,0,0,Coatzingo,21031 – Coatzingo,2909,5649
Coatzingo,21031,Puebla,2021,0,0,Coatzingo,21031 – Coatzingo,2909,5649
Coatzingo,21031,Puebla,2022,0,0,Coatzingo,21031 – Coatzingo,2909,5649
Coatzingo,21031,Puebla,2023,0,0,Coatzingo,21031 – Coatzingo,2909,5649
Coatzingo,21031,Puebla,2024,0,0,Coatzingo,21031 – Coatzingo,2909,5649
Coatzingo,21031,Puebla,2025,0,0,Coatzingo,21031 – Coatzingo,2909,5649
Cohetzala,21032,Puebla,2015,0,0,Cohetzala,21032 – Cohetzala,1326,2764
Cohetzala,21032,Puebla,2016,0,0,Cohetzala,21032 – Cohetzala,1326,2764
Cohetzala,21032,Puebla,2017,0,0,Cohetzala,21032 – Cohetzala,1326,2764
Cohetzala,21032,Puebla,2018,0,0,Cohetzala,21032 – Cohetzala,1326,2764
Cohetzala,21032,Puebla,2019,0,0,Cohetzala,21032 – Cohetzala,1326,2764
Cohetzala,21032,Puebla,2020,0,0,Cohetzala,21032 – Cohetzala,1326,2764
Cohetzala,21032,Puebla,2021,0,0,Cohetzala,21032 – Cohetzala,1326,2764
Cohetzala,21032,Puebla,2022,0,0,Cohetzala,21032 – Cohetzala,1326,2764
Cohetzala,21032,Puebla,2023,0,0,Cohetzala,21032 – Cohetzala,1326,2764
Cohetzala,21032,Puebla,2024,0,0,Cohetzala,21032 – Cohetzala,1326,2764
Cohetzala,21032,Puebla,2025,0,0,Cohetzala,21032 – Cohetzala,1326,2764
Cohuecan,21033,Puebla,2015,0,0,Cohuecan,21033 – Cohuecan,5708,10806
Cohuecan,21033,Puebla,2016,0,0,Cohuecan,21033 – Cohuecan,5708,10806
Cohuecan,21033,Puebla,2017,0,0,Cohuecan,21033 – Cohuecan,5708,10806
Cohuecan,21033,Puebla,2018,0,0,Cohuecan,21033 – Cohuecan,5708,10806
Cohuecan,21033,Puebla,2019,0,0,Cohuecan,21033 – Cohuecan,5708,10806
Cohuecan,21033,Puebla,2020,0,0,Cohuecan,21033 – Cohuecan,5708,10806
Cohuecan,21033,Puebla,2021,0,0,Cohuecan,21033 – Cohuecan,5708,10806
Cohuecan,21033,Puebla,2022,0,0,Cohuecan,21033 – Cohuecan,5708,10806
Cohuecan,21033,Puebla,2023,0,0,Cohuecan,21033 – Cohuecan,5708,10806
Cohuecan,21033,Puebla,2024,0,0,Cohuecan,21033 – Cohuecan,5708,10806
Cohuecan,21033,Puebla,2025,0,0,Cohuecan,21033 – Cohuecan,5708,10806
Coronango,21034,Puebla,2015,0,0,Coronango,21034 – Coronango,47704,93696
Coronango,21034,Puebla,2016,0,0,Coronango,21034 – Coronango,47704,93696
Coronango,21034,Puebla,2017,1,2.096260271675331,Coronango,21034 – Coronango,47704,93696
Coronango,21034,Puebla,2018,0,0,Coronango,21034 – Coronango,47704,93696
Coronango,21034,Puebla,2019,0,0,Coronango,21034 – Coronango,47704,93696
Coronango,21034,Puebla,2020,3,6.288780815025993,Coronango,21034 – Coronango,47704,93696
Coronango,21034,Puebla,2021,0,0,Coronango,21034 – Coronango,47704,93696
Coronango,21034,Puebla,2022,0,0,Coronango,21034 – Coronango,47704,93696
Coronango,21034,Puebla,2023,0,0,Coronango,21034 – Coronango,47704,93696
Coronango,21034,Puebla,2024,1,2.096260271675331,Coronango,21034 – Coronango,47704,93696
Coronango,21034,Puebla,2025,0,0,Coronango,21034 – Coronango,47704,93696
Coxcatlã¡N,21035,Puebla,2015,0,0,Coxcatlã¡N,21035 – Coxcatlã¡N,21756,41364
Coxcatlã¡N,21035,Puebla,2016,0,0,Coxcatlã¡N,21035 – Coxcatlã¡N,21756,41364
Coxcatlã¡N,21035,Puebla,2017,0,0,Coxcatlã¡N,21035 – Coxcatlã¡N,21756,41364
Coxcatlã¡N,21035,Puebla,2018,0,0,Coxcatlã¡N,21035 – Coxcatlã¡N,21756,41364
Coxcatlã¡N,21035,Puebla,2019,0,0,Coxcatlã¡N,21035 – Coxcatlã¡N,21756,41364
Coxcatlã¡N,21035,Puebla,2020,0,0,Coxcatlã¡N,21035 – Coxcatlã¡N,21756,41364
Coxcatlã¡N,21035,Puebla,2021,0,0,Coxcatlã¡N,21035 – Coxcatlã¡N,21756,41364
Coxcatlã¡N,21035,Puebla,2022,0,0,Coxcatlã¡N,21035 – Coxcatlã¡N,21756,41364
Coxcatlã¡N,21035,Puebla,2023,0,0,Coxcatlã¡N,21035 – Coxcatlã¡N,21756,41364
Coxcatlã¡N,21035,Puebla,2024,0,0,Coxcatlã¡N,21035 – Coxcatlã¡N,21756,41364
Coxcatlã¡N,21035,Puebla,2025,0,0,Coxcatlã¡N,21035 – Coxcatlã¡N,21756,41364
Coyomeapan,21036,Puebla,2015,0,0,Coyomeapan,21036 – Coyomeapan,15726,29612
Coyomeapan,21036,Puebla,2016,0,0,Coyomeapan,21036 – Coyomeapan,15726,29612
Coyomeapan,21036,Puebla,2017,0,0,Coyomeapan,21036 – Coyomeapan,15726,29612
Coyomeapan,21036,Puebla,2018,1,6.358896095637797,Coyomeapan,21036 – Coyomeapan,15726,29612
Coyomeapan,21036,Puebla,2019,0,0,Coyomeapan,21036 – Coyomeapan,15726,29612
Coyomeapan,21036,Puebla,2020,0,0,Coyomeapan,21036 – Coyomeapan,15726,29612
Coyomeapan,21036,Puebla,2021,0,0,Coyomeapan,21036 – Coyomeapan,15726,29612
Coyomeapan,21036,Puebla,2022,0,0,Coyomeapan,21036 – Coyomeapan,15726,29612
Coyomeapan,21036,Puebla,2023,0,0,Coyomeapan,21036 – Coyomeapan,15726,29612
Coyomeapan,21036,Puebla,2024,0,0,Coyomeapan,21036 – Coyomeapan,15726,29612
Coyomeapan,21036,Puebla,2025,0,0,Coyomeapan,21036 – Coyomeapan,15726,29612
Coyotepec,21037,Puebla,2015,0,0,Coyotepec,21037 – Coyotepec,2470,4668
Coyotepec,21037,Puebla,2016,0,0,Coyotepec,21037 – Coyotepec,2470,4668
Coyotepec,21037,Puebla,2017,0,0,Coyotepec,21037 – Coyotepec,2470,4668
Coyotepec,21037,Puebla,2018,0,0,Coyotepec,21037 – Coyotepec,2470,4668
Coyotepec,21037,Puebla,2019,0,0,Coyotepec,21037 – Coyotepec,2470,4668
Coyotepec,21037,Puebla,2020,0,0,Coyotepec,21037 – Coyotepec,2470,4668
Coyotepec,21037,Puebla,2021,0,0,Coyotepec,21037 – Coyotepec,2470,4668
Coyotepec,21037,Puebla,2022,0,0,Coyotepec,21037 – Coyotepec,2470,4668
Coyotepec,21037,Puebla,2023,0,0,Coyotepec,21037 – Coyotepec,2470,4668
Coyotepec,21037,Puebla,2024,0,0,Coyotepec,21037 – Coyotepec,2470,4668
Coyotepec,21037,Puebla,2025,0,0,Coyotepec,21037 – Coyotepec,2470,4668
Cuapiaxtla De Madero,21038,Puebla,2015,0,0,Cuapiaxtla De Madero,21038 – Cuapiaxtla De Madero,10686,21152
Cuapiaxtla De Madero,21038,Puebla,2016,0,0,Cuapiaxtla De Madero,21038 – Cuapiaxtla De Madero,10686,21152
Cuapiaxtla De Madero,21038,Puebla,2017,0,0,Cuapiaxtla De Madero,21038 – Cuapiaxtla De Madero,10686,21152
Cuapiaxtla De Madero,21038,Puebla,2018,0,0,Cuapiaxtla De Madero,21038 – Cuapiaxtla De Madero,10686,21152
Cuapiaxtla De Madero,21038,Puebla,2019,0,0,Cuapiaxtla De Madero,21038 – Cuapiaxtla De Madero,10686,21152
Cuapiaxtla De Madero,21038,Puebla,2020,0,0,Cuapiaxtla De Madero,21038 – Cuapiaxtla De Madero,10686,21152
Cuapiaxtla De Madero,21038,Puebla,2021,0,0,Cuapiaxtla De Madero,21038 – Cuapiaxtla De Madero,10686,21152
Cuapiaxtla De Madero,21038,Puebla,2022,0,0,Cuapiaxtla De Madero,21038 – Cuapiaxtla De Madero,10686,21152
Cuapiaxtla De Madero,21038,Puebla,2023,0,0,Cuapiaxtla De Madero,21038 – Cuapiaxtla De Madero,10686,21152
Cuapiaxtla De Madero,21038,Puebla,2024,0,0,Cuapiaxtla De Madero,21038 – Cuapiaxtla De Madero,10686,21152
Cuapiaxtla De Madero,21038,Puebla,2025,0,0,Cuapiaxtla De Madero,21038 – Cuapiaxtla De Madero,10686,21152
Cuautempan,21039,Puebla,2015,0,0,Cuautempan,21039 – Cuautempan,10356,19674
Cuautempan,21039,Puebla,2016,0,0,Cuautempan,21039 – Cuautempan,10356,19674
Cuautempan,21039,Puebla,2017,0,0,Cuautempan,21039 – Cuautempan,10356,19674
Cuautempan,21039,Puebla,2018,0,0,Cuautempan,21039 – Cuautempan,10356,19674
Cuautempan,21039,Puebla,2019,0,0,Cuautempan,21039 – Cuautempan,10356,19674
Cuautempan,21039,Puebla,2020,0,0,Cuautempan,21039 – Cuautempan,10356,19674
Cuautempan,21039,Puebla,2021,2,19.312475859405176,Cuautempan,21039 – Cuautempan,10356,19674
Cuautempan,21039,Puebla,2022,0,0,Cuautempan,21039 – Cuautempan,10356,19674
Cuautempan,21039,Puebla,2023,0,0,Cuautempan,21039 – Cuautempan,10356,19674
Cuautempan,21039,Puebla,2024,0,0,Cuautempan,21039 – Cuautempan,10356,19674
Cuautempan,21039,Puebla,2025,0,0,Cuautempan,21039 – Cuautempan,10356,19674
Cuautinchã¡N,21040,Puebla,2015,0,0,Cuautinchã¡N,21040 – Cuautinchã¡N,12472,24717
Cuautinchã¡N,21040,Puebla,2016,0,0,Cuautinchã¡N,21040 – Cuautinchã¡N,12472,24717
Cuautinchã¡N,21040,Puebla,2017,0,0,Cuautinchã¡N,21040 – Cuautinchã¡N,12472,24717
Cuautinchã¡N,21040,Puebla,2018,0,0,Cuautinchã¡N,21040 – Cuautinchã¡N,12472,24717
Cuautinchã¡N,21040,Puebla,2019,0,0,Cuautinchã¡N,21040 – Cuautinchã¡N,12472,24717
Cuautinchã¡N,21040,Puebla,2020,0,0,Cuautinchã¡N,21040 – Cuautinchã¡N,12472,24717
Cuautinchã¡N,21040,Puebla,2021,0,0,Cuautinchã¡N,21040 – Cuautinchã¡N,12472,24717
Cuautinchã¡N,21040,Puebla,2022,0,0,Cuautinchã¡N,21040 – Cuautinchã¡N,12472,24717
Cuautinchã¡N,21040,Puebla,2023,0,0,Cuautinchã¡N,21040 – Cuautinchã¡N,12472,24717
Cuautinchã¡N,21040,Puebla,2024,0,0,Cuautinchã¡N,21040 – Cuautinchã¡N,12472,24717
Cuautinchã¡N,21040,Puebla,2025,0,0,Cuautinchã¡N,21040 – Cuautinchã¡N,12472,24717
Cuautlancingo,21041,Puebla,2015,0,0,Cuautlancingo,21041 – Cuautlancingo,140963,274881
Cuautlancingo,21041,Puebla,2016,0,0,Cuautlancingo,21041 – Cuautlancingo,140963,274881
Cuautlancingo,21041,Puebla,2017,0,0,Cuautlancingo,21041 – Cuautlancingo,140963,274881
Cuautlancingo,21041,Puebla,2018,1,0.7094060143441896,Cuautlancingo,21041 – Cuautlancingo,140963,274881
Cuautlancingo,21041,Puebla,2019,1,0.7094060143441896,Cuautlancingo,21041 – Cuautlancingo,140963,274881
Cuautlancingo,21041,Puebla,2020,2,1.4188120286883792,Cuautlancingo,21041 – Cuautlancingo,140963,274881
Cuautlancingo,21041,Puebla,2021,0,0,Cuautlancingo,21041 – Cuautlancingo,140963,274881
Cuautlancingo,21041,Puebla,2022,0,0,Cuautlancingo,21041 – Cuautlancingo,140963,274881
Cuautlancingo,21041,Puebla,2023,1,0.7094060143441896,Cuautlancingo,21041 – Cuautlancingo,140963,274881
Cuautlancingo,21041,Puebla,2024,1,0.7094060143441896,Cuautlancingo,21041 – Cuautlancingo,140963,274881
Cuautlancingo,21041,Puebla,2025,1,0.7094060143441896,Cuautlancingo,21041 – Cuautlancingo,140963,274881
Cuayuca De Andrade,21042,Puebla,2015,0,0,Cuayuca De Andrade,21042 – Cuayuca De Andrade,3370,6636
Cuayuca De Andrade,21042,Puebla,2016,0,0,Cuayuca De Andrade,21042 – Cuayuca De Andrade,3370,6636
Cuayuca De Andrade,21042,Puebla,2017,0,0,Cuayuca De Andrade,21042 – Cuayuca De Andrade,3370,6636
Cuayuca De Andrade,21042,Puebla,2018,0,0,Cuayuca De Andrade,21042 – Cuayuca De Andrade,3370,6636
Cuayuca De Andrade,21042,Puebla,2019,0,0,Cuayuca De Andrade,21042 – Cuayuca De Andrade,3370,6636
Cuayuca De Andrade,21042,Puebla,2020,0,0,Cuayuca De Andrade,21042 – Cuayuca De Andrade,3370,6636
Cuayuca De Andrade,21042,Puebla,2021,0,0,Cuayuca De Andrade,21042 – Cuayuca De Andrade,3370,6636
Cuayuca De Andrade,21042,Puebla,2022,0,0,Cuayuca De Andrade,21042 – Cuayuca De Andrade,3370,6636
Cuayuca De Andrade,21042,Puebla,2023,0,0,Cuayuca De Andrade,21042 – Cuayuca De Andrade,3370,6636
Cuayuca De Andrade,21042,Puebla,2024,0,0,Cuayuca De Andrade,21042 – Cuayuca De Andrade,3370,6636
Cuayuca De Andrade,21042,Puebla,2025,0,0,Cuayuca De Andrade,21042 – Cuayuca De Andrade,3370,6636
Cuetzalan Del Progreso,21043,Puebla,2015,0,0,Cuetzalan Del Progreso,21043 – Cuetzalan Del Progreso,51430,99809
Cuetzalan Del Progreso,21043,Puebla,2016,0,0,Cuetzalan Del Progreso,21043 – Cuetzalan Del Progreso,51430,99809
Cuetzalan Del Progreso,21043,Puebla,2017,0,0,Cuetzalan Del Progreso,21043 – Cuetzalan Del Progreso,51430,99809
Cuetzalan Del Progreso,21043,Puebla,2018,0,0,Cuetzalan Del Progreso,21043 – Cuetzalan Del Progreso,51430,99809
Cuetzalan Del Progreso,21043,Puebla,2019,0,0,Cuetzalan Del Progreso,21043 – Cuetzalan Del Progreso,51430,99809
Cuetzalan Del Progreso,21043,Puebla,2020,0,0,Cuetzalan Del Progreso,21043 – Cuetzalan Del Progreso,51430,99809
Cuetzalan Del Progreso,21043,Puebla,2021,0,0,Cuetzalan Del Progreso,21043 – Cuetzalan Del Progreso,51430,99809
Cuetzalan Del Progreso,21043,Puebla,2022,0,0,Cuetzalan Del Progreso,21043 – Cuetzalan Del Progreso,51430,99809
Cuetzalan Del Progreso,21043,Puebla,2023,1,1.9443904335990667,Cuetzalan Del Progreso,21043 – Cuetzalan Del Progreso,51430,99809
Cuetzalan Del Progreso,21043,Puebla,2024,2,3.8887808671981334,Cuetzalan Del Progreso,21043 – Cuetzalan Del Progreso,51430,99809
Cuetzalan Del Progreso,21043,Puebla,2025,0,0,Cuetzalan Del Progreso,21043 – Cuetzalan Del Progreso,51430,99809
Cuyoaco,21044,Puebla,2015,0,0,Cuyoaco,21044 – Cuyoaco,17823,34337
Cuyoaco,21044,Puebla,2016,0,0,Cuyoaco,21044 – Cuyoaco,17823,34337
Cuyoaco,21044,Puebla,2017,0,0,Cuyoaco,21044 – Cuyoaco,17823,34337
Cuyoaco,21044,Puebla,2018,0,0,Cuyoaco,21044 – Cuyoaco,17823,34337
Cuyoaco,21044,Puebla,2019,1,5.6107277113841665,Cuyoaco,21044 – Cuyoaco,17823,34337
Cuyoaco,21044,Puebla,2020,0,0,Cuyoaco,21044 – Cuyoaco,17823,34337
Cuyoaco,21044,Puebla,2021,0,0,Cuyoaco,21044 – Cuyoaco,17823,34337
Cuyoaco,21044,Puebla,2022,0,0,Cuyoaco,21044 – Cuyoaco,17823,34337
Cuyoaco,21044,Puebla,2023,0,0,Cuyoaco,21044 – Cuyoaco,17823,34337
Cuyoaco,21044,Puebla,2024,0,0,Cuyoaco,21044 – Cuyoaco,17823,34337
Cuyoaco,21044,Puebla,2025,0,0,Cuyoaco,21044 – Cuyoaco,17823,34337
Chalchicomula De Sesma,21045,Puebla,2015,0,0,Chalchicomula De Sesma,21045 – Chalchicomula De Sesma,49244,95171
Chalchicomula De Sesma,21045,Puebla,2016,0,0,Chalchicomula De Sesma,21045 – Chalchicomula De Sesma,49244,95171
Chalchicomula De Sesma,21045,Puebla,2017,0,0,Chalchicomula De Sesma,21045 – Chalchicomula De Sesma,49244,95171
Chalchicomula De Sesma,21045,Puebla,2018,0,0,Chalchicomula De Sesma,21045 – Chalchicomula De Sesma,49244,95171
Chalchicomula De Sesma,21045,Puebla,2019,1,2.0307042482332873,Chalchicomula De Sesma,21045 – Chalchicomula De Sesma,49244,95171
Chalchicomula De Sesma,21045,Puebla,2020,0,0,Chalchicomula De Sesma,21045 – Chalchicomula De Sesma,49244,95171
Chalchicomula De Sesma,21045,Puebla,2021,0,0,Chalchicomula De Sesma,21045 – Chalchicomula De Sesma,49244,95171
Chalchicomula De Sesma,21045,Puebla,2022,0,0,Chalchicomula De Sesma,21045 – Chalchicomula De Sesma,49244,95171
Chalchicomula De Sesma,21045,Puebla,2023,0,0,Chalchicomula De Sesma,21045 – Chalchicomula De Sesma,49244,95171
Chalchicomula De Sesma,21045,Puebla,2024,0,0,Chalchicomula De Sesma,21045 – Chalchicomula De Sesma,49244,95171
Chalchicomula De Sesma,21045,Puebla,2025,0,0,Chalchicomula De Sesma,21045 – Chalchicomula De Sesma,49244,95171
Chapulco,21046,Puebla,2015,0,0,Chapulco,21046 – Chapulco,8512,16386
Chapulco,21046,Puebla,2016,0,0,Chapulco,21046 – Chapulco,8512,16386
Chapulco,21046,Puebla,2017,0,0,Chapulco,21046 – Chapulco,8512,16386
Chapulco,21046,Puebla,2018,0,0,Chapulco,21046 – Chapulco,8512,16386
Chapulco,21046,Puebla,2019,0,0,Chapulco,21046 – Chapulco,8512,16386
Chapulco,21046,Puebla,2020,0,0,Chapulco,21046 – Chapulco,8512,16386
Chapulco,21046,Puebla,2021,0,0,Chapulco,21046 – Chapulco,8512,16386
Chapulco,21046,Puebla,2022,0,0,Chapulco,21046 – Chapulco,8512,16386
Chapulco,21046,Puebla,2023,0,0,Chapulco,21046 – Chapulco,8512,16386
Chapulco,21046,Puebla,2024,0,0,Chapulco,21046 – Chapulco,8512,16386
Chapulco,21046,Puebla,2025,0,0,Chapulco,21046 – Chapulco,8512,16386
Chiautla,21047,Puebla,2015,0,0,Chiautla,21047 – Chiautla,22054,43463
Chiautla,21047,Puebla,2016,0,0,Chiautla,21047 – Chiautla,22054,43463
Chiautla,21047,Puebla,2017,0,0,Chiautla,21047 – Chiautla,22054,43463
Chiautla,21047,Puebla,2018,0,0,Chiautla,21047 – Chiautla,22054,43463
Chiautla,21047,Puebla,2019,0,0,Chiautla,21047 – Chiautla,22054,43463
Chiautla,21047,Puebla,2020,0,0,Chiautla,21047 – Chiautla,22054,43463
Chiautla,21047,Puebla,2021,0,0,Chiautla,21047 – Chiautla,22054,43463
Chiautla,21047,Puebla,2022,1,4.534324839031468,Chiautla,21047 – Chiautla,22054,43463
Chiautla,21047,Puebla,2023,1,4.534324839031468,Chiautla,21047 – Chiautla,22054,43463
Chiautla,21047,Puebla,2024,0,0,Chiautla,21047 – Chiautla,22054,43463
Chiautla,21047,Puebla,2025,0,0,Chiautla,21047 – Chiautla,22054,43463
Chiautzingo,21048,Puebla,2015,0,0,Chiautzingo,21048 – Chiautzingo,23078,44094
Chiautzingo,21048,Puebla,2016,0,0,Chiautzingo,21048 – Chiautzingo,23078,44094
Chiautzingo,21048,Puebla,2017,0,0,Chiautzingo,21048 – Chiautzingo,23078,44094
Chiautzingo,21048,Puebla,2018,0,0,Chiautzingo,21048 – Chiautzingo,23078,44094
Chiautzingo,21048,Puebla,2019,0,0,Chiautzingo,21048 – Chiautzingo,23078,44094
Chiautzingo,21048,Puebla,2020,0,0,Chiautzingo,21048 – Chiautzingo,23078,44094
Chiautzingo,21048,Puebla,2021,0,0,Chiautzingo,21048 – Chiautzingo,23078,44094
Chiautzingo,21048,Puebla,2022,0,0,Chiautzingo,21048 – Chiautzingo,23078,44094
Chiautzingo,21048,Puebla,2023,0,0,Chiautzingo,21048 – Chiautzingo,23078,44094
Chiautzingo,21048,Puebla,2024,0,0,Chiautzingo,21048 – Chiautzingo,23078,44094
Chiautzingo,21048,Puebla,2025,0,0,Chiautzingo,21048 – Chiautzingo,23078,44094
Chiconcuautla,21049,Puebla,2015,0,0,Chiconcuautla,21049 – Chiconcuautla,17832,34776
Chiconcuautla,21049,Puebla,2016,0,0,Chiconcuautla,21049 – Chiconcuautla,17832,34776
Chiconcuautla,21049,Puebla,2017,0,0,Chiconcuautla,21049 – Chiconcuautla,17832,34776
Chiconcuautla,21049,Puebla,2018,0,0,Chiconcuautla,21049 – Chiconcuautla,17832,34776
Chiconcuautla,21049,Puebla,2019,0,0,Chiconcuautla,21049 – Chiconcuautla,17832,34776
Chiconcuautla,21049,Puebla,2020,0,0,Chiconcuautla,21049 – Chiconcuautla,17832,34776
Chiconcuautla,21049,Puebla,2021,1,5.607895917451772,Chiconcuautla,21049 – Chiconcuautla,17832,34776
Chiconcuautla,21049,Puebla,2022,0,0,Chiconcuautla,21049 – Chiconcuautla,17832,34776
Chiconcuautla,21049,Puebla,2023,0,0,Chiconcuautla,21049 – Chiconcuautla,17832,34776
Chiconcuautla,21049,Puebla,2024,0,0,Chiconcuautla,21049 – Chiconcuautla,17832,34776
Chiconcuautla,21049,Puebla,2025,0,0,Chiconcuautla,21049 – Chiconcuautla,17832,34776
Chichiquila,21050,Puebla,2015,0,0,Chichiquila,21050 – Chichiquila,27250,53875
Chichiquila,21050,Puebla,2016,0,0,Chichiquila,21050 – Chichiquila,27250,53875
Chichiquila,21050,Puebla,2017,0,0,Chichiquila,21050 – Chichiquila,27250,53875
Chichiquila,21050,Puebla,2018,0,0,Chichiquila,21050 – Chichiquila,27250,53875
Chichiquila,21050,Puebla,2019,0,0,Chichiquila,21050 – Chichiquila,27250,53875
Chichiquila,21050,Puebla,2020,0,0,Chichiquila,21050 – Chichiquila,27250,53875
Chichiquila,21050,Puebla,2021,0,0,Chichiquila,21050 – Chichiquila,27250,53875
Chichiquila,21050,Puebla,2022,1,3.669724770642202,Chichiquila,21050 – Chichiquila,27250,53875
Chichiquila,21050,Puebla,2023,0,0,Chichiquila,21050 – Chichiquila,27250,53875
Chichiquila,21050,Puebla,2024,0,0,Chichiquila,21050 – Chichiquila,27250,53875
Chichiquila,21050,Puebla,2025,0,0,Chichiquila,21050 – Chichiquila,27250,53875
Chietla,21051,Puebla,2015,0,0,Chietla,21051 – Chietla,38082,74109
Chietla,21051,Puebla,2016,0,0,Chietla,21051 – Chietla,38082,74109
Chietla,21051,Puebla,2017,1,2.625912504595347,Chietla,21051 – Chietla,38082,74109
Chietla,21051,Puebla,2018,0,0,Chietla,21051 – Chietla,38082,74109
Chietla,21051,Puebla,2019,0,0,Chietla,21051 – Chietla,38082,74109
Chietla,21051,Puebla,2020,4,10.503650018381387,Chietla,21051 – Chietla,38082,74109
Chietla,21051,Puebla,2021,0,0,Chietla,21051 – Chietla,38082,74109
Chietla,21051,Puebla,2022,0,0,Chietla,21051 – Chietla,38082,74109
Chietla,21051,Puebla,2023,1,2.625912504595347,Chietla,21051 – Chietla,38082,74109
Chietla,21051,Puebla,2024,0,0,Chietla,21051 – Chietla,38082,74109
Chietla,21051,Puebla,2025,0,0,Chietla,21051 – Chietla,38082,74109
Chigmecatitlã¡N,21052,Puebla,2015,0,0,Chigmecatitlã¡N,21052 – Chigmecatitlã¡N,1358,2430
Chigmecatitlã¡N,21052,Puebla,2016,0,0,Chigmecatitlã¡N,21052 – Chigmecatitlã¡N,1358,2430
Chigmecatitlã¡N,21052,Puebla,2017,0,0,Chigmecatitlã¡N,21052 – Chigmecatitlã¡N,1358,2430
Chigmecatitlã¡N,21052,Puebla,2018,0,0,Chigmecatitlã¡N,21052 – Chigmecatitlã¡N,1358,2430
Chigmecatitlã¡N,21052,Puebla,2019,0,0,Chigmecatitlã¡N,21052 – Chigmecatitlã¡N,1358,2430
Chigmecatitlã¡N,21052,Puebla,2020,0,0,Chigmecatitlã¡N,21052 – Chigmecatitlã¡N,1358,2430
Chigmecatitlã¡N,21052,Puebla,2021,0,0,Chigmecatitlã¡N,21052 – Chigmecatitlã¡N,1358,2430
Chigmecatitlã¡N,21052,Puebla,2022,0,0,Chigmecatitlã¡N,21052 – Chigmecatitlã¡N,1358,2430
Chigmecatitlã¡N,21052,Puebla,2023,0,0,Chigmecatitlã¡N,21052 – Chigmecatitlã¡N,1358,2430
Chigmecatitlã¡N,21052,Puebla,2024,0,0,Chigmecatitlã¡N,21052 – Chigmecatitlã¡N,1358,2430
Chigmecatitlã¡N,21052,Puebla,2025,0,0,Chigmecatitlã¡N,21052 – Chigmecatitlã¡N,1358,2430
Chignahuapan,21053,Puebla,2015,0,0,Chignahuapan,21053 – Chignahuapan,68604,133038
Chignahuapan,21053,Puebla,2016,0,0,Chignahuapan,21053 – Chignahuapan,68604,133038
Chignahuapan,21053,Puebla,2017,0,0,Chignahuapan,21053 – Chignahuapan,68604,133038
Chignahuapan,21053,Puebla,2018,0,0,Chignahuapan,21053 – Chignahuapan,68604,133038
Chignahuapan,21053,Puebla,2019,1,1.4576409538802402,Chignahuapan,21053 – Chignahuapan,68604,133038
Chignahuapan,21053,Puebla,2020,0,0,Chignahuapan,21053 – Chignahuapan,68604,133038
Chignahuapan,21053,Puebla,2021,0,0,Chignahuapan,21053 – Chignahuapan,68604,133038
Chignahuapan,21053,Puebla,2022,0,0,Chignahuapan,21053 – Chignahuapan,68604,133038
Chignahuapan,21053,Puebla,2023,0,0,Chignahuapan,21053 – Chignahuapan,68604,133038
Chignahuapan,21053,Puebla,2024,3,4.3729228616407205,Chignahuapan,21053 – Chignahuapan,68604,133038
Chignahuapan,21053,Puebla,2025,0,0,Chignahuapan,21053 – Chignahuapan,68604,133038
Chignautla,21054,Puebla,2015,0,0,Chignautla,21054 – Chignautla,36575,70456
Chignautla,21054,Puebla,2016,0,0,Chignautla,21054 – Chignautla,36575,70456
Chignautla,21054,Puebla,2017,0,0,Chignautla,21054 – Chignautla,36575,70456
Chignautla,21054,Puebla,2018,0,0,Chignautla,21054 – Chignautla,36575,70456
Chignautla,21054,Puebla,2019,0,0,Chignautla,21054 – Chignautla,36575,70456
Chignautla,21054,Puebla,2020,0,0,Chignautla,21054 – Chignautla,36575,70456
Chignautla,21054,Puebla,2021,0,0,Chignautla,21054 – Chignautla,36575,70456
Chignautla,21054,Puebla,2022,0,0,Chignautla,21054 – Chignautla,36575,70456
Chignautla,21054,Puebla,2023,0,0,Chignautla,21054 – Chignautla,36575,70456
Chignautla,21054,Puebla,2024,2,5.468215994531784,Chignautla,21054 – Chignautla,36575,70456
Chignautla,21054,Puebla,2025,0,0,Chignautla,21054 – Chignautla,36575,70456
Chila,21055,Puebla,2015,0,0,Chila,21055 – Chila,5328,10177
Chila,21055,Puebla,2016,0,0,Chila,21055 – Chila,5328,10177
Chila,21055,Puebla,2017,0,0,Chila,21055 – Chila,5328,10177
Chila,21055,Puebla,2018,0,0,Chila,21055 – Chila,5328,10177
Chila,21055,Puebla,2019,0,0,Chila,21055 – Chila,5328,10177
Chila,21055,Puebla,2020,0,0,Chila,21055 – Chila,5328,10177
Chila,21055,Puebla,2021,0,0,Chila,21055 – Chila,5328,10177
Chila,21055,Puebla,2022,0,0,Chila,21055 – Chila,5328,10177
Chila,21055,Puebla,2023,0,0,Chila,21055 – Chila,5328,10177
Chila,21055,Puebla,2024,0,0,Chila,21055 – Chila,5328,10177
Chila,21055,Puebla,2025,0,0,Chila,21055 – Chila,5328,10177
Chila De La Sal,21056,Puebla,2015,0,0,Chila De La Sal,21056 – Chila De La Sal,1363,2637
Chila De La Sal,21056,Puebla,2016,0,0,Chila De La Sal,21056 – Chila De La Sal,1363,2637
Chila De La Sal,21056,Puebla,2017,0,0,Chila De La Sal,21056 – Chila De La Sal,1363,2637
Chila De La Sal,21056,Puebla,2018,0,0,Chila De La Sal,21056 – Chila De La Sal,1363,2637
Chila De La Sal,21056,Puebla,2019,0,0,Chila De La Sal,21056 – Chila De La Sal,1363,2637
Chila De La Sal,21056,Puebla,2020,0,0,Chila De La Sal,21056 – Chila De La Sal,1363,2637
Chila De La Sal,21056,Puebla,2021,0,0,Chila De La Sal,21056 – Chila De La Sal,1363,2637
Chila De La Sal,21056,Puebla,2022,0,0,Chila De La Sal,21056 – Chila De La Sal,1363,2637
Chila De La Sal,21056,Puebla,2023,0,0,Chila De La Sal,21056 – Chila De La Sal,1363,2637
Chila De La Sal,21056,Puebla,2024,0,0,Chila De La Sal,21056 – Chila De La Sal,1363,2637
Chila De La Sal,21056,Puebla,2025,0,0,Chila De La Sal,21056 – Chila De La Sal,1363,2637
Honey,21057,Puebla,2015,0,0,Honey,21057 – Honey,6964,13374
Honey,21057,Puebla,2016,0,0,Honey,21057 – Honey,6964,13374
Honey,21057,Puebla,2017,0,0,Honey,21057 – Honey,6964,13374
Honey,21057,Puebla,2018,0,0,Honey,21057 – Honey,6964,13374
Honey,21057,Puebla,2019,0,0,Honey,21057 – Honey,6964,13374
Honey,21057,Puebla,2020,0,0,Honey,21057 – Honey,6964,13374
Honey,21057,Puebla,2021,0,0,Honey,21057 – Honey,6964,13374
Honey,21057,Puebla,2022,0,0,Honey,21057 – Honey,6964,13374
Honey,21057,Puebla,2023,0,0,Honey,21057 – Honey,6964,13374
Honey,21057,Puebla,2024,0,0,Honey,21057 – Honey,6964,13374
Honey,21057,Puebla,2025,0,0,Honey,21057 – Honey,6964,13374
Chilchotla,21058,Puebla,2015,0,0,Chilchotla,21058 – Chilchotla,21183,42020
Chilchotla,21058,Puebla,2016,0,0,Chilchotla,21058 – Chilchotla,21183,42020
Chilchotla,21058,Puebla,2017,0,0,Chilchotla,21058 – Chilchotla,21183,42020
Chilchotla,21058,Puebla,2018,0,0,Chilchotla,21058 – Chilchotla,21183,42020
Chilchotla,21058,Puebla,2019,0,0,Chilchotla,21058 – Chilchotla,21183,42020
Chilchotla,21058,Puebla,2020,0,0,Chilchotla,21058 – Chilchotla,21183,42020
Chilchotla,21058,Puebla,2021,0,0,Chilchotla,21058 – Chilchotla,21183,42020
Chilchotla,21058,Puebla,2022,0,0,Chilchotla,21058 – Chilchotla,21183,42020
Chilchotla,21058,Puebla,2023,0,0,Chilchotla,21058 – Chilchotla,21183,42020
Chilchotla,21058,Puebla,2024,0,0,Chilchotla,21058 – Chilchotla,21183,42020
Chilchotla,21058,Puebla,2025,0,0,Chilchotla,21058 – Chilchotla,21183,42020
Chinantla,21059,Puebla,2015,0,0,Chinantla,21059 – Chinantla,2922,5719
Chinantla,21059,Puebla,2016,0,0,Chinantla,21059 – Chinantla,2922,5719
Chinantla,21059,Puebla,2017,0,0,Chinantla,21059 – Chinantla,2922,5719
Chinantla,21059,Puebla,2018,0,0,Chinantla,21059 – Chinantla,2922,5719
Chinantla,21059,Puebla,2019,0,0,Chinantla,21059 – Chinantla,2922,5719
Chinantla,21059,Puebla,2020,0,0,Chinantla,21059 – Chinantla,2922,5719
Chinantla,21059,Puebla,2021,0,0,Chinantla,21059 – Chinantla,2922,5719
Chinantla,21059,Puebla,2022,0,0,Chinantla,21059 – Chinantla,2922,5719
Chinantla,21059,Puebla,2023,0,0,Chinantla,21059 – Chinantla,2922,5719
Chinantla,21059,Puebla,2024,0,0,Chinantla,21059 – Chinantla,2922,5719
Chinantla,21059,Puebla,2025,0,0,Chinantla,21059 – Chinantla,2922,5719
Domingo Arenas,21060,Puebla,2015,0,0,Domingo Arenas,21060 – Domingo Arenas,8298,15981
Domingo Arenas,21060,Puebla,2016,0,0,Domingo Arenas,21060 – Domingo Arenas,8298,15981
Domingo Arenas,21060,Puebla,2017,0,0,Domingo Arenas,21060 – Domingo Arenas,8298,15981
Domingo Arenas,21060,Puebla,2018,0,0,Domingo Arenas,21060 – Domingo Arenas,8298,15981
Domingo Arenas,21060,Puebla,2019,1,12.05109664979513,Domingo Arenas,21060 – Domingo Arenas,8298,15981
Domingo Arenas,21060,Puebla,2020,0,0,Domingo Arenas,21060 – Domingo Arenas,8298,15981
Domingo Arenas,21060,Puebla,2021,0,0,Domingo Arenas,21060 – Domingo Arenas,8298,15981
Domingo Arenas,21060,Puebla,2022,0,0,Domingo Arenas,21060 – Domingo Arenas,8298,15981
Domingo Arenas,21060,Puebla,2023,1,12.05109664979513,Domingo Arenas,21060 – Domingo Arenas,8298,15981
Domingo Arenas,21060,Puebla,2024,0,0,Domingo Arenas,21060 – Domingo Arenas,8298,15981
Domingo Arenas,21060,Puebla,2025,0,0,Domingo Arenas,21060 – Domingo Arenas,8298,15981
Eloxochitlã¡N,21061,Puebla,2015,0,0,Eloxochitlã¡N,21061 – Eloxochitlã¡N,14782,28930
Eloxochitlã¡N,21061,Puebla,2016,0,0,Eloxochitlã¡N,21061 – Eloxochitlã¡N,14782,28930
Eloxochitlã¡N,21061,Puebla,2017,0,0,Eloxochitlã¡N,21061 – Eloxochitlã¡N,14782,28930
Eloxochitlã¡N,21061,Puebla,2018,0,0,Eloxochitlã¡N,21061 – Eloxochitlã¡N,14782,28930
Eloxochitlã¡N,21061,Puebla,2019,2,13.529968881071573,Eloxochitlã¡N,21061 – Eloxochitlã¡N,14782,28930
Eloxochitlã¡N,21061,Puebla,2020,0,0,Eloxochitlã¡N,21061 – Eloxochitlã¡N,14782,28930
Eloxochitlã¡N,21061,Puebla,2021,0,0,Eloxochitlã¡N,21061 – Eloxochitlã¡N,14782,28930
Eloxochitlã¡N,21061,Puebla,2022,0,0,Eloxochitlã¡N,21061 – Eloxochitlã¡N,14782,28930
Eloxochitlã¡N,21061,Puebla,2023,0,0,Eloxochitlã¡N,21061 – Eloxochitlã¡N,14782,28930
Eloxochitlã¡N,21061,Puebla,2024,0,0,Eloxochitlã¡N,21061 – Eloxochitlã¡N,14782,28930
Eloxochitlã¡N,21061,Puebla,2025,0,0,Eloxochitlã¡N,21061 – Eloxochitlã¡N,14782,28930
Epatlã¡N,21062,Puebla,2015,0,0,Epatlã¡N,21062 – Epatlã¡N,5044,9902
Epatlã¡N,21062,Puebla,2016,0,0,Epatlã¡N,21062 – Epatlã¡N,5044,9902
Epatlã¡N,21062,Puebla,2017,0,0,Epatlã¡N,21062 – Epatlã¡N,5044,9902
Epatlã¡N,21062,Puebla,2018,0,0,Epatlã¡N,21062 – Epatlã¡N,5044,9902
Epatlã¡N,21062,Puebla,2019,0,0,Epatlã¡N,21062 – Epatlã¡N,5044,9902
Epatlã¡N,21062,Puebla,2020,0,0,Epatlã¡N,21062 – Epatlã¡N,5044,9902
Epatlã¡N,21062,Puebla,2021,0,0,Epatlã¡N,21062 – Epatlã¡N,5044,9902
Epatlã¡N,21062,Puebla,2022,0,0,Epatlã¡N,21062 – Epatlã¡N,5044,9902
Epatlã¡N,21062,Puebla,2023,0,0,Epatlã¡N,21062 – Epatlã¡N,5044,9902
Epatlã¡N,21062,Puebla,2024,0,0,Epatlã¡N,21062 – Epatlã¡N,5044,9902
Epatlã¡N,21062,Puebla,2025,0,0,Epatlã¡N,21062 – Epatlã¡N,5044,9902
Esperanza,21063,Puebla,2015,0,0,Esperanza,21063 – Esperanza,15349,29546
Esperanza,21063,Puebla,2016,0,0,Esperanza,21063 – Esperanza,15349,29546
Esperanza,21063,Puebla,2017,0,0,Esperanza,21063 – Esperanza,15349,29546
Esperanza,21063,Puebla,2018,0,0,Esperanza,21063 – Esperanza,15349,29546
Esperanza,21063,Puebla,2019,0,0,Esperanza,21063 – Esperanza,15349,29546
Esperanza,21063,Puebla,2020,0,0,Esperanza,21063 – Esperanza,15349,29546
Esperanza,21063,Puebla,2021,0,0,Esperanza,21063 – Esperanza,15349,29546
Esperanza,21063,Puebla,2022,1,6.51508241579256,Esperanza,21063 – Esperanza,15349,29546
Esperanza,21063,Puebla,2023,0,0,Esperanza,21063 – Esperanza,15349,29546
Esperanza,21063,Puebla,2024,0,0,Esperanza,21063 – Esperanza,15349,29546
Esperanza,21063,Puebla,2025,0,0,Esperanza,21063 – Esperanza,15349,29546
Francisco Z. Mena,21064,Puebla,2015,0,0,Francisco Z. Mena,21064 – Francisco Z. Mena,17914,35790
Francisco Z. Mena,21064,Puebla,2016,0,0,Francisco Z. Mena,21064 – Francisco Z. Mena,17914,35790
Francisco Z. Mena,21064,Puebla,2017,0,0,Francisco Z. Mena,21064 – Francisco Z. Mena,17914,35790
Francisco Z. Mena,21064,Puebla,2018,0,0,Francisco Z. Mena,21064 – Francisco Z. Mena,17914,35790
Francisco Z. Mena,21064,Puebla,2019,0,0,Francisco Z. Mena,21064 – Francisco Z. Mena,17914,35790
Francisco Z. Mena,21064,Puebla,2020,0,0,Francisco Z. Mena,21064 – Francisco Z. Mena,17914,35790
Francisco Z. Mena,21064,Puebla,2021,1,5.582226191805292,Francisco Z. Mena,21064 – Francisco Z. Mena,17914,35790
Francisco Z. Mena,21064,Puebla,2022,1,5.582226191805292,Francisco Z. Mena,21064 – Francisco Z. Mena,17914,35790
Francisco Z. Mena,21064,Puebla,2023,0,0,Francisco Z. Mena,21064 – Francisco Z. Mena,17914,35790
Francisco Z. Mena,21064,Puebla,2024,0,0,Francisco Z. Mena,21064 – Francisco Z. Mena,17914,35790
Francisco Z. Mena,21064,Puebla,2025,0,0,Francisco Z. Mena,21064 – Francisco Z. Mena,17914,35790
General Felipe ÃNgeles,21065,Puebla,2015,0,0,General Felipe ÃNgeles,21065 – General Felipe ÃNgeles,23424,45414
General Felipe ÃNgeles,21065,Puebla,2016,0,0,General Felipe ÃNgeles,21065 – General Felipe ÃNgeles,23424,45414
General Felipe ÃNgeles,21065,Puebla,2017,0,0,General Felipe ÃNgeles,21065 – General Felipe ÃNgeles,23424,45414
General Felipe ÃNgeles,21065,Puebla,2018,0,0,General Felipe ÃNgeles,21065 – General Felipe ÃNgeles,23424,45414
General Felipe ÃNgeles,21065,Puebla,2019,0,0,General Felipe ÃNgeles,21065 – General Felipe ÃNgeles,23424,45414
General Felipe ÃNgeles,21065,Puebla,2020,0,0,General Felipe ÃNgeles,21065 – General Felipe ÃNgeles,23424,45414
General Felipe ÃNgeles,21065,Puebla,2021,0,0,General Felipe ÃNgeles,21065 – General Felipe ÃNgeles,23424,45414
General Felipe ÃNgeles,21065,Puebla,2022,0,0,General Felipe ÃNgeles,21065 – General Felipe ÃNgeles,23424,45414
General Felipe ÃNgeles,21065,Puebla,2023,0,0,General Felipe ÃNgeles,21065 – General Felipe ÃNgeles,23424,45414
General Felipe ÃNgeles,21065,Puebla,2024,0,0,General Felipe ÃNgeles,21065 – General Felipe ÃNgeles,23424,45414
General Felipe ÃNgeles,21065,Puebla,2025,0,0,General Felipe ÃNgeles,21065 – General Felipe ÃNgeles,23424,45414
Guadalupe,21066,Puebla,2015,0,0,Guadalupe,21066 – Guadalupe,6873,12916
Guadalupe,21066,Puebla,2016,0,0,Guadalupe,21066 – Guadalupe,6873,12916
Guadalupe,21066,Puebla,2017,0,0,Guadalupe,21066 – Guadalupe,6873,12916
Guadalupe,21066,Puebla,2018,0,0,Guadalupe,21066 – Guadalupe,6873,12916
Guadalupe,21066,Puebla,2019,0,0,Guadalupe,21066 – Guadalupe,6873,12916
Guadalupe,21066,Puebla,2020,0,0,Guadalupe,21066 – Guadalupe,6873,12916
Guadalupe,21066,Puebla,2021,0,0,Guadalupe,21066 – Guadalupe,6873,12916
Guadalupe,21066,Puebla,2022,0,0,Guadalupe,21066 – Guadalupe,6873,12916
Guadalupe,21066,Puebla,2023,0,0,Guadalupe,21066 – Guadalupe,6873,12916
Guadalupe,21066,Puebla,2024,0,0,Guadalupe,21066 – Guadalupe,6873,12916
Guadalupe,21066,Puebla,2025,0,0,Guadalupe,21066 – Guadalupe,6873,12916
Guadalupe Victoria,21067,Puebla,2015,0,0,Guadalupe Victoria,21067 – Guadalupe Victoria,19150,37630
Guadalupe Victoria,21067,Puebla,2016,0,0,Guadalupe Victoria,21067 – Guadalupe Victoria,19150,37630
Guadalupe Victoria,21067,Puebla,2017,0,0,Guadalupe Victoria,21067 – Guadalupe Victoria,19150,37630
Guadalupe Victoria,21067,Puebla,2018,0,0,Guadalupe Victoria,21067 – Guadalupe Victoria,19150,37630
Guadalupe Victoria,21067,Puebla,2019,0,0,Guadalupe Victoria,21067 – Guadalupe Victoria,19150,37630
Guadalupe Victoria,21067,Puebla,2020,0,0,Guadalupe Victoria,21067 – Guadalupe Victoria,19150,37630
Guadalupe Victoria,21067,Puebla,2021,0,0,Guadalupe Victoria,21067 – Guadalupe Victoria,19150,37630
Guadalupe Victoria,21067,Puebla,2022,0,0,Guadalupe Victoria,21067 – Guadalupe Victoria,19150,37630
Guadalupe Victoria,21067,Puebla,2023,1,5.221932114882507,Guadalupe Victoria,21067 – Guadalupe Victoria,19150,37630
Guadalupe Victoria,21067,Puebla,2024,0,0,Guadalupe Victoria,21067 – Guadalupe Victoria,19150,37630
Guadalupe Victoria,21067,Puebla,2025,0,0,Guadalupe Victoria,21067 – Guadalupe Victoria,19150,37630
Hermenegildo Galeana,21068,Puebla,2015,0,0,Hermenegildo Galeana,21068 – Hermenegildo Galeana,7266,14022
Hermenegildo Galeana,21068,Puebla,2016,0,0,Hermenegildo Galeana,21068 – Hermenegildo Galeana,7266,14022
Hermenegildo Galeana,21068,Puebla,2017,0,0,Hermenegildo Galeana,21068 – Hermenegildo Galeana,7266,14022
Hermenegildo Galeana,21068,Puebla,2018,0,0,Hermenegildo Galeana,21068 – Hermenegildo Galeana,7266,14022
Hermenegildo Galeana,21068,Puebla,2019,0,0,Hermenegildo Galeana,21068 – Hermenegildo Galeana,7266,14022
Hermenegildo Galeana,21068,Puebla,2020,0,0,Hermenegildo Galeana,21068 – Hermenegildo Galeana,7266,14022
Hermenegildo Galeana,21068,Puebla,2021,0,0,Hermenegildo Galeana,21068 – Hermenegildo Galeana,7266,14022
Hermenegildo Galeana,21068,Puebla,2022,0,0,Hermenegildo Galeana,21068 – Hermenegildo Galeana,7266,14022
Hermenegildo Galeana,21068,Puebla,2023,0,0,Hermenegildo Galeana,21068 – Hermenegildo Galeana,7266,14022
Hermenegildo Galeana,21068,Puebla,2024,0,0,Hermenegildo Galeana,21068 – Hermenegildo Galeana,7266,14022
Hermenegildo Galeana,21068,Puebla,2025,0,0,Hermenegildo Galeana,21068 – Hermenegildo Galeana,7266,14022
Huaquechula,21069,Puebla,2015,0,0,Huaquechula,21069 – Huaquechula,30866,58490
Huaquechula,21069,Puebla,2016,0,0,Huaquechula,21069 – Huaquechula,30866,58490
Huaquechula,21069,Puebla,2017,1,3.239810795049569,Huaquechula,21069 – Huaquechula,30866,58490
Huaquechula,21069,Puebla,2018,0,0,Huaquechula,21069 – Huaquechula,30866,58490
Huaquechula,21069,Puebla,2019,0,0,Huaquechula,21069 – Huaquechula,30866,58490
Huaquechula,21069,Puebla,2020,0,0,Huaquechula,21069 – Huaquechula,30866,58490
Huaquechula,21069,Puebla,2021,0,0,Huaquechula,21069 – Huaquechula,30866,58490
Huaquechula,21069,Puebla,2022,0,0,Huaquechula,21069 – Huaquechula,30866,58490
Huaquechula,21069,Puebla,2023,0,0,Huaquechula,21069 – Huaquechula,30866,58490
Huaquechula,21069,Puebla,2024,0,0,Huaquechula,21069 – Huaquechula,30866,58490
Huaquechula,21069,Puebla,2025,0,0,Huaquechula,21069 – Huaquechula,30866,58490
Huatlatlauca,21070,Puebla,2015,0,0,Huatlatlauca,21070 – Huatlatlauca,6646,12234
Huatlatlauca,21070,Puebla,2016,0,0,Huatlatlauca,21070 – Huatlatlauca,6646,12234
Huatlatlauca,21070,Puebla,2017,0,0,Huatlatlauca,21070 – Huatlatlauca,6646,12234
Huatlatlauca,21070,Puebla,2018,0,0,Huatlatlauca,21070 – Huatlatlauca,6646,12234
Huatlatlauca,21070,Puebla,2019,0,0,Huatlatlauca,21070 – Huatlatlauca,6646,12234
Huatlatlauca,21070,Puebla,2020,0,0,Huatlatlauca,21070 – Huatlatlauca,6646,12234
Huatlatlauca,21070,Puebla,2021,0,0,Huatlatlauca,21070 – Huatlatlauca,6646,12234
Huatlatlauca,21070,Puebla,2022,0,0,Huatlatlauca,21070 – Huatlatlauca,6646,12234
Huatlatlauca,21070,Puebla,2023,0,0,Huatlatlauca,21070 – Huatlatlauca,6646,12234
Huatlatlauca,21070,Puebla,2024,0,0,Huatlatlauca,21070 – Huatlatlauca,6646,12234
Huatlatlauca,21070,Puebla,2025,0,0,Huatlatlauca,21070 – Huatlatlauca,6646,12234
Huauchinango,21071,Puebla,2015,0,0,Huauchinango,21071 – Huauchinango,110256,207918
Huauchinango,21071,Puebla,2016,0,0,Huauchinango,21071 – Huauchinango,110256,207918
Huauchinango,21071,Puebla,2017,0,0,Huauchinango,21071 – Huauchinango,110256,207918
Huauchinango,21071,Puebla,2018,0,0,Huauchinango,21071 – Huauchinango,110256,207918
Huauchinango,21071,Puebla,2019,2,1.8139602379915831,Huauchinango,21071 – Huauchinango,110256,207918
Huauchinango,21071,Puebla,2020,0,0,Huauchinango,21071 – Huauchinango,110256,207918
Huauchinango,21071,Puebla,2021,0,0,Huauchinango,21071 – Huauchinango,110256,207918
Huauchinango,21071,Puebla,2022,2,1.8139602379915831,Huauchinango,21071 – Huauchinango,110256,207918
Huauchinango,21071,Puebla,2023,0,0,Huauchinango,21071 – Huauchinango,110256,207918
Huauchinango,21071,Puebla,2024,0,0,Huauchinango,21071 – Huauchinango,110256,207918
Huauchinango,21071,Puebla,2025,0,0,Huauchinango,21071 – Huauchinango,110256,207918
Huehuetla,21072,Puebla,2015,0,0,Huehuetla,21072 – Huehuetla,17418,34164
Huehuetla,21072,Puebla,2016,0,0,Huehuetla,21072 – Huehuetla,17418,34164
Huehuetla,21072,Puebla,2017,0,0,Huehuetla,21072 – Huehuetla,17418,34164
Huehuetla,21072,Puebla,2018,0,0,Huehuetla,21072 – Huehuetla,17418,34164
Huehuetla,21072,Puebla,2019,0,0,Huehuetla,21072 – Huehuetla,17418,34164
Huehuetla,21072,Puebla,2020,1,5.741187277528993,Huehuetla,21072 – Huehuetla,17418,34164
Huehuetla,21072,Puebla,2021,0,0,Huehuetla,21072 – Huehuetla,17418,34164
Huehuetla,21072,Puebla,2022,0,0,Huehuetla,21072 – Huehuetla,17418,34164
Huehuetla,21072,Puebla,2023,0,0,Huehuetla,21072 – Huehuetla,17418,34164
Huehuetla,21072,Puebla,2024,0,0,Huehuetla,21072 – Huehuetla,17418,34164
Huehuetla,21072,Puebla,2025,1,5.741187277528993,Huehuetla,21072 – Huehuetla,17418,34164
Huehuetlã¡N El Chico,21073,Puebla,2015,0,0,Huehuetlã¡N El Chico,21073 – Huehuetlã¡N El Chico,9930,19541
Huehuetlã¡N El Chico,21073,Puebla,2016,0,0,Huehuetlã¡N El Chico,21073 – Huehuetlã¡N El Chico,9930,19541
Huehuetlã¡N El Chico,21073,Puebla,2017,0,0,Huehuetlã¡N El Chico,21073 – Huehuetlã¡N El Chico,9930,19541
Huehuetlã¡N El Chico,21073,Puebla,2018,0,0,Huehuetlã¡N El Chico,21073 – Huehuetlã¡N El Chico,9930,19541
Huehuetlã¡N El Chico,21073,Puebla,2019,0,0,Huehuetlã¡N El Chico,21073 – Huehuetlã¡N El Chico,9930,19541
Huehuetlã¡N El Chico,21073,Puebla,2020,0,0,Huehuetlã¡N El Chico,21073 – Huehuetlã¡N El Chico,9930,19541
Huehuetlã¡N El Chico,21073,Puebla,2021,0,0,Huehuetlã¡N El Chico,21073 – Huehuetlã¡N El Chico,9930,19541
Huehuetlã¡N El Chico,21073,Puebla,2022,0,0,Huehuetlã¡N El Chico,21073 – Huehuetlã¡N El Chico,9930,19541
Huehuetlã¡N El Chico,21073,Puebla,2023,0,0,Huehuetlã¡N El Chico,21073 – Huehuetlã¡N El Chico,9930,19541
Huehuetlã¡N El Chico,21073,Puebla,2024,0,0,Huehuetlã¡N El Chico,21073 – Huehuetlã¡N El Chico,9930,19541
Huehuetlã¡N El Chico,21073,Puebla,2025,0,0,Huehuetlã¡N El Chico,21073 – Huehuetlã¡N El Chico,9930,19541
Huejotzingo,21074,Puebla,2015,0,0,Huejotzingo,21074 – Huejotzingo,93435,181617
Huejotzingo,21074,Puebla,2016,0,0,Huejotzingo,21074 – Huejotzingo,93435,181617
Huejotzingo,21074,Puebla,2017,1,1.0702627495050034,Huejotzingo,21074 – Huejotzingo,93435,181617
Huejotzingo,21074,Puebla,2018,1,1.0702627495050034,Huejotzingo,21074 – Huejotzingo,93435,181617
Huejotzingo,21074,Puebla,2019,1,1.0702627495050034,Huejotzingo,21074 – Huejotzingo,93435,181617
Huejotzingo,21074,Puebla,2020,1,1.0702627495050034,Huejotzingo,21074 – Huejotzingo,93435,181617
Huejotzingo,21074,Puebla,2021,0,0,Huejotzingo,21074 – Huejotzingo,93435,181617
Huejotzingo,21074,Puebla,2022,0,0,Huejotzingo,21074 – Huejotzingo,93435,181617
Huejotzingo,21074,Puebla,2023,1,1.0702627495050034,Huejotzingo,21074 – Huejotzingo,93435,181617
Huejotzingo,21074,Puebla,2024,1,1.0702627495050034,Huejotzingo,21074 – Huejotzingo,93435,181617
Huejotzingo,21074,Puebla,2025,0,0,Huejotzingo,21074 – Huejotzingo,93435,181617
Hueyapan,21075,Puebla,2015,0,0,Hueyapan,21075 – Hueyapan,13642,26161
Hueyapan,21075,Puebla,2016,0,0,Hueyapan,21075 – Hueyapan,13642,26161
Hueyapan,21075,Puebla,2017,0,0,Hueyapan,21075 – Hueyapan,13642,26161
Hueyapan,21075,Puebla,2018,0,0,Hueyapan,21075 – Hueyapan,13642,26161
Hueyapan,21075,Puebla,2019,0,0,Hueyapan,21075 – Hueyapan,13642,26161
Hueyapan,21075,Puebla,2020,0,0,Hueyapan,21075 – Hueyapan,13642,26161
Hueyapan,21075,Puebla,2021,0,0,Hueyapan,21075 – Hueyapan,13642,26161
Hueyapan,21075,Puebla,2022,0,0,Hueyapan,21075 – Hueyapan,13642,26161
Hueyapan,21075,Puebla,2023,0,0,Hueyapan,21075 – Hueyapan,13642,26161
Hueyapan,21075,Puebla,2024,0,0,Hueyapan,21075 – Hueyapan,13642,26161
Hueyapan,21075,Puebla,2025,0,0,Hueyapan,21075 – Hueyapan,13642,26161
Hueytamalco,21076,Puebla,2015,0,0,Hueytamalco,21076 – Hueytamalco,28006,55332
Hueytamalco,21076,Puebla,2016,0,0,Hueytamalco,21076 – Hueytamalco,28006,55332
Hueytamalco,21076,Puebla,2017,0,0,Hueytamalco,21076 – Hueytamalco,28006,55332
Hueytamalco,21076,Puebla,2018,0,0,Hueytamalco,21076 – Hueytamalco,28006,55332
Hueytamalco,21076,Puebla,2019,0,0,Hueytamalco,21076 – Hueytamalco,28006,55332
Hueytamalco,21076,Puebla,2020,0,0,Hueytamalco,21076 – Hueytamalco,28006,55332
Hueytamalco,21076,Puebla,2021,2,7.141326858530315,Hueytamalco,21076 – Hueytamalco,28006,55332
Hueytamalco,21076,Puebla,2022,0,0,Hueytamalco,21076 – Hueytamalco,28006,55332
Hueytamalco,21076,Puebla,2023,1,3.5706634292651573,Hueytamalco,21076 – Hueytamalco,28006,55332
Hueytamalco,21076,Puebla,2024,0,0,Hueytamalco,21076 – Hueytamalco,28006,55332
Hueytamalco,21076,Puebla,2025,0,0,Hueytamalco,21076 – Hueytamalco,28006,55332
Hueytlalpan,21077,Puebla,2015,0,0,Hueytlalpan,21077 – Hueytlalpan,6048,11927
Hueytlalpan,21077,Puebla,2016,0,0,Hueytlalpan,21077 – Hueytlalpan,6048,11927
Hueytlalpan,21077,Puebla,2017,0,0,Hueytlalpan,21077 – Hueytlalpan,6048,11927
Hueytlalpan,21077,Puebla,2018,0,0,Hueytlalpan,21077 – Hueytlalpan,6048,11927
Hueytlalpan,21077,Puebla,2019,0,0,Hueytlalpan,21077 – Hueytlalpan,6048,11927
Hueytlalpan,21077,Puebla,2020,0,0,Hueytlalpan,21077 – Hueytlalpan,6048,11927
Hueytlalpan,21077,Puebla,2021,0,0,Hueytlalpan,21077 – Hueytlalpan,6048,11927
Hueytlalpan,21077,Puebla,2022,0,0,Hueytlalpan,21077 – Hueytlalpan,6048,11927
Hueytlalpan,21077,Puebla,2023,0,0,Hueytlalpan,21077 – Hueytlalpan,6048,11927
Hueytlalpan,21077,Puebla,2024,0,0,Hueytlalpan,21077 – Hueytlalpan,6048,11927
Hueytlalpan,21077,Puebla,2025,0,0,Hueytlalpan,21077 – Hueytlalpan,6048,11927
Huitzilan De Serdã¡N,21078,Puebla,2015,0,0,Huitzilan De Serdã¡N,21078 – Huitzilan De Serdã¡N,15672,31856
Huitzilan De Serdã¡N,21078,Puebla,2016,0,0,Huitzilan De Serdã¡N,21078 – Huitzilan De Serdã¡N,15672,31856
Huitzilan De Serdã¡N,21078,Puebla,2017,0,0,Huitzilan De Serdã¡N,21078 – Huitzilan De Serdã¡N,15672,31856
Huitzilan De Serdã¡N,21078,Puebla,2018,0,0,Huitzilan De Serdã¡N,21078 – Huitzilan De Serdã¡N,15672,31856
Huitzilan De Serdã¡N,21078,Puebla,2019,1,6.380806533945891,Huitzilan De Serdã¡N,21078 – Huitzilan De Serdã¡N,15672,31856
Huitzilan De Serdã¡N,21078,Puebla,2020,0,0,Huitzilan De Serdã¡N,21078 – Huitzilan De Serdã¡N,15672,31856
Huitzilan De Serdã¡N,21078,Puebla,2021,0,0,Huitzilan De Serdã¡N,21078 – Huitzilan De Serdã¡N,15672,31856
Huitzilan De Serdã¡N,21078,Puebla,2022,0,0,Huitzilan De Serdã¡N,21078 – Huitzilan De Serdã¡N,15672,31856
Huitzilan De Serdã¡N,21078,Puebla,2023,0,0,Huitzilan De Serdã¡N,21078 – Huitzilan De Serdã¡N,15672,31856
Huitzilan De Serdã¡N,21078,Puebla,2024,0,0,Huitzilan De Serdã¡N,21078 – Huitzilan De Serdã¡N,15672,31856
Huitzilan De Serdã¡N,21078,Puebla,2025,0,0,Huitzilan De Serdã¡N,21078 – Huitzilan De Serdã¡N,15672,31856
Huitziltepec,21079,Puebla,2015,0,0,Huitziltepec,21079 – Huitziltepec,5966,11571
Huitziltepec,21079,Puebla,2016,0,0,Huitziltepec,21079 – Huitziltepec,5966,11571
Huitziltepec,21079,Puebla,2017,0,0,Huitziltepec,21079 – Huitziltepec,5966,11571
Huitziltepec,21079,Puebla,2018,0,0,Huitziltepec,21079 – Huitziltepec,5966,11571
Huitziltepec,21079,Puebla,2019,0,0,Huitziltepec,21079 – Huitziltepec,5966,11571
Huitziltepec,21079,Puebla,2020,0,0,Huitziltepec,21079 – Huitziltepec,5966,11571
Huitziltepec,21079,Puebla,2021,0,0,Huitziltepec,21079 – Huitziltepec,5966,11571
Huitziltepec,21079,Puebla,2022,0,0,Huitziltepec,21079 – Huitziltepec,5966,11571
Huitziltepec,21079,Puebla,2023,0,0,Huitziltepec,21079 – Huitziltepec,5966,11571
Huitziltepec,21079,Puebla,2024,0,0,Huitziltepec,21079 – Huitziltepec,5966,11571
Huitziltepec,21079,Puebla,2025,0,0,Huitziltepec,21079 – Huitziltepec,5966,11571
Atlequizayan,21080,Puebla,2015,0,0,Atlequizayan,21080 – Atlequizayan,2810,5266
Atlequizayan,21080,Puebla,2016,0,0,Atlequizayan,21080 – Atlequizayan,2810,5266
Atlequizayan,21080,Puebla,2017,0,0,Atlequizayan,21080 – Atlequizayan,2810,5266
Atlequizayan,21080,Puebla,2018,0,0,Atlequizayan,21080 – Atlequizayan,2810,5266
Atlequizayan,21080,Puebla,2019,0,0,Atlequizayan,21080 – Atlequizayan,2810,5266
Atlequizayan,21080,Puebla,2020,0,0,Atlequizayan,21080 – Atlequizayan,2810,5266
Atlequizayan,21080,Puebla,2021,0,0,Atlequizayan,21080 – Atlequizayan,2810,5266
Atlequizayan,21080,Puebla,2022,0,0,Atlequizayan,21080 – Atlequizayan,2810,5266
Atlequizayan,21080,Puebla,2023,0,0,Atlequizayan,21080 – Atlequizayan,2810,5266
Atlequizayan,21080,Puebla,2024,0,0,Atlequizayan,21080 – Atlequizayan,2810,5266
Atlequizayan,21080,Puebla,2025,0,0,Atlequizayan,21080 – Atlequizayan,2810,5266
Ixcamilpa De Guerrero,21081,Puebla,2015,0,0,Ixcamilpa De Guerrero,21081 – Ixcamilpa De Guerrero,4234,8143
Ixcamilpa De Guerrero,21081,Puebla,2016,0,0,Ixcamilpa De Guerrero,21081 – Ixcamilpa De Guerrero,4234,8143
Ixcamilpa De Guerrero,21081,Puebla,2017,0,0,Ixcamilpa De Guerrero,21081 – Ixcamilpa De Guerrero,4234,8143
Ixcamilpa De Guerrero,21081,Puebla,2018,0,0,Ixcamilpa De Guerrero,21081 – Ixcamilpa De Guerrero,4234,8143
Ixcamilpa De Guerrero,21081,Puebla,2019,0,0,Ixcamilpa De Guerrero,21081 – Ixcamilpa De Guerrero,4234,8143
Ixcamilpa De Guerrero,21081,Puebla,2020,0,0,Ixcamilpa De Guerrero,21081 – Ixcamilpa De Guerrero,4234,8143
Ixcamilpa De Guerrero,21081,Puebla,2021,0,0,Ixcamilpa De Guerrero,21081 – Ixcamilpa De Guerrero,4234,8143
Ixcamilpa De Guerrero,21081,Puebla,2022,0,0,Ixcamilpa De Guerrero,21081 – Ixcamilpa De Guerrero,4234,8143
Ixcamilpa De Guerrero,21081,Puebla,2023,0,0,Ixcamilpa De Guerrero,21081 – Ixcamilpa De Guerrero,4234,8143
Ixcamilpa De Guerrero,21081,Puebla,2024,0,0,Ixcamilpa De Guerrero,21081 – Ixcamilpa De Guerrero,4234,8143
Ixcamilpa De Guerrero,21081,Puebla,2025,0,0,Ixcamilpa De Guerrero,21081 – Ixcamilpa De Guerrero,4234,8143
Ixcaquixtla,21082,Puebla,2015,0,0,Ixcaquixtla,21082 – Ixcaquixtla,9221,17612
Ixcaquixtla,21082,Puebla,2016,0,0,Ixcaquixtla,21082 – Ixcaquixtla,9221,17612
Ixcaquixtla,21082,Puebla,2017,0,0,Ixcaquixtla,21082 – Ixcaquixtla,9221,17612
Ixcaquixtla,21082,Puebla,2018,0,0,Ixcaquixtla,21082 – Ixcaquixtla,9221,17612
Ixcaquixtla,21082,Puebla,2019,0,0,Ixcaquixtla,21082 – Ixcaquixtla,9221,17612
Ixcaquixtla,21082,Puebla,2020,0,0,Ixcaquixtla,21082 – Ixcaquixtla,9221,17612
Ixcaquixtla,21082,Puebla,2021,0,0,Ixcaquixtla,21082 – Ixcaquixtla,9221,17612
Ixcaquixtla,21082,Puebla,2022,0,0,Ixcaquixtla,21082 – Ixcaquixtla,9221,17612
Ixcaquixtla,21082,Puebla,2023,0,0,Ixcaquixtla,21082 – Ixcaquixtla,9221,17612
Ixcaquixtla,21082,Puebla,2024,0,0,Ixcaquixtla,21082 – Ixcaquixtla,9221,17612
Ixcaquixtla,21082,Puebla,2025,0,0,Ixcaquixtla,21082 – Ixcaquixtla,9221,17612
Ixtacamaxtitlã¡N,21083,Puebla,2015,0,0,Ixtacamaxtitlã¡N,21083 – Ixtacamaxtitlã¡N,25654,50669
Ixtacamaxtitlã¡N,21083,Puebla,2016,0,0,Ixtacamaxtitlã¡N,21083 – Ixtacamaxtitlã¡N,25654,50669
Ixtacamaxtitlã¡N,21083,Puebla,2017,0,0,Ixtacamaxtitlã¡N,21083 – Ixtacamaxtitlã¡N,25654,50669
Ixtacamaxtitlã¡N,21083,Puebla,2018,0,0,Ixtacamaxtitlã¡N,21083 – Ixtacamaxtitlã¡N,25654,50669
Ixtacamaxtitlã¡N,21083,Puebla,2019,0,0,Ixtacamaxtitlã¡N,21083 – Ixtacamaxtitlã¡N,25654,50669
Ixtacamaxtitlã¡N,21083,Puebla,2020,0,0,Ixtacamaxtitlã¡N,21083 – Ixtacamaxtitlã¡N,25654,50669
Ixtacamaxtitlã¡N,21083,Puebla,2021,0,0,Ixtacamaxtitlã¡N,21083 – Ixtacamaxtitlã¡N,25654,50669
Ixtacamaxtitlã¡N,21083,Puebla,2022,0,0,Ixtacamaxtitlã¡N,21083 – Ixtacamaxtitlã¡N,25654,50669
Ixtacamaxtitlã¡N,21083,Puebla,2023,1,3.898027598035394,Ixtacamaxtitlã¡N,21083 – Ixtacamaxtitlã¡N,25654,50669
Ixtacamaxtitlã¡N,21083,Puebla,2024,1,3.898027598035394,Ixtacamaxtitlã¡N,21083 – Ixtacamaxtitlã¡N,25654,50669
Ixtacamaxtitlã¡N,21083,Puebla,2025,0,0,Ixtacamaxtitlã¡N,21083 – Ixtacamaxtitlã¡N,25654,50669
Ixtepec,21084,Puebla,2015,0,0,Ixtepec,21084 – Ixtepec,7160,13900
Ixtepec,21084,Puebla,2016,0,0,Ixtepec,21084 – Ixtepec,7160,13900
Ixtepec,21084,Puebla,2017,0,0,Ixtepec,21084 – Ixtepec,7160,13900
Ixtepec,21084,Puebla,2018,0,0,Ixtepec,21084 – Ixtepec,7160,13900
Ixtepec,21084,Puebla,2019,0,0,Ixtepec,21084 – Ixtepec,7160,13900
Ixtepec,21084,Puebla,2020,0,0,Ixtepec,21084 – Ixtepec,7160,13900
Ixtepec,21084,Puebla,2021,0,0,Ixtepec,21084 – Ixtepec,7160,13900
Ixtepec,21084,Puebla,2022,0,0,Ixtepec,21084 – Ixtepec,7160,13900
Ixtepec,21084,Puebla,2023,0,0,Ixtepec,21084 – Ixtepec,7160,13900
Ixtepec,21084,Puebla,2024,0,0,Ixtepec,21084 – Ixtepec,7160,13900
Ixtepec,21084,Puebla,2025,0,0,Ixtepec,21084 – Ixtepec,7160,13900
Izãºcar De Matamoros,21085,Puebla,2015,0,0,Izãºcar De Matamoros,21085 – Izãºcar De Matamoros,86516,165731
Izãºcar De Matamoros,21085,Puebla,2016,0,0,Izãºcar De Matamoros,21085 – Izãºcar De Matamoros,86516,165731
Izãºcar De Matamoros,21085,Puebla,2017,0,0,Izãºcar De Matamoros,21085 – Izãºcar De Matamoros,86516,165731
Izãºcar De Matamoros,21085,Puebla,2018,1,1.1558555642886865,Izãºcar De Matamoros,21085 – Izãºcar De Matamoros,86516,165731
Izãºcar De Matamoros,21085,Puebla,2019,1,1.1558555642886865,Izãºcar De Matamoros,21085 – Izãºcar De Matamoros,86516,165731
Izãºcar De Matamoros,21085,Puebla,2020,2,2.311711128577373,Izãºcar De Matamoros,21085 – Izãºcar De Matamoros,86516,165731
Izãºcar De Matamoros,21085,Puebla,2021,0,0,Izãºcar De Matamoros,21085 – Izãºcar De Matamoros,86516,165731
Izãºcar De Matamoros,21085,Puebla,2022,0,0,Izãºcar De Matamoros,21085 – Izãºcar De Matamoros,86516,165731
Izãºcar De Matamoros,21085,Puebla,2023,0,0,Izãºcar De Matamoros,21085 – Izãºcar De Matamoros,86516,165731
Izãºcar De Matamoros,21085,Puebla,2024,1,1.1558555642886865,Izãºcar De Matamoros,21085 – Izãºcar De Matamoros,86516,165731
Izãºcar De Matamoros,21085,Puebla,2025,0,0,Izãºcar De Matamoros,21085 – Izãºcar De Matamoros,86516,165731
Jalpan,21086,Puebla,2015,0,0,Jalpan,21086 – Jalpan,12666,24195
Jalpan,21086,Puebla,2016,0,0,Jalpan,21086 – Jalpan,12666,24195
Jalpan,21086,Puebla,2017,0,0,Jalpan,21086 – Jalpan,12666,24195
Jalpan,21086,Puebla,2018,0,0,Jalpan,21086 – Jalpan,12666,24195
Jalpan,21086,Puebla,2019,0,0,Jalpan,21086 – Jalpan,12666,24195
Jalpan,21086,Puebla,2020,0,0,Jalpan,21086 – Jalpan,12666,24195
Jalpan,21086,Puebla,2021,0,0,Jalpan,21086 – Jalpan,12666,24195
Jalpan,21086,Puebla,2022,0,0,Jalpan,21086 – Jalpan,12666,24195
Jalpan,21086,Puebla,2023,1,7.8951523764408655,Jalpan,21086 – Jalpan,12666,24195
Jalpan,21086,Puebla,2024,0,0,Jalpan,21086 – Jalpan,12666,24195
Jalpan,21086,Puebla,2025,0,0,Jalpan,21086 – Jalpan,12666,24195
Jolalpan,21087,Puebla,2015,0,0,Jolalpan,21087 – Jolalpan,13777,26627
Jolalpan,21087,Puebla,2016,0,0,Jolalpan,21087 – Jolalpan,13777,26627
Jolalpan,21087,Puebla,2017,0,0,Jolalpan,21087 – Jolalpan,13777,26627
Jolalpan,21087,Puebla,2018,0,0,Jolalpan,21087 – Jolalpan,13777,26627
Jolalpan,21087,Puebla,2019,0,0,Jolalpan,21087 – Jolalpan,13777,26627
Jolalpan,21087,Puebla,2020,0,0,Jolalpan,21087 – Jolalpan,13777,26627
Jolalpan,21087,Puebla,2021,0,0,Jolalpan,21087 – Jolalpan,13777,26627
Jolalpan,21087,Puebla,2022,0,0,Jolalpan,21087 – Jolalpan,13777,26627
Jolalpan,21087,Puebla,2023,0,0,Jolalpan,21087 – Jolalpan,13777,26627
Jolalpan,21087,Puebla,2024,0,0,Jolalpan,21087 – Jolalpan,13777,26627
Jolalpan,21087,Puebla,2025,0,0,Jolalpan,21087 – Jolalpan,13777,26627
Jonotla,21088,Puebla,2015,0,0,Jonotla,21088 – Jonotla,4567,8919
Jonotla,21088,Puebla,2016,0,0,Jonotla,21088 – Jonotla,4567,8919
Jonotla,21088,Puebla,2017,0,0,Jonotla,21088 – Jonotla,4567,8919
Jonotla,21088,Puebla,2018,0,0,Jonotla,21088 – Jonotla,4567,8919
Jonotla,21088,Puebla,2019,0,0,Jonotla,21088 – Jonotla,4567,8919
Jonotla,21088,Puebla,2020,0,0,Jonotla,21088 – Jonotla,4567,8919
Jonotla,21088,Puebla,2021,0,0,Jonotla,21088 – Jonotla,4567,8919
Jonotla,21088,Puebla,2022,0,0,Jonotla,21088 – Jonotla,4567,8919
Jonotla,21088,Puebla,2023,0,0,Jonotla,21088 – Jonotla,4567,8919
Jonotla,21088,Puebla,2024,0,0,Jonotla,21088 – Jonotla,4567,8919
Jonotla,21088,Puebla,2025,0,0,Jonotla,21088 – Jonotla,4567,8919
Jopala,21089,Puebla,2015,0,0,Jopala,21089 – Jopala,12628,24294
Jopala,21089,Puebla,2016,0,0,Jopala,21089 – Jopala,12628,24294
Jopala,21089,Puebla,2017,0,0,Jopala,21089 – Jopala,12628,24294
Jopala,21089,Puebla,2018,0,0,Jopala,21089 – Jopala,12628,24294
Jopala,21089,Puebla,2019,0,0,Jopala,21089 – Jopala,12628,24294
Jopala,21089,Puebla,2020,0,0,Jopala,21089 – Jopala,12628,24294
Jopala,21089,Puebla,2021,0,0,Jopala,21089 – Jopala,12628,24294
Jopala,21089,Puebla,2022,0,0,Jopala,21089 – Jopala,12628,24294
Jopala,21089,Puebla,2023,0,0,Jopala,21089 – Jopala,12628,24294
Jopala,21089,Puebla,2024,0,0,Jopala,21089 – Jopala,12628,24294
Jopala,21089,Puebla,2025,0,0,Jopala,21089 – Jopala,12628,24294
Juan C. Bonilla,21090,Puebla,2015,0,0,Juan C. Bonilla,21090 – Juan C. Bonilla,24616,47566
Juan C. Bonilla,21090,Puebla,2016,0,0,Juan C. Bonilla,21090 – Juan C. Bonilla,24616,47566
Juan C. Bonilla,21090,Puebla,2017,0,0,Juan C. Bonilla,21090 – Juan C. Bonilla,24616,47566
Juan C. Bonilla,21090,Puebla,2018,0,0,Juan C. Bonilla,21090 – Juan C. Bonilla,24616,47566
Juan C. Bonilla,21090,Puebla,2019,0,0,Juan C. Bonilla,21090 – Juan C. Bonilla,24616,47566
Juan C. Bonilla,21090,Puebla,2020,0,0,Juan C. Bonilla,21090 – Juan C. Bonilla,24616,47566
Juan C. Bonilla,21090,Puebla,2021,0,0,Juan C. Bonilla,21090 – Juan C. Bonilla,24616,47566
Juan C. Bonilla,21090,Puebla,2022,0,0,Juan C. Bonilla,21090 – Juan C. Bonilla,24616,47566
Juan C. Bonilla,21090,Puebla,2023,0,0,Juan C. Bonilla,21090 – Juan C. Bonilla,24616,47566
Juan C. Bonilla,21090,Puebla,2024,0,0,Juan C. Bonilla,21090 – Juan C. Bonilla,24616,47566
Juan C. Bonilla,21090,Puebla,2025,0,0,Juan C. Bonilla,21090 – Juan C. Bonilla,24616,47566
Juan Galindo,21091,Puebla,2015,0,0,Juan Galindo,21091 – Juan Galindo,10536,19660
Juan Galindo,21091,Puebla,2016,0,0,Juan Galindo,21091 – Juan Galindo,10536,19660
Juan Galindo,21091,Puebla,2017,0,0,Juan Galindo,21091 – Juan Galindo,10536,19660
Juan Galindo,21091,Puebla,2018,0,0,Juan Galindo,21091 – Juan Galindo,10536,19660
Juan Galindo,21091,Puebla,2019,0,0,Juan Galindo,21091 – Juan Galindo,10536,19660
Juan Galindo,21091,Puebla,2020,0,0,Juan Galindo,21091 – Juan Galindo,10536,19660
Juan Galindo,21091,Puebla,2021,0,0,Juan Galindo,21091 – Juan Galindo,10536,19660
Juan Galindo,21091,Puebla,2022,0,0,Juan Galindo,21091 – Juan Galindo,10536,19660
Juan Galindo,21091,Puebla,2023,0,0,Juan Galindo,21091 – Juan Galindo,10536,19660
Juan Galindo,21091,Puebla,2024,0,0,Juan Galindo,21091 – Juan Galindo,10536,19660
Juan Galindo,21091,Puebla,2025,0,0,Juan Galindo,21091 – Juan Galindo,10536,19660
Juan N. Mã©Ndez,21092,Puebla,2015,0,0,Juan N. Mã©Ndez,21092 – Juan N. Mã©Ndez,5476,10594
Juan N. Mã©Ndez,21092,Puebla,2016,0,0,Juan N. Mã©Ndez,21092 – Juan N. Mã©Ndez,5476,10594
Juan N. Mã©Ndez,21092,Puebla,2017,0,0,Juan N. Mã©Ndez,21092 – Juan N. Mã©Ndez,5476,10594
Juan N. Mã©Ndez,21092,Puebla,2018,0,0,Juan N. Mã©Ndez,21092 – Juan N. Mã©Ndez,5476,10594
Juan N. Mã©Ndez,21092,Puebla,2019,0,0,Juan N. Mã©Ndez,21092 – Juan N. Mã©Ndez,5476,10594
Juan N. Mã©Ndez,21092,Puebla,2020,0,0,Juan N. Mã©Ndez,21092 – Juan N. Mã©Ndez,5476,10594
Juan N. Mã©Ndez,21092,Puebla,2021,0,0,Juan N. Mã©Ndez,21092 – Juan N. Mã©Ndez,5476,10594
Juan N. Mã©Ndez,21092,Puebla,2022,0,0,Juan N. Mã©Ndez,21092 – Juan N. Mã©Ndez,5476,10594
Juan N. Mã©Ndez,21092,Puebla,2023,0,0,Juan N. Mã©Ndez,21092 – Juan N. Mã©Ndez,5476,10594
Juan N. Mã©Ndez,21092,Puebla,2024,0,0,Juan N. Mã©Ndez,21092 – Juan N. Mã©Ndez,5476,10594
Juan N. Mã©Ndez,21092,Puebla,2025,0,0,Juan N. Mã©Ndez,21092 – Juan N. Mã©Ndez,5476,10594
Lafragua,21093,Puebla,2015,0,0,Lafragua,21093 – Lafragua,7882,15318
Lafragua,21093,Puebla,2016,0,0,Lafragua,21093 – Lafragua,7882,15318
Lafragua,21093,Puebla,2017,0,0,Lafragua,21093 – Lafragua,7882,15318
Lafragua,21093,Puebla,2018,0,0,Lafragua,21093 – Lafragua,7882,15318
Lafragua,21093,Puebla,2019,0,0,Lafragua,21093 – Lafragua,7882,15318
Lafragua,21093,Puebla,2020,0,0,Lafragua,21093 – Lafragua,7882,15318
Lafragua,21093,Puebla,2021,0,0,Lafragua,21093 – Lafragua,7882,15318
Lafragua,21093,Puebla,2022,0,0,Lafragua,21093 – Lafragua,7882,15318
Lafragua,21093,Puebla,2023,0,0,Lafragua,21093 – Lafragua,7882,15318
Lafragua,21093,Puebla,2024,0,0,Lafragua,21093 – Lafragua,7882,15318
Lafragua,21093,Puebla,2025,0,0,Lafragua,21093 – Lafragua,7882,15318
Libres,21094,Puebla,2015,0,0,Libres,21094 – Libres,38320,74590
Libres,21094,Puebla,2016,0,0,Libres,21094 – Libres,38320,74590
Libres,21094,Puebla,2017,0,0,Libres,21094 – Libres,38320,74590
Libres,21094,Puebla,2018,0,0,Libres,21094 – Libres,38320,74590
Libres,21094,Puebla,2019,1,2.6096033402922756,Libres,21094 – Libres,38320,74590
Libres,21094,Puebla,2020,0,0,Libres,21094 – Libres,38320,74590
Libres,21094,Puebla,2021,0,0,Libres,21094 – Libres,38320,74590
Libres,21094,Puebla,2022,0,0,Libres,21094 – Libres,38320,74590
Libres,21094,Puebla,2023,0,0,Libres,21094 – Libres,38320,74590
Libres,21094,Puebla,2024,0,0,Libres,21094 – Libres,38320,74590
Libres,21094,Puebla,2025,0,0,Libres,21094 – Libres,38320,74590
La Magdalena Tlatlauquitepec,21095,Puebla,2015,0,0,La Magdalena Tlatlauquitepec,21095 – La Magdalena Tlatlauquitepec,651,1303
La Magdalena Tlatlauquitepec,21095,Puebla,2016,0,0,La Magdalena Tlatlauquitepec,21095 – La Magdalena Tlatlauquitepec,651,1303
La Magdalena Tlatlauquitepec,21095,Puebla,2017,0,0,La Magdalena Tlatlauquitepec,21095 – La Magdalena Tlatlauquitepec,651,1303
La Magdalena Tlatlauquitepec,21095,Puebla,2018,0,0,La Magdalena Tlatlauquitepec,21095 – La Magdalena Tlatlauquitepec,651,1303
La Magdalena Tlatlauquitepec,21095,Puebla,2019,0,0,La Magdalena Tlatlauquitepec,21095 – La Magdalena Tlatlauquitepec,651,1303
La Magdalena Tlatlauquitepec,21095,Puebla,2020,0,0,La Magdalena Tlatlauquitepec,21095 – La Magdalena Tlatlauquitepec,651,1303
La Magdalena Tlatlauquitepec,21095,Puebla,2021,0,0,La Magdalena Tlatlauquitepec,21095 – La Magdalena Tlatlauquitepec,651,1303
La Magdalena Tlatlauquitepec,21095,Puebla,2022,0,0,La Magdalena Tlatlauquitepec,21095 – La Magdalena Tlatlauquitepec,651,1303
La Magdalena Tlatlauquitepec,21095,Puebla,2023,0,0,La Magdalena Tlatlauquitepec,21095 – La Magdalena Tlatlauquitepec,651,1303
La Magdalena Tlatlauquitepec,21095,Puebla,2024,0,0,La Magdalena Tlatlauquitepec,21095 – La Magdalena Tlatlauquitepec,651,1303
La Magdalena Tlatlauquitepec,21095,Puebla,2025,0,0,La Magdalena Tlatlauquitepec,21095 – La Magdalena Tlatlauquitepec,651,1303
Mazapiltepec De Juã¡Rez,21096,Puebla,2015,0,0,Mazapiltepec De Juã¡Rez,21096 – Mazapiltepec De Juã¡Rez,3235,6391
Mazapiltepec De Juã¡Rez,21096,Puebla,2016,0,0,Mazapiltepec De Juã¡Rez,21096 – Mazapiltepec De Juã¡Rez,3235,6391
Mazapiltepec De Juã¡Rez,21096,Puebla,2017,0,0,Mazapiltepec De Juã¡Rez,21096 – Mazapiltepec De Juã¡Rez,3235,6391
Mazapiltepec De Juã¡Rez,21096,Puebla,2018,0,0,Mazapiltepec De Juã¡Rez,21096 – Mazapiltepec De Juã¡Rez,3235,6391
Mazapiltepec De Juã¡Rez,21096,Puebla,2019,0,0,Mazapiltepec De Juã¡Rez,21096 – Mazapiltepec De Juã¡Rez,3235,6391
Mazapiltepec De Juã¡Rez,21096,Puebla,2020,0,0,Mazapiltepec De Juã¡Rez,21096 – Mazapiltepec De Juã¡Rez,3235,6391
Mazapiltepec De Juã¡Rez,21096,Puebla,2021,0,0,Mazapiltepec De Juã¡Rez,21096 – Mazapiltepec De Juã¡Rez,3235,6391
Mazapiltepec De Juã¡Rez,21096,Puebla,2022,0,0,Mazapiltepec De Juã¡Rez,21096 – Mazapiltepec De Juã¡Rez,3235,6391
Mazapiltepec De Juã¡Rez,21096,Puebla,2023,0,0,Mazapiltepec De Juã¡Rez,21096 – Mazapiltepec De Juã¡Rez,3235,6391
Mazapiltepec De Juã¡Rez,21096,Puebla,2024,0,0,Mazapiltepec De Juã¡Rez,21096 – Mazapiltepec De Juã¡Rez,3235,6391
Mazapiltepec De Juã¡Rez,21096,Puebla,2025,0,0,Mazapiltepec De Juã¡Rez,21096 – Mazapiltepec De Juã¡Rez,3235,6391
Mixtla,21097,Puebla,2015,0,0,Mixtla,21097 – Mixtla,2796,5336
Mixtla,21097,Puebla,2016,0,0,Mixtla,21097 – Mixtla,2796,5336
Mixtla,21097,Puebla,2017,0,0,Mixtla,21097 – Mixtla,2796,5336
Mixtla,21097,Puebla,2018,0,0,Mixtla,21097 – Mixtla,2796,5336
Mixtla,21097,Puebla,2019,0,0,Mixtla,21097 – Mixtla,2796,5336
Mixtla,21097,Puebla,2020,0,0,Mixtla,21097 – Mixtla,2796,5336
Mixtla,21097,Puebla,2021,0,0,Mixtla,21097 – Mixtla,2796,5336
Mixtla,21097,Puebla,2022,0,0,Mixtla,21097 – Mixtla,2796,5336
Mixtla,21097,Puebla,2023,0,0,Mixtla,21097 – Mixtla,2796,5336
Mixtla,21097,Puebla,2024,0,0,Mixtla,21097 – Mixtla,2796,5336
Mixtla,21097,Puebla,2025,0,0,Mixtla,21097 – Mixtla,2796,5336
Molcaxac,21098,Puebla,2015,0,0,Molcaxac,21098 – Molcaxac,6986,13345
Molcaxac,21098,Puebla,2016,0,0,Molcaxac,21098 – Molcaxac,6986,13345
Molcaxac,21098,Puebla,2017,1,14.3143429716576,Molcaxac,21098 – Molcaxac,6986,13345
Molcaxac,21098,Puebla,2018,0,0,Molcaxac,21098 – Molcaxac,6986,13345
Molcaxac,21098,Puebla,2019,0,0,Molcaxac,21098 – Molcaxac,6986,13345
Molcaxac,21098,Puebla,2020,0,0,Molcaxac,21098 – Molcaxac,6986,13345
Molcaxac,21098,Puebla,2021,0,0,Molcaxac,21098 – Molcaxac,6986,13345
Molcaxac,21098,Puebla,2022,0,0,Molcaxac,21098 – Molcaxac,6986,13345
Molcaxac,21098,Puebla,2023,0,0,Molcaxac,21098 – Molcaxac,6986,13345
Molcaxac,21098,Puebla,2024,0,0,Molcaxac,21098 – Molcaxac,6986,13345
Molcaxac,21098,Puebla,2025,0,0,Molcaxac,21098 – Molcaxac,6986,13345
Caã±Ada Morelos,21099,Puebla,2015,0,0,Caã±Ada Morelos,21099 – Caã±Ada Morelos,21488,41330
Caã±Ada Morelos,21099,Puebla,2016,0,0,Caã±Ada Morelos,21099 – Caã±Ada Morelos,21488,41330
Caã±Ada Morelos,21099,Puebla,2017,0,0,Caã±Ada Morelos,21099 – Caã±Ada Morelos,21488,41330
Caã±Ada Morelos,21099,Puebla,2018,0,0,Caã±Ada Morelos,21099 – Caã±Ada Morelos,21488,41330
Caã±Ada Morelos,21099,Puebla,2019,3,13.961280714817573,Caã±Ada Morelos,21099 – Caã±Ada Morelos,21488,41330
Caã±Ada Morelos,21099,Puebla,2020,1,4.6537602382725245,Caã±Ada Morelos,21099 – Caã±Ada Morelos,21488,41330
Caã±Ada Morelos,21099,Puebla,2021,0,0,Caã±Ada Morelos,21099 – Caã±Ada Morelos,21488,41330
Caã±Ada Morelos,21099,Puebla,2022,0,0,Caã±Ada Morelos,21099 – Caã±Ada Morelos,21488,41330
Caã±Ada Morelos,21099,Puebla,2023,0,0,Caã±Ada Morelos,21099 – Caã±Ada Morelos,21488,41330
Caã±Ada Morelos,21099,Puebla,2024,0,0,Caã±Ada Morelos,21099 – Caã±Ada Morelos,21488,41330
Caã±Ada Morelos,21099,Puebla,2025,0,0,Caã±Ada Morelos,21099 – Caã±Ada Morelos,21488,41330
Naupan,21100,Puebla,2015,0,0,Naupan,21100 – Naupan,9976,18629
Naupan,21100,Puebla,2016,0,0,Naupan,21100 – Naupan,9976,18629
Naupan,21100,Puebla,2017,0,0,Naupan,21100 – Naupan,9976,18629
Naupan,21100,Puebla,2018,1,10.024057738572575,Naupan,21100 – Naupan,9976,18629
Naupan,21100,Puebla,2019,0,0,Naupan,21100 – Naupan,9976,18629
Naupan,21100,Puebla,2020,0,0,Naupan,21100 – Naupan,9976,18629
Naupan,21100,Puebla,2021,0,0,Naupan,21100 – Naupan,9976,18629
Naupan,21100,Puebla,2022,0,0,Naupan,21100 – Naupan,9976,18629
Naupan,21100,Puebla,2023,0,0,Naupan,21100 – Naupan,9976,18629
Naupan,21100,Puebla,2024,0,0,Naupan,21100 – Naupan,9976,18629
Naupan,21100,Puebla,2025,0,0,Naupan,21100 – Naupan,9976,18629
Nauzontla,21101,Puebla,2015,0,0,Nauzontla,21101 – Nauzontla,3545,6642
Nauzontla,21101,Puebla,2016,0,0,Nauzontla,21101 – Nauzontla,3545,6642
Nauzontla,21101,Puebla,2017,0,0,Nauzontla,21101 – Nauzontla,3545,6642
Nauzontla,21101,Puebla,2018,0,0,Nauzontla,21101 – Nauzontla,3545,6642
Nauzontla,21101,Puebla,2019,0,0,Nauzontla,21101 – Nauzontla,3545,6642
Nauzontla,21101,Puebla,2020,0,0,Nauzontla,21101 – Nauzontla,3545,6642
Nauzontla,21101,Puebla,2021,0,0,Nauzontla,21101 – Nauzontla,3545,6642
Nauzontla,21101,Puebla,2022,0,0,Nauzontla,21101 – Nauzontla,3545,6642
Nauzontla,21101,Puebla,2023,0,0,Nauzontla,21101 – Nauzontla,3545,6642
Nauzontla,21101,Puebla,2024,0,0,Nauzontla,21101 – Nauzontla,3545,6642
Nauzontla,21101,Puebla,2025,0,0,Nauzontla,21101 – Nauzontla,3545,6642
Nealtican,21102,Puebla,2015,0,0,Nealtican,21102 – Nealtican,14516,28161
Nealtican,21102,Puebla,2016,0,0,Nealtican,21102 – Nealtican,14516,28161
Nealtican,21102,Puebla,2017,0,0,Nealtican,21102 – Nealtican,14516,28161
Nealtican,21102,Puebla,2018,0,0,Nealtican,21102 – Nealtican,14516,28161
Nealtican,21102,Puebla,2019,0,0,Nealtican,21102 – Nealtican,14516,28161
Nealtican,21102,Puebla,2020,1,6.888950124001102,Nealtican,21102 – Nealtican,14516,28161
Nealtican,21102,Puebla,2021,0,0,Nealtican,21102 – Nealtican,14516,28161
Nealtican,21102,Puebla,2022,0,0,Nealtican,21102 – Nealtican,14516,28161
Nealtican,21102,Puebla,2023,0,0,Nealtican,21102 – Nealtican,14516,28161
Nealtican,21102,Puebla,2024,0,0,Nealtican,21102 – Nealtican,14516,28161
Nealtican,21102,Puebla,2025,0,0,Nealtican,21102 – Nealtican,14516,28161
Nicolã¡S Bravo,21103,Puebla,2015,0,0,Nicolã¡S Bravo,21103 – Nicolã¡S Bravo,6828,13344
Nicolã¡S Bravo,21103,Puebla,2016,0,0,Nicolã¡S Bravo,21103 – Nicolã¡S Bravo,6828,13344
Nicolã¡S Bravo,21103,Puebla,2017,0,0,Nicolã¡S Bravo,21103 – Nicolã¡S Bravo,6828,13344
Nicolã¡S Bravo,21103,Puebla,2018,0,0,Nicolã¡S Bravo,21103 – Nicolã¡S Bravo,6828,13344
Nicolã¡S Bravo,21103,Puebla,2019,1,14.645577035735208,Nicolã¡S Bravo,21103 – Nicolã¡S Bravo,6828,13344
Nicolã¡S Bravo,21103,Puebla,2020,0,0,Nicolã¡S Bravo,21103 – Nicolã¡S Bravo,6828,13344
Nicolã¡S Bravo,21103,Puebla,2021,0,0,Nicolã¡S Bravo,21103 – Nicolã¡S Bravo,6828,13344
Nicolã¡S Bravo,21103,Puebla,2022,0,0,Nicolã¡S Bravo,21103 – Nicolã¡S Bravo,6828,13344
Nicolã¡S Bravo,21103,Puebla,2023,0,0,Nicolã¡S Bravo,21103 – Nicolã¡S Bravo,6828,13344
Nicolã¡S Bravo,21103,Puebla,2024,0,0,Nicolã¡S Bravo,21103 – Nicolã¡S Bravo,6828,13344
Nicolã¡S Bravo,21103,Puebla,2025,0,0,Nicolã¡S Bravo,21103 – Nicolã¡S Bravo,6828,13344
Nopalucan,21104,Puebla,2015,0,0,Nopalucan,21104 – Nopalucan,33762,65604
Nopalucan,21104,Puebla,2016,0,0,Nopalucan,21104 – Nopalucan,33762,65604
Nopalucan,21104,Puebla,2017,0,0,Nopalucan,21104 – Nopalucan,33762,65604
Nopalucan,21104,Puebla,2018,0,0,Nopalucan,21104 – Nopalucan,33762,65604
Nopalucan,21104,Puebla,2019,0,0,Nopalucan,21104 – Nopalucan,33762,65604
Nopalucan,21104,Puebla,2020,0,0,Nopalucan,21104 – Nopalucan,33762,65604
Nopalucan,21104,Puebla,2021,0,0,Nopalucan,21104 – Nopalucan,33762,65604
Nopalucan,21104,Puebla,2022,1,2.9619098394644867,Nopalucan,21104 – Nopalucan,33762,65604
Nopalucan,21104,Puebla,2023,0,0,Nopalucan,21104 – Nopalucan,33762,65604
Nopalucan,21104,Puebla,2024,0,0,Nopalucan,21104 – Nopalucan,33762,65604
Nopalucan,21104,Puebla,2025,0,0,Nopalucan,21104 – Nopalucan,33762,65604
Ocotepec,21105,Puebla,2015,0,0,Ocotepec,21105 – Ocotepec,5288,10154
Ocotepec,21105,Puebla,2016,0,0,Ocotepec,21105 – Ocotepec,5288,10154
Ocotepec,21105,Puebla,2017,0,0,Ocotepec,21105 – Ocotepec,5288,10154
Ocotepec,21105,Puebla,2018,0,0,Ocotepec,21105 – Ocotepec,5288,10154
Ocotepec,21105,Puebla,2019,0,0,Ocotepec,21105 – Ocotepec,5288,10154
Ocotepec,21105,Puebla,2020,0,0,Ocotepec,21105 – Ocotepec,5288,10154
Ocotepec,21105,Puebla,2021,0,0,Ocotepec,21105 – Ocotepec,5288,10154
Ocotepec,21105,Puebla,2022,0,0,Ocotepec,21105 – Ocotepec,5288,10154
Ocotepec,21105,Puebla,2023,0,0,Ocotepec,21105 – Ocotepec,5288,10154
Ocotepec,21105,Puebla,2024,0,0,Ocotepec,21105 – Ocotepec,5288,10154
Ocotepec,21105,Puebla,2025,0,0,Ocotepec,21105 – Ocotepec,5288,10154
Ocoyucan,21106,Puebla,2015,0,0,Ocoyucan,21106 – Ocoyucan,44498,85365
Ocoyucan,21106,Puebla,2016,0,0,Ocoyucan,21106 – Ocoyucan,44498,85365
Ocoyucan,21106,Puebla,2017,0,0,Ocoyucan,21106 – Ocoyucan,44498,85365
Ocoyucan,21106,Puebla,2018,1,2.247292013124185,Ocoyucan,21106 – Ocoyucan,44498,85365
Ocoyucan,21106,Puebla,2019,1,2.247292013124185,Ocoyucan,21106 – Ocoyucan,44498,85365
Ocoyucan,21106,Puebla,2020,1,2.247292013124185,Ocoyucan,21106 – Ocoyucan,44498,85365
Ocoyucan,21106,Puebla,2021,0,0,Ocoyucan,21106 – Ocoyucan,44498,85365
Ocoyucan,21106,Puebla,2022,0,0,Ocoyucan,21106 – Ocoyucan,44498,85365
Ocoyucan,21106,Puebla,2023,0,0,Ocoyucan,21106 – Ocoyucan,44498,85365
Ocoyucan,21106,Puebla,2024,0,0,Ocoyucan,21106 – Ocoyucan,44498,85365
Ocoyucan,21106,Puebla,2025,1,2.247292013124185,Ocoyucan,21106 – Ocoyucan,44498,85365
Olintla,21107,Puebla,2015,0,0,Olintla,21107 – Olintla,12312,23995
Olintla,21107,Puebla,2016,0,0,Olintla,21107 – Olintla,12312,23995
Olintla,21107,Puebla,2017,0,0,Olintla,21107 – Olintla,12312,23995
Olintla,21107,Puebla,2018,0,0,Olintla,21107 – Olintla,12312,23995
Olintla,21107,Puebla,2019,0,0,Olintla,21107 – Olintla,12312,23995
Olintla,21107,Puebla,2020,0,0,Olintla,21107 – Olintla,12312,23995
Olintla,21107,Puebla,2021,0,0,Olintla,21107 – Olintla,12312,23995
Olintla,21107,Puebla,2022,0,0,Olintla,21107 – Olintla,12312,23995
Olintla,21107,Puebla,2023,0,0,Olintla,21107 – Olintla,12312,23995
Olintla,21107,Puebla,2024,0,0,Olintla,21107 – Olintla,12312,23995
Olintla,21107,Puebla,2025,0,0,Olintla,21107 – Olintla,12312,23995
Oriental,21108,Puebla,2015,0,0,Oriental,21108 – Oriental,20450,39925
Oriental,21108,Puebla,2016,0,0,Oriental,21108 – Oriental,20450,39925
Oriental,21108,Puebla,2017,0,0,Oriental,21108 – Oriental,20450,39925
Oriental,21108,Puebla,2018,0,0,Oriental,21108 – Oriental,20450,39925
Oriental,21108,Puebla,2019,0,0,Oriental,21108 – Oriental,20450,39925
Oriental,21108,Puebla,2020,0,0,Oriental,21108 – Oriental,20450,39925
Oriental,21108,Puebla,2021,0,0,Oriental,21108 – Oriental,20450,39925
Oriental,21108,Puebla,2022,0,0,Oriental,21108 – Oriental,20450,39925
Oriental,21108,Puebla,2023,0,0,Oriental,21108 – Oriental,20450,39925
Oriental,21108,Puebla,2024,0,0,Oriental,21108 – Oriental,20450,39925
Oriental,21108,Puebla,2025,1,4.88997555012225,Oriental,21108 – Oriental,20450,39925
Pahuatlã¡N,21109,Puebla,2015,0,0,Pahuatlã¡N,21109 – Pahuatlã¡N,21200,40548
Pahuatlã¡N,21109,Puebla,2016,0,0,Pahuatlã¡N,21109 – Pahuatlã¡N,21200,40548
Pahuatlã¡N,21109,Puebla,2017,0,0,Pahuatlã¡N,21109 – Pahuatlã¡N,21200,40548
Pahuatlã¡N,21109,Puebla,2018,0,0,Pahuatlã¡N,21109 – Pahuatlã¡N,21200,40548
Pahuatlã¡N,21109,Puebla,2019,0,0,Pahuatlã¡N,21109 – Pahuatlã¡N,21200,40548
Pahuatlã¡N,21109,Puebla,2020,0,0,Pahuatlã¡N,21109 – Pahuatlã¡N,21200,40548
Pahuatlã¡N,21109,Puebla,2021,0,0,Pahuatlã¡N,21109 – Pahuatlã¡N,21200,40548
Pahuatlã¡N,21109,Puebla,2022,0,0,Pahuatlã¡N,21109 – Pahuatlã¡N,21200,40548
Pahuatlã¡N,21109,Puebla,2023,1,4.716981132075472,Pahuatlã¡N,21109 – Pahuatlã¡N,21200,40548
Pahuatlã¡N,21109,Puebla,2024,0,0,Pahuatlã¡N,21109 – Pahuatlã¡N,21200,40548
Pahuatlã¡N,21109,Puebla,2025,0,0,Pahuatlã¡N,21109 – Pahuatlã¡N,21200,40548
Palmar De Bravo,21110,Puebla,2015,0,0,Palmar De Bravo,21110 – Palmar De Bravo,51262,100509
Palmar De Bravo,21110,Puebla,2016,0,0,Palmar De Bravo,21110 – Palmar De Bravo,51262,100509
Palmar De Bravo,21110,Puebla,2017,0,0,Palmar De Bravo,21110 – Palmar De Bravo,51262,100509
Palmar De Bravo,21110,Puebla,2018,0,0,Palmar De Bravo,21110 – Palmar De Bravo,51262,100509
Palmar De Bravo,21110,Puebla,2019,0,0,Palmar De Bravo,21110 – Palmar De Bravo,51262,100509
Palmar De Bravo,21110,Puebla,2020,2,3.9015254964691195,Palmar De Bravo,21110 – Palmar De Bravo,51262,100509
Palmar De Bravo,21110,Puebla,2021,1,1.9507627482345598,Palmar De Bravo,21110 – Palmar De Bravo,51262,100509
Palmar De Bravo,21110,Puebla,2022,0,0,Palmar De Bravo,21110 – Palmar De Bravo,51262,100509
Palmar De Bravo,21110,Puebla,2023,0,0,Palmar De Bravo,21110 – Palmar De Bravo,51262,100509
Palmar De Bravo,21110,Puebla,2024,0,0,Palmar De Bravo,21110 – Palmar De Bravo,51262,100509
Palmar De Bravo,21110,Puebla,2025,0,0,Palmar De Bravo,21110 – Palmar De Bravo,51262,100509
Pantepec,21111,Puebla,2015,0,0,Pantepec,21111 – Pantepec,19248,37162
Pantepec,21111,Puebla,2016,0,0,Pantepec,21111 – Pantepec,19248,37162
Pantepec,21111,Puebla,2017,0,0,Pantepec,21111 – Pantepec,19248,37162
Pantepec,21111,Puebla,2018,0,0,Pantepec,21111 – Pantepec,19248,37162
Pantepec,21111,Puebla,2019,0,0,Pantepec,21111 – Pantepec,19248,37162
Pantepec,21111,Puebla,2020,0,0,Pantepec,21111 – Pantepec,19248,37162
Pantepec,21111,Puebla,2021,0,0,Pantepec,21111 – Pantepec,19248,37162
Pantepec,21111,Puebla,2022,0,0,Pantepec,21111 – Pantepec,19248,37162
Pantepec,21111,Puebla,2023,0,0,Pantepec,21111 – Pantepec,19248,37162
Pantepec,21111,Puebla,2024,0,0,Pantepec,21111 – Pantepec,19248,37162
Pantepec,21111,Puebla,2025,0,0,Pantepec,21111 – Pantepec,19248,37162
Petlalcingo,21112,Puebla,2015,0,0,Petlalcingo,21112 – Petlalcingo,9722,18717
Petlalcingo,21112,Puebla,2016,0,0,Petlalcingo,21112 – Petlalcingo,9722,18717
Petlalcingo,21112,Puebla,2017,0,0,Petlalcingo,21112 – Petlalcingo,9722,18717
Petlalcingo,21112,Puebla,2018,0,0,Petlalcingo,21112 – Petlalcingo,9722,18717
Petlalcingo,21112,Puebla,2019,0,0,Petlalcingo,21112 – Petlalcingo,9722,18717
Petlalcingo,21112,Puebla,2020,0,0,Petlalcingo,21112 – Petlalcingo,9722,18717
Petlalcingo,21112,Puebla,2021,0,0,Petlalcingo,21112 – Petlalcingo,9722,18717
Petlalcingo,21112,Puebla,2022,0,0,Petlalcingo,21112 – Petlalcingo,9722,18717
Petlalcingo,21112,Puebla,2023,0,0,Petlalcingo,21112 – Petlalcingo,9722,18717
Petlalcingo,21112,Puebla,2024,0,0,Petlalcingo,21112 – Petlalcingo,9722,18717
Petlalcingo,21112,Puebla,2025,0,0,Petlalcingo,21112 – Petlalcingo,9722,18717
Piaxtla,21113,Puebla,2015,0,0,Piaxtla,21113 – Piaxtla,4730,9272
Piaxtla,21113,Puebla,2016,0,0,Piaxtla,21113 – Piaxtla,4730,9272
Piaxtla,21113,Puebla,2017,0,0,Piaxtla,21113 – Piaxtla,4730,9272
Piaxtla,21113,Puebla,2018,0,0,Piaxtla,21113 – Piaxtla,4730,9272
Piaxtla,21113,Puebla,2019,0,0,Piaxtla,21113 – Piaxtla,4730,9272
Piaxtla,21113,Puebla,2020,0,0,Piaxtla,21113 – Piaxtla,4730,9272
Piaxtla,21113,Puebla,2021,0,0,Piaxtla,21113 – Piaxtla,4730,9272
Piaxtla,21113,Puebla,2022,0,0,Piaxtla,21113 – Piaxtla,4730,9272
Piaxtla,21113,Puebla,2023,0,0,Piaxtla,21113 – Piaxtla,4730,9272
Piaxtla,21113,Puebla,2024,0,0,Piaxtla,21113 – Piaxtla,4730,9272
Piaxtla,21113,Puebla,2025,0,0,Piaxtla,21113 – Piaxtla,4730,9272
Puebla,21114,Puebla,2015,5,0.28322321614689544,Puebla,21114 – Puebla,1765392,3384408
Puebla,21114,Puebla,2016,9,0.5098017890644118,Puebla,21114 – Puebla,1765392,3384408
Puebla,21114,Puebla,2017,6,0.3398678593762745,Puebla,21114 – Puebla,1765392,3384408
Puebla,21114,Puebla,2018,7,0.39651250260565357,Puebla,21114 – Puebla,1765392,3384408
Puebla,21114,Puebla,2019,11,0.6230910755231699,Puebla,21114 – Puebla,1765392,3384408
Puebla,21114,Puebla,2020,8,0.4531571458350327,Puebla,21114 – Puebla,1765392,3384408
Puebla,21114,Puebla,2021,13,0.7363803619819281,Puebla,21114 – Puebla,1765392,3384408
Puebla,21114,Puebla,2022,4,0.22657857291751635,Puebla,21114 – Puebla,1765392,3384408
Puebla,21114,Puebla,2023,12,0.679735718752549,Puebla,21114 – Puebla,1765392,3384408
Puebla,21114,Puebla,2024,9,0.5098017890644118,Puebla,21114 – Puebla,1765392,3384408
Puebla,21114,Puebla,2025,2,0.11328928645875817,Puebla,21114 – Puebla,1765392,3384408
Quecholac,21115,Puebla,2015,0,0,Quecholac,21115 – Quecholac,59250,116109
Quecholac,21115,Puebla,2016,0,0,Quecholac,21115 – Quecholac,59250,116109
Quecholac,21115,Puebla,2017,1,1.6877637130801688,Quecholac,21115 – Quecholac,59250,116109
Quecholac,21115,Puebla,2018,0,0,Quecholac,21115 – Quecholac,59250,116109
Quecholac,21115,Puebla,2019,1,1.6877637130801688,Quecholac,21115 – Quecholac,59250,116109
Quecholac,21115,Puebla,2020,0,0,Quecholac,21115 – Quecholac,59250,116109
Quecholac,21115,Puebla,2021,0,0,Quecholac,21115 – Quecholac,59250,116109
Quecholac,21115,Puebla,2022,0,0,Quecholac,21115 – Quecholac,59250,116109
Quecholac,21115,Puebla,2023,0,0,Quecholac,21115 – Quecholac,59250,116109
Quecholac,21115,Puebla,2024,0,0,Quecholac,21115 – Quecholac,59250,116109
Quecholac,21115,Puebla,2025,0,0,Quecholac,21115 – Quecholac,59250,116109
Quimixtlã¡N,21116,Puebla,2015,0,0,Quimixtlã¡N,21116 – Quimixtlã¡N,23506,45710
Quimixtlã¡N,21116,Puebla,2016,0,0,Quimixtlã¡N,21116 – Quimixtlã¡N,23506,45710
Quimixtlã¡N,21116,Puebla,2017,0,0,Quimixtlã¡N,21116 – Quimixtlã¡N,23506,45710
Quimixtlã¡N,21116,Puebla,2018,0,0,Quimixtlã¡N,21116 – Quimixtlã¡N,23506,45710
Quimixtlã¡N,21116,Puebla,2019,0,0,Quimixtlã¡N,21116 – Quimixtlã¡N,23506,45710
Quimixtlã¡N,21116,Puebla,2020,0,0,Quimixtlã¡N,21116 – Quimixtlã¡N,23506,45710
Quimixtlã¡N,21116,Puebla,2021,0,0,Quimixtlã¡N,21116 – Quimixtlã¡N,23506,45710
Quimixtlã¡N,21116,Puebla,2022,0,0,Quimixtlã¡N,21116 – Quimixtlã¡N,23506,45710
Quimixtlã¡N,21116,Puebla,2023,0,0,Quimixtlã¡N,21116 – Quimixtlã¡N,23506,45710
Quimixtlã¡N,21116,Puebla,2024,0,0,Quimixtlã¡N,21116 – Quimixtlã¡N,23506,45710
Quimixtlã¡N,21116,Puebla,2025,0,0,Quimixtlã¡N,21116 – Quimixtlã¡N,23506,45710
Rafael Lara Grajales,21117,Puebla,2015,0,0,Rafael Lara Grajales,21117 – Rafael Lara Grajales,16654,31904
Rafael Lara Grajales,21117,Puebla,2016,0,0,Rafael Lara Grajales,21117 – Rafael Lara Grajales,16654,31904
Rafael Lara Grajales,21117,Puebla,2017,0,0,Rafael Lara Grajales,21117 – Rafael Lara Grajales,16654,31904
Rafael Lara Grajales,21117,Puebla,2018,0,0,Rafael Lara Grajales,21117 – Rafael Lara Grajales,16654,31904
Rafael Lara Grajales,21117,Puebla,2019,1,6.004563468235859,Rafael Lara Grajales,21117 – Rafael Lara Grajales,16654,31904
Rafael Lara Grajales,21117,Puebla,2020,0,0,Rafael Lara Grajales,21117 – Rafael Lara Grajales,16654,31904
Rafael Lara Grajales,21117,Puebla,2021,0,0,Rafael Lara Grajales,21117 – Rafael Lara Grajales,16654,31904
Rafael Lara Grajales,21117,Puebla,2022,0,0,Rafael Lara Grajales,21117 – Rafael Lara Grajales,16654,31904
Rafael Lara Grajales,21117,Puebla,2023,0,0,Rafael Lara Grajales,21117 – Rafael Lara Grajales,16654,31904
Rafael Lara Grajales,21117,Puebla,2024,0,0,Rafael Lara Grajales,21117 – Rafael Lara Grajales,16654,31904
Rafael Lara Grajales,21117,Puebla,2025,0,0,Rafael Lara Grajales,21117 – Rafael Lara Grajales,16654,31904
Los Reyes De Juã¡Rez,21118,Puebla,2015,0,0,Los Reyes De Juã¡Rez,21118 – Los Reyes De Juã¡Rez,30824,60058
Los Reyes De Juã¡Rez,21118,Puebla,2016,0,0,Los Reyes De Juã¡Rez,21118 – Los Reyes De Juã¡Rez,30824,60058
Los Reyes De Juã¡Rez,21118,Puebla,2017,0,0,Los Reyes De Juã¡Rez,21118 – Los Reyes De Juã¡Rez,30824,60058
Los Reyes De Juã¡Rez,21118,Puebla,2018,0,0,Los Reyes De Juã¡Rez,21118 – Los Reyes De Juã¡Rez,30824,60058
Los Reyes De Juã¡Rez,21118,Puebla,2019,0,0,Los Reyes De Juã¡Rez,21118 – Los Reyes De Juã¡Rez,30824,60058
Los Reyes De Juã¡Rez,21118,Puebla,2020,0,0,Los Reyes De Juã¡Rez,21118 – Los Reyes De Juã¡Rez,30824,60058
Los Reyes De Juã¡Rez,21118,Puebla,2021,0,0,Los Reyes De Juã¡Rez,21118 – Los Reyes De Juã¡Rez,30824,60058
Los Reyes De Juã¡Rez,21118,Puebla,2022,0,0,Los Reyes De Juã¡Rez,21118 – Los Reyes De Juã¡Rez,30824,60058
Los Reyes De Juã¡Rez,21118,Puebla,2023,0,0,Los Reyes De Juã¡Rez,21118 – Los Reyes De Juã¡Rez,30824,60058
Los Reyes De Juã¡Rez,21118,Puebla,2024,0,0,Los Reyes De Juã¡Rez,21118 – Los Reyes De Juã¡Rez,30824,60058
Los Reyes De Juã¡Rez,21118,Puebla,2025,0,0,Los Reyes De Juã¡Rez,21118 – Los Reyes De Juã¡Rez,30824,60058
San Andrã©S Cholula,21119,Puebla,2015,0,0,San Andrã©S Cholula,21119 – San Andrã©S Cholula,160352,308896
San Andrã©S Cholula,21119,Puebla,2016,0,0,San Andrã©S Cholula,21119 – San Andrã©S Cholula,160352,308896
San Andrã©S Cholula,21119,Puebla,2017,0,0,San Andrã©S Cholula,21119 – San Andrã©S Cholula,160352,308896
San Andrã©S Cholula,21119,Puebla,2018,1,0.6236280183596089,San Andrã©S Cholula,21119 – San Andrã©S Cholula,160352,308896
San Andrã©S Cholula,21119,Puebla,2019,1,0.6236280183596089,San Andrã©S Cholula,21119 – San Andrã©S Cholula,160352,308896
San Andrã©S Cholula,21119,Puebla,2020,1,0.6236280183596089,San Andrã©S Cholula,21119 – San Andrã©S Cholula,160352,308896
San Andrã©S Cholula,21119,Puebla,2021,0,0,San Andrã©S Cholula,21119 – San Andrã©S Cholula,160352,308896
San Andrã©S Cholula,21119,Puebla,2022,0,0,San Andrã©S Cholula,21119 – San Andrã©S Cholula,160352,308896
San Andrã©S Cholula,21119,Puebla,2023,0,0,San Andrã©S Cholula,21119 – San Andrã©S Cholula,160352,308896
San Andrã©S Cholula,21119,Puebla,2024,2,1.2472560367192178,San Andrã©S Cholula,21119 – San Andrã©S Cholula,160352,308896
San Andrã©S Cholula,21119,Puebla,2025,0,0,San Andrã©S Cholula,21119 – San Andrã©S Cholula,160352,308896
San Antonio Caã±Ada,21120,Puebla,2015,0,0,San Antonio Caã±Ada,21120 – San Antonio Caã±Ada,6294,11876
San Antonio Caã±Ada,21120,Puebla,2016,0,0,San Antonio Caã±Ada,21120 – San Antonio Caã±Ada,6294,11876
San Antonio Caã±Ada,21120,Puebla,2017,0,0,San Antonio Caã±Ada,21120 – San Antonio Caã±Ada,6294,11876
San Antonio Caã±Ada,21120,Puebla,2018,0,0,San Antonio Caã±Ada,21120 – San Antonio Caã±Ada,6294,11876
San Antonio Caã±Ada,21120,Puebla,2019,0,0,San Antonio Caã±Ada,21120 – San Antonio Caã±Ada,6294,11876
San Antonio Caã±Ada,21120,Puebla,2020,0,0,San Antonio Caã±Ada,21120 – San Antonio Caã±Ada,6294,11876
San Antonio Caã±Ada,21120,Puebla,2021,0,0,San Antonio Caã±Ada,21120 – San Antonio Caã±Ada,6294,11876
San Antonio Caã±Ada,21120,Puebla,2022,0,0,San Antonio Caã±Ada,21120 – San Antonio Caã±Ada,6294,11876
San Antonio Caã±Ada,21120,Puebla,2023,0,0,San Antonio Caã±Ada,21120 – San Antonio Caã±Ada,6294,11876
San Antonio Caã±Ada,21120,Puebla,2024,0,0,San Antonio Caã±Ada,21120 – San Antonio Caã±Ada,6294,11876
San Antonio Caã±Ada,21120,Puebla,2025,0,0,San Antonio Caã±Ada,21120 – San Antonio Caã±Ada,6294,11876
San Diego La Mesa Tochimiltzingo,21121,Puebla,2015,0,0,San Diego La Mesa Tochimiltzingo,21121 – San Diego La Mesa Tochimiltzingo,1288,2540
San Diego La Mesa Tochimiltzingo,21121,Puebla,2016,0,0,San Diego La Mesa Tochimiltzingo,21121 – San Diego La Mesa Tochimiltzingo,1288,2540
San Diego La Mesa Tochimiltzingo,21121,Puebla,2017,0,0,San Diego La Mesa Tochimiltzingo,21121 – San Diego La Mesa Tochimiltzingo,1288,2540
San Diego La Mesa Tochimiltzingo,21121,Puebla,2018,0,0,San Diego La Mesa Tochimiltzingo,21121 – San Diego La Mesa Tochimiltzingo,1288,2540
San Diego La Mesa Tochimiltzingo,21121,Puebla,2019,0,0,San Diego La Mesa Tochimiltzingo,21121 – San Diego La Mesa Tochimiltzingo,1288,2540
San Diego La Mesa Tochimiltzingo,21121,Puebla,2020,0,0,San Diego La Mesa Tochimiltzingo,21121 – San Diego La Mesa Tochimiltzingo,1288,2540
San Diego La Mesa Tochimiltzingo,21121,Puebla,2021,0,0,San Diego La Mesa Tochimiltzingo,21121 – San Diego La Mesa Tochimiltzingo,1288,2540
San Diego La Mesa Tochimiltzingo,21121,Puebla,2022,0,0,San Diego La Mesa Tochimiltzingo,21121 – San Diego La Mesa Tochimiltzingo,1288,2540
San Diego La Mesa Tochimiltzingo,21121,Puebla,2023,0,0,San Diego La Mesa Tochimiltzingo,21121 – San Diego La Mesa Tochimiltzingo,1288,2540
San Diego La Mesa Tochimiltzingo,21121,Puebla,2024,0,0,San Diego La Mesa Tochimiltzingo,21121 – San Diego La Mesa Tochimiltzingo,1288,2540
San Diego La Mesa Tochimiltzingo,21121,Puebla,2025,0,0,San Diego La Mesa Tochimiltzingo,21121 – San Diego La Mesa Tochimiltzingo,1288,2540
San Felipe Teotlalcingo,21122,Puebla,2015,0,0,San Felipe Teotlalcingo,21122 – San Felipe Teotlalcingo,11428,22139
San Felipe Teotlalcingo,21122,Puebla,2016,0,0,San Felipe Teotlalcingo,21122 – San Felipe Teotlalcingo,11428,22139
San Felipe Teotlalcingo,21122,Puebla,2017,0,0,San Felipe Teotlalcingo,21122 – San Felipe Teotlalcingo,11428,22139
San Felipe Teotlalcingo,21122,Puebla,2018,0,0,San Felipe Teotlalcingo,21122 – San Felipe Teotlalcingo,11428,22139
San Felipe Teotlalcingo,21122,Puebla,2019,0,0,San Felipe Teotlalcingo,21122 – San Felipe Teotlalcingo,11428,22139
San Felipe Teotlalcingo,21122,Puebla,2020,0,0,San Felipe Teotlalcingo,21122 – San Felipe Teotlalcingo,11428,22139
San Felipe Teotlalcingo,21122,Puebla,2021,0,0,San Felipe Teotlalcingo,21122 – San Felipe Teotlalcingo,11428,22139
San Felipe Teotlalcingo,21122,Puebla,2022,0,0,San Felipe Teotlalcingo,21122 – San Felipe Teotlalcingo,11428,22139
San Felipe Teotlalcingo,21122,Puebla,2023,0,0,San Felipe Teotlalcingo,21122 – San Felipe Teotlalcingo,11428,22139
San Felipe Teotlalcingo,21122,Puebla,2024,0,0,San Felipe Teotlalcingo,21122 – San Felipe Teotlalcingo,11428,22139
San Felipe Teotlalcingo,21122,Puebla,2025,0,0,San Felipe Teotlalcingo,21122 – San Felipe Teotlalcingo,11428,22139
San Felipe Tepatlã¡N,21123,Puebla,2015,0,0,San Felipe Tepatlã¡N,21123 – San Felipe Tepatlã¡N,3928,7586
San Felipe Tepatlã¡N,21123,Puebla,2016,0,0,San Felipe Tepatlã¡N,21123 – San Felipe Tepatlã¡N,3928,7586
San Felipe Tepatlã¡N,21123,Puebla,2017,0,0,San Felipe Tepatlã¡N,21123 – San Felipe Tepatlã¡N,3928,7586
San Felipe Tepatlã¡N,21123,Puebla,2018,0,0,San Felipe Tepatlã¡N,21123 – San Felipe Tepatlã¡N,3928,7586
San Felipe Tepatlã¡N,21123,Puebla,2019,1,25.45824847250509,San Felipe Tepatlã¡N,21123 – San Felipe Tepatlã¡N,3928,7586
San Felipe Tepatlã¡N,21123,Puebla,2020,0,0,San Felipe Tepatlã¡N,21123 – San Felipe Tepatlã¡N,3928,7586
San Felipe Tepatlã¡N,21123,Puebla,2021,0,0,San Felipe Tepatlã¡N,21123 – San Felipe Tepatlã¡N,3928,7586
San Felipe Tepatlã¡N,21123,Puebla,2022,0,0,San Felipe Tepatlã¡N,21123 – San Felipe Tepatlã¡N,3928,7586
San Felipe Tepatlã¡N,21123,Puebla,2023,0,0,San Felipe Tepatlã¡N,21123 – San Felipe Tepatlã¡N,3928,7586
San Felipe Tepatlã¡N,21123,Puebla,2024,0,0,San Felipe Tepatlã¡N,21123 – San Felipe Tepatlã¡N,3928,7586
San Felipe Tepatlã¡N,21123,Puebla,2025,0,0,San Felipe Tepatlã¡N,21123 – San Felipe Tepatlã¡N,3928,7586
San Gabriel Chilac,21124,Puebla,2015,0,0,San Gabriel Chilac,21124 – San Gabriel Chilac,16770,31908
San Gabriel Chilac,21124,Puebla,2016,0,0,San Gabriel Chilac,21124 – San Gabriel Chilac,16770,31908
San Gabriel Chilac,21124,Puebla,2017,0,0,San Gabriel Chilac,21124 – San Gabriel Chilac,16770,31908
San Gabriel Chilac,21124,Puebla,2018,0,0,San Gabriel Chilac,21124 – San Gabriel Chilac,16770,31908
San Gabriel Chilac,21124,Puebla,2019,0,0,San Gabriel Chilac,21124 – San Gabriel Chilac,16770,31908
San Gabriel Chilac,21124,Puebla,2020,0,0,San Gabriel Chilac,21124 – San Gabriel Chilac,16770,31908
San Gabriel Chilac,21124,Puebla,2021,0,0,San Gabriel Chilac,21124 – San Gabriel Chilac,16770,31908
San Gabriel Chilac,21124,Puebla,2022,0,0,San Gabriel Chilac,21124 – San Gabriel Chilac,16770,31908
San Gabriel Chilac,21124,Puebla,2023,0,0,San Gabriel Chilac,21124 – San Gabriel Chilac,16770,31908
San Gabriel Chilac,21124,Puebla,2024,0,0,San Gabriel Chilac,21124 – San Gabriel Chilac,16770,31908
San Gabriel Chilac,21124,Puebla,2025,0,0,San Gabriel Chilac,21124 – San Gabriel Chilac,16770,31908
San Gregorio Atzompa,21125,Puebla,2015,0,0,San Gregorio Atzompa,21125 – San Gregorio Atzompa,9978,19342
San Gregorio Atzompa,21125,Puebla,2016,0,0,San Gregorio Atzompa,21125 – San Gregorio Atzompa,9978,19342
San Gregorio Atzompa,21125,Puebla,2017,0,0,San Gregorio Atzompa,21125 – San Gregorio Atzompa,9978,19342
San Gregorio Atzompa,21125,Puebla,2018,0,0,San Gregorio Atzompa,21125 – San Gregorio Atzompa,9978,19342
San Gregorio Atzompa,21125,Puebla,2019,0,0,San Gregorio Atzompa,21125 – San Gregorio Atzompa,9978,19342
San Gregorio Atzompa,21125,Puebla,2020,0,0,San Gregorio Atzompa,21125 – San Gregorio Atzompa,9978,19342
San Gregorio Atzompa,21125,Puebla,2021,0,0,San Gregorio Atzompa,21125 – San Gregorio Atzompa,9978,19342
San Gregorio Atzompa,21125,Puebla,2022,0,0,San Gregorio Atzompa,21125 – San Gregorio Atzompa,9978,19342
San Gregorio Atzompa,21125,Puebla,2023,0,0,San Gregorio Atzompa,21125 – San Gregorio Atzompa,9978,19342
San Gregorio Atzompa,21125,Puebla,2024,0,0,San Gregorio Atzompa,21125 – San Gregorio Atzompa,9978,19342
San Gregorio Atzompa,21125,Puebla,2025,0,0,San Gregorio Atzompa,21125 – San Gregorio Atzompa,9978,19342
San Jerã³Nimo Tecuanipan,21126,Puebla,2015,0,0,San Jerã³Nimo Tecuanipan,21126 – San Jerã³Nimo Tecuanipan,6951,13204
San Jerã³Nimo Tecuanipan,21126,Puebla,2016,0,0,San Jerã³Nimo Tecuanipan,21126 – San Jerã³Nimo Tecuanipan,6951,13204
San Jerã³Nimo Tecuanipan,21126,Puebla,2017,1,14.386419220256078,San Jerã³Nimo Tecuanipan,21126 – San Jerã³Nimo Tecuanipan,6951,13204
San Jerã³Nimo Tecuanipan,21126,Puebla,2018,0,0,San Jerã³Nimo Tecuanipan,21126 – San Jerã³Nimo Tecuanipan,6951,13204
San Jerã³Nimo Tecuanipan,21126,Puebla,2019,0,0,San Jerã³Nimo Tecuanipan,21126 – San Jerã³Nimo Tecuanipan,6951,13204
San Jerã³Nimo Tecuanipan,21126,Puebla,2020,0,0,San Jerã³Nimo Tecuanipan,21126 – San Jerã³Nimo Tecuanipan,6951,13204
San Jerã³Nimo Tecuanipan,21126,Puebla,2021,0,0,San Jerã³Nimo Tecuanipan,21126 – San Jerã³Nimo Tecuanipan,6951,13204
San Jerã³Nimo Tecuanipan,21126,Puebla,2022,0,0,San Jerã³Nimo Tecuanipan,21126 – San Jerã³Nimo Tecuanipan,6951,13204
San Jerã³Nimo Tecuanipan,21126,Puebla,2023,0,0,San Jerã³Nimo Tecuanipan,21126 – San Jerã³Nimo Tecuanipan,6951,13204
San Jerã³Nimo Tecuanipan,21126,Puebla,2024,0,0,San Jerã³Nimo Tecuanipan,21126 – San Jerã³Nimo Tecuanipan,6951,13204
San Jerã³Nimo Tecuanipan,21126,Puebla,2025,0,0,San Jerã³Nimo Tecuanipan,21126 – San Jerã³Nimo Tecuanipan,6951,13204
San Jerã³Nimo Xayacatlã¡N,21127,Puebla,2015,0,0,San Jerã³Nimo Xayacatlã¡N,21127 – San Jerã³Nimo Xayacatlã¡N,3744,7230
San Jerã³Nimo Xayacatlã¡N,21127,Puebla,2016,0,0,San Jerã³Nimo Xayacatlã¡N,21127 – San Jerã³Nimo Xayacatlã¡N,3744,7230
San Jerã³Nimo Xayacatlã¡N,21127,Puebla,2017,0,0,San Jerã³Nimo Xayacatlã¡N,21127 – San Jerã³Nimo Xayacatlã¡N,3744,7230
San Jerã³Nimo Xayacatlã¡N,21127,Puebla,2018,0,0,San Jerã³Nimo Xayacatlã¡N,21127 – San Jerã³Nimo Xayacatlã¡N,3744,7230
San Jerã³Nimo Xayacatlã¡N,21127,Puebla,2019,0,0,San Jerã³Nimo Xayacatlã¡N,21127 – San Jerã³Nimo Xayacatlã¡N,3744,7230
San Jerã³Nimo Xayacatlã¡N,21127,Puebla,2020,0,0,San Jerã³Nimo Xayacatlã¡N,21127 – San Jerã³Nimo Xayacatlã¡N,3744,7230
San Jerã³Nimo Xayacatlã¡N,21127,Puebla,2021,0,0,San Jerã³Nimo Xayacatlã¡N,21127 – San Jerã³Nimo Xayacatlã¡N,3744,7230
San Jerã³Nimo Xayacatlã¡N,21127,Puebla,2022,0,0,San Jerã³Nimo Xayacatlã¡N,21127 – San Jerã³Nimo Xayacatlã¡N,3744,7230
San Jerã³Nimo Xayacatlã¡N,21127,Puebla,2023,0,0,San Jerã³Nimo Xayacatlã¡N,21127 – San Jerã³Nimo Xayacatlã¡N,3744,7230
San Jerã³Nimo Xayacatlã¡N,21127,Puebla,2024,0,0,San Jerã³Nimo Xayacatlã¡N,21127 – San Jerã³Nimo Xayacatlã¡N,3744,7230
San Jerã³Nimo Xayacatlã¡N,21127,Puebla,2025,0,0,San Jerã³Nimo Xayacatlã¡N,21127 – San Jerã³Nimo Xayacatlã¡N,3744,7230
San Josã© Chiapa,21128,Puebla,2015,0,0,San Josã© Chiapa,21128 – San Josã© Chiapa,10672,20946
San Josã© Chiapa,21128,Puebla,2016,0,0,San Josã© Chiapa,21128 – San Josã© Chiapa,10672,20946
San Josã© Chiapa,21128,Puebla,2017,0,0,San Josã© Chiapa,21128 – San Josã© Chiapa,10672,20946
San Josã© Chiapa,21128,Puebla,2018,0,0,San Josã© Chiapa,21128 – San Josã© Chiapa,10672,20946
San Josã© Chiapa,21128,Puebla,2019,0,0,San Josã© Chiapa,21128 – San Josã© Chiapa,10672,20946
San Josã© Chiapa,21128,Puebla,2020,0,0,San Josã© Chiapa,21128 – San Josã© Chiapa,10672,20946
San Josã© Chiapa,21128,Puebla,2021,0,0,San Josã© Chiapa,21128 – San Josã© Chiapa,10672,20946
San Josã© Chiapa,21128,Puebla,2022,0,0,San Josã© Chiapa,21128 – San Josã© Chiapa,10672,20946
San Josã© Chiapa,21128,Puebla,2023,0,0,San Josã© Chiapa,21128 – San Josã© Chiapa,10672,20946
San Josã© Chiapa,21128,Puebla,2024,0,0,San Josã© Chiapa,21128 – San Josã© Chiapa,10672,20946
San Josã© Chiapa,21128,Puebla,2025,0,0,San Josã© Chiapa,21128 – San Josã© Chiapa,10672,20946
San Josã© Miahuatlã¡N,21129,Puebla,2015,0,0,San Josã© Miahuatlã¡N,21129 – San Josã© Miahuatlã¡N,14596,28036
San Josã© Miahuatlã¡N,21129,Puebla,2016,0,0,San Josã© Miahuatlã¡N,21129 – San Josã© Miahuatlã¡N,14596,28036
San Josã© Miahuatlã¡N,21129,Puebla,2017,0,0,San Josã© Miahuatlã¡N,21129 – San Josã© Miahuatlã¡N,14596,28036
San Josã© Miahuatlã¡N,21129,Puebla,2018,0,0,San Josã© Miahuatlã¡N,21129 – San Josã© Miahuatlã¡N,14596,28036
San Josã© Miahuatlã¡N,21129,Puebla,2019,0,0,San Josã© Miahuatlã¡N,21129 – San Josã© Miahuatlã¡N,14596,28036
San Josã© Miahuatlã¡N,21129,Puebla,2020,0,0,San Josã© Miahuatlã¡N,21129 – San Josã© Miahuatlã¡N,14596,28036
San Josã© Miahuatlã¡N,21129,Puebla,2021,0,0,San Josã© Miahuatlã¡N,21129 – San Josã© Miahuatlã¡N,14596,28036
San Josã© Miahuatlã¡N,21129,Puebla,2022,0,0,San Josã© Miahuatlã¡N,21129 – San Josã© Miahuatlã¡N,14596,28036
San Josã© Miahuatlã¡N,21129,Puebla,2023,0,0,San Josã© Miahuatlã¡N,21129 – San Josã© Miahuatlã¡N,14596,28036
San Josã© Miahuatlã¡N,21129,Puebla,2024,0,0,San Josã© Miahuatlã¡N,21129 – San Josã© Miahuatlã¡N,14596,28036
San Josã© Miahuatlã¡N,21129,Puebla,2025,0,0,San Josã© Miahuatlã¡N,21129 – San Josã© Miahuatlã¡N,14596,28036
San Juan Atenco,21130,Puebla,2015,0,0,San Juan Atenco,21130 – San Juan Atenco,3887,7211
San Juan Atenco,21130,Puebla,2016,0,0,San Juan Atenco,21130 – San Juan Atenco,3887,7211
San Juan Atenco,21130,Puebla,2017,0,0,San Juan Atenco,21130 – San Juan Atenco,3887,7211
San Juan Atenco,21130,Puebla,2018,0,0,San Juan Atenco,21130 – San Juan Atenco,3887,7211
San Juan Atenco,21130,Puebla,2019,0,0,San Juan Atenco,21130 – San Juan Atenco,3887,7211
San Juan Atenco,21130,Puebla,2020,0,0,San Juan Atenco,21130 – San Juan Atenco,3887,7211
San Juan Atenco,21130,Puebla,2021,0,0,San Juan Atenco,21130 – San Juan Atenco,3887,7211
San Juan Atenco,21130,Puebla,2022,0,0,San Juan Atenco,21130 – San Juan Atenco,3887,7211
San Juan Atenco,21130,Puebla,2023,0,0,San Juan Atenco,21130 – San Juan Atenco,3887,7211
San Juan Atenco,21130,Puebla,2024,0,0,San Juan Atenco,21130 – San Juan Atenco,3887,7211
San Juan Atenco,21130,Puebla,2025,0,0,San Juan Atenco,21130 – San Juan Atenco,3887,7211
San Juan Atzompa,21131,Puebla,2015,0,0,San Juan Atzompa,21131 – San Juan Atzompa,933,1952
San Juan Atzompa,21131,Puebla,2016,0,0,San Juan Atzompa,21131 – San Juan Atzompa,933,1952
San Juan Atzompa,21131,Puebla,2017,0,0,San Juan Atzompa,21131 – San Juan Atzompa,933,1952
San Juan Atzompa,21131,Puebla,2018,0,0,San Juan Atzompa,21131 – San Juan Atzompa,933,1952
San Juan Atzompa,21131,Puebla,2019,0,0,San Juan Atzompa,21131 – San Juan Atzompa,933,1952
San Juan Atzompa,21131,Puebla,2020,0,0,San Juan Atzompa,21131 – San Juan Atzompa,933,1952
San Juan Atzompa,21131,Puebla,2021,0,0,San Juan Atzompa,21131 – San Juan Atzompa,933,1952
San Juan Atzompa,21131,Puebla,2022,0,0,San Juan Atzompa,21131 – San Juan Atzompa,933,1952
San Juan Atzompa,21131,Puebla,2023,0,0,San Juan Atzompa,21131 – San Juan Atzompa,933,1952
San Juan Atzompa,21131,Puebla,2024,0,0,San Juan Atzompa,21131 – San Juan Atzompa,933,1952
San Juan Atzompa,21131,Puebla,2025,0,0,San Juan Atzompa,21131 – San Juan Atzompa,933,1952
San Martã­n Texmelucan,21132,Puebla,2015,0,0,San Martã­n Texmelucan,21132 – San Martã­n Texmelucan,161627,311497
San Martã­n Texmelucan,21132,Puebla,2016,1,0.6187085078606916,San Martã­n Texmelucan,21132 – San Martã­n Texmelucan,161627,311497
San Martã­n Texmelucan,21132,Puebla,2017,0,0,San Martã­n Texmelucan,21132 – San Martã­n Texmelucan,161627,311497
San Martã­n Texmelucan,21132,Puebla,2018,0,0,San Martã­n Texmelucan,21132 – San Martã­n Texmelucan,161627,311497
San Martã­n Texmelucan,21132,Puebla,2019,2,1.2374170157213833,San Martã­n Texmelucan,21132 – San Martã­n Texmelucan,161627,311497
San Martã­n Texmelucan,21132,Puebla,2020,3,1.8561255235820748,San Martã­n Texmelucan,21132 – San Martã­n Texmelucan,161627,311497
San Martã­n Texmelucan,21132,Puebla,2021,0,0,San Martã­n Texmelucan,21132 – San Martã­n Texmelucan,161627,311497
San Martã­n Texmelucan,21132,Puebla,2022,0,0,San Martã­n Texmelucan,21132 – San Martã­n Texmelucan,161627,311497
San Martã­n Texmelucan,21132,Puebla,2023,2,1.2374170157213833,San Martã­n Texmelucan,21132 – San Martã­n Texmelucan,161627,311497
San Martã­n Texmelucan,21132,Puebla,2024,2,1.2374170157213833,San Martã­n Texmelucan,21132 – San Martã­n Texmelucan,161627,311497
San Martã­n Texmelucan,21132,Puebla,2025,0,0,San Martã­n Texmelucan,21132 – San Martã­n Texmelucan,161627,311497
San Martã­n Totoltepec,21133,Puebla,2015,0,0,San Martã­n Totoltepec,21133 – San Martã­n Totoltepec,668,1384
San Martã­n Totoltepec,21133,Puebla,2016,0,0,San Martã­n Totoltepec,21133 – San Martã­n Totoltepec,668,1384
San Martã­n Totoltepec,21133,Puebla,2017,0,0,San Martã­n Totoltepec,21133 – San Martã­n Totoltepec,668,1384
San Martã­n Totoltepec,21133,Puebla,2018,0,0,San Martã­n Totoltepec,21133 – San Martã­n Totoltepec,668,1384
San Martã­n Totoltepec,21133,Puebla,2019,0,0,San Martã­n Totoltepec,21133 – San Martã­n Totoltepec,668,1384
San Martã­n Totoltepec,21133,Puebla,2020,0,0,San Martã­n Totoltepec,21133 – San Martã­n Totoltepec,668,1384
San Martã­n Totoltepec,21133,Puebla,2021,0,0,San Martã­n Totoltepec,21133 – San Martã­n Totoltepec,668,1384
San Martã­n Totoltepec,21133,Puebla,2022,0,0,San Martã­n Totoltepec,21133 – San Martã­n Totoltepec,668,1384
San Martã­n Totoltepec,21133,Puebla,2023,1,149.7005988023952,San Martã­n Totoltepec,21133 – San Martã­n Totoltepec,668,1384
San Martã­n Totoltepec,21133,Puebla,2024,0,0,San Martã­n Totoltepec,21133 – San Martã­n Totoltepec,668,1384
San Martã­n Totoltepec,21133,Puebla,2025,0,0,San Martã­n Totoltepec,21133 – San Martã­n Totoltepec,668,1384
San Matã­as Tlalancaleca,21134,Puebla,2015,0,0,San Matã­as Tlalancaleca,21134 – San Matã­as Tlalancaleca,21512,41982
San Matã­as Tlalancaleca,21134,Puebla,2016,0,0,San Matã­as Tlalancaleca,21134 – San Matã­as Tlalancaleca,21512,41982
San Matã­as Tlalancaleca,21134,Puebla,2017,0,0,San Matã­as Tlalancaleca,21134 – San Matã­as Tlalancaleca,21512,41982
San Matã­as Tlalancaleca,21134,Puebla,2018,0,0,San Matã­as Tlalancaleca,21134 – San Matã­as Tlalancaleca,21512,41982
San Matã­as Tlalancaleca,21134,Puebla,2019,0,0,San Matã­as Tlalancaleca,21134 – San Matã­as Tlalancaleca,21512,41982
San Matã­as Tlalancaleca,21134,Puebla,2020,0,0,San Matã­as Tlalancaleca,21134 – San Matã­as Tlalancaleca,21512,41982
San Matã­as Tlalancaleca,21134,Puebla,2021,0,0,San Matã­as Tlalancaleca,21134 – San Matã­as Tlalancaleca,21512,41982
San Matã­as Tlalancaleca,21134,Puebla,2022,0,0,San Matã­as Tlalancaleca,21134 – San Matã­as Tlalancaleca,21512,41982
San Matã­as Tlalancaleca,21134,Puebla,2023,0,0,San Matã­as Tlalancaleca,21134 – San Matã­as Tlalancaleca,21512,41982
San Matã­as Tlalancaleca,21134,Puebla,2024,0,0,San Matã­as Tlalancaleca,21134 – San Matã­as Tlalancaleca,21512,41982
San Matã­as Tlalancaleca,21134,Puebla,2025,0,0,San Matã­as Tlalancaleca,21134 – San Matã­as Tlalancaleca,21512,41982
San Miguel Ixitlã¡N,21135,Puebla,2015,0,0,San Miguel Ixitlã¡N,21135 – San Miguel Ixitlã¡N,534,1071
San Miguel Ixitlã¡N,21135,Puebla,2016,0,0,San Miguel Ixitlã¡N,21135 – San Miguel Ixitlã¡N,534,1071
San Miguel Ixitlã¡N,21135,Puebla,2017,0,0,San Miguel Ixitlã¡N,21135 – San Miguel Ixitlã¡N,534,1071
San Miguel Ixitlã¡N,21135,Puebla,2018,0,0,San Miguel Ixitlã¡N,21135 – San Miguel Ixitlã¡N,534,1071
San Miguel Ixitlã¡N,21135,Puebla,2019,0,0,San Miguel Ixitlã¡N,21135 – San Miguel Ixitlã¡N,534,1071
San Miguel Ixitlã¡N,21135,Puebla,2020,0,0,San Miguel Ixitlã¡N,21135 – San Miguel Ixitlã¡N,534,1071
San Miguel Ixitlã¡N,21135,Puebla,2021,0,0,San Miguel Ixitlã¡N,21135 – San Miguel Ixitlã¡N,534,1071
San Miguel Ixitlã¡N,21135,Puebla,2022,0,0,San Miguel Ixitlã¡N,21135 – San Miguel Ixitlã¡N,534,1071
San Miguel Ixitlã¡N,21135,Puebla,2023,0,0,San Miguel Ixitlã¡N,21135 – San Miguel Ixitlã¡N,534,1071
San Miguel Ixitlã¡N,21135,Puebla,2024,0,0,San Miguel Ixitlã¡N,21135 – San Miguel Ixitlã¡N,534,1071
San Miguel Ixitlã¡N,21135,Puebla,2025,0,0,San Miguel Ixitlã¡N,21135 – San Miguel Ixitlã¡N,534,1071
San Miguel Xoxtla,21136,Puebla,2015,0,0,San Miguel Xoxtla,21136 – San Miguel Xoxtla,12743,24924
San Miguel Xoxtla,21136,Puebla,2016,0,0,San Miguel Xoxtla,21136 – San Miguel Xoxtla,12743,24924
San Miguel Xoxtla,21136,Puebla,2017,0,0,San Miguel Xoxtla,21136 – San Miguel Xoxtla,12743,24924
San Miguel Xoxtla,21136,Puebla,2018,0,0,San Miguel Xoxtla,21136 – San Miguel Xoxtla,12743,24924
San Miguel Xoxtla,21136,Puebla,2019,0,0,San Miguel Xoxtla,21136 – San Miguel Xoxtla,12743,24924
San Miguel Xoxtla,21136,Puebla,2020,0,0,San Miguel Xoxtla,21136 – San Miguel Xoxtla,12743,24924
San Miguel Xoxtla,21136,Puebla,2021,0,0,San Miguel Xoxtla,21136 – San Miguel Xoxtla,12743,24924
San Miguel Xoxtla,21136,Puebla,2022,0,0,San Miguel Xoxtla,21136 – San Miguel Xoxtla,12743,24924
San Miguel Xoxtla,21136,Puebla,2023,0,0,San Miguel Xoxtla,21136 – San Miguel Xoxtla,12743,24924
San Miguel Xoxtla,21136,Puebla,2024,0,0,San Miguel Xoxtla,21136 – San Miguel Xoxtla,12743,24924
San Miguel Xoxtla,21136,Puebla,2025,0,0,San Miguel Xoxtla,21136 – San Miguel Xoxtla,12743,24924
San Nicolã¡S Buenos Aires,21137,Puebla,2015,0,0,San Nicolã¡S Buenos Aires,21137 – San Nicolã¡S Buenos Aires,10688,20964
San Nicolã¡S Buenos Aires,21137,Puebla,2016,0,0,San Nicolã¡S Buenos Aires,21137 – San Nicolã¡S Buenos Aires,10688,20964
San Nicolã¡S Buenos Aires,21137,Puebla,2017,0,0,San Nicolã¡S Buenos Aires,21137 – San Nicolã¡S Buenos Aires,10688,20964
San Nicolã¡S Buenos Aires,21137,Puebla,2018,0,0,San Nicolã¡S Buenos Aires,21137 – San Nicolã¡S Buenos Aires,10688,20964
San Nicolã¡S Buenos Aires,21137,Puebla,2019,0,0,San Nicolã¡S Buenos Aires,21137 – San Nicolã¡S Buenos Aires,10688,20964
San Nicolã¡S Buenos Aires,21137,Puebla,2020,0,0,San Nicolã¡S Buenos Aires,21137 – San Nicolã¡S Buenos Aires,10688,20964
San Nicolã¡S Buenos Aires,21137,Puebla,2021,0,0,San Nicolã¡S Buenos Aires,21137 – San Nicolã¡S Buenos Aires,10688,20964
San Nicolã¡S Buenos Aires,21137,Puebla,2022,0,0,San Nicolã¡S Buenos Aires,21137 – San Nicolã¡S Buenos Aires,10688,20964
San Nicolã¡S Buenos Aires,21137,Puebla,2023,0,0,San Nicolã¡S Buenos Aires,21137 – San Nicolã¡S Buenos Aires,10688,20964
San Nicolã¡S Buenos Aires,21137,Puebla,2024,0,0,San Nicolã¡S Buenos Aires,21137 – San Nicolã¡S Buenos Aires,10688,20964
San Nicolã¡S Buenos Aires,21137,Puebla,2025,0,0,San Nicolã¡S Buenos Aires,21137 – San Nicolã¡S Buenos Aires,10688,20964
San Nicolã¡S De Los Ranchos,21138,Puebla,2015,0,0,San Nicolã¡S De Los Ranchos,21138 – San Nicolã¡S De Los Ranchos,12080,23574
San Nicolã¡S De Los Ranchos,21138,Puebla,2016,0,0,San Nicolã¡S De Los Ranchos,21138 – San Nicolã¡S De Los Ranchos,12080,23574
San Nicolã¡S De Los Ranchos,21138,Puebla,2017,0,0,San Nicolã¡S De Los Ranchos,21138 – San Nicolã¡S De Los Ranchos,12080,23574
San Nicolã¡S De Los Ranchos,21138,Puebla,2018,0,0,San Nicolã¡S De Los Ranchos,21138 – San Nicolã¡S De Los Ranchos,12080,23574
San Nicolã¡S De Los Ranchos,21138,Puebla,2019,0,0,San Nicolã¡S De Los Ranchos,21138 – San Nicolã¡S De Los Ranchos,12080,23574
San Nicolã¡S De Los Ranchos,21138,Puebla,2020,1,8.278145695364238,San Nicolã¡S De Los Ranchos,21138 – San Nicolã¡S De Los Ranchos,12080,23574
San Nicolã¡S De Los Ranchos,21138,Puebla,2021,0,0,San Nicolã¡S De Los Ranchos,21138 – San Nicolã¡S De Los Ranchos,12080,23574
San Nicolã¡S De Los Ranchos,21138,Puebla,2022,0,0,San Nicolã¡S De Los Ranchos,21138 – San Nicolã¡S De Los Ranchos,12080,23574
San Nicolã¡S De Los Ranchos,21138,Puebla,2023,0,0,San Nicolã¡S De Los Ranchos,21138 – San Nicolã¡S De Los Ranchos,12080,23574
San Nicolã¡S De Los Ranchos,21138,Puebla,2024,0,0,San Nicolã¡S De Los Ranchos,21138 – San Nicolã¡S De Los Ranchos,12080,23574
San Nicolã¡S De Los Ranchos,21138,Puebla,2025,0,0,San Nicolã¡S De Los Ranchos,21138 – San Nicolã¡S De Los Ranchos,12080,23574
San Pablo Anicano,21139,Puebla,2015,0,0,San Pablo Anicano,21139 – San Pablo Anicano,3930,7545
San Pablo Anicano,21139,Puebla,2016,0,0,San Pablo Anicano,21139 – San Pablo Anicano,3930,7545
San Pablo Anicano,21139,Puebla,2017,0,0,San Pablo Anicano,21139 – San Pablo Anicano,3930,7545
San Pablo Anicano,21139,Puebla,2018,0,0,San Pablo Anicano,21139 – San Pablo Anicano,3930,7545
San Pablo Anicano,21139,Puebla,2019,0,0,San Pablo Anicano,21139 – San Pablo Anicano,3930,7545
San Pablo Anicano,21139,Puebla,2020,0,0,San Pablo Anicano,21139 – San Pablo Anicano,3930,7545
San Pablo Anicano,21139,Puebla,2021,0,0,San Pablo Anicano,21139 – San Pablo Anicano,3930,7545
San Pablo Anicano,21139,Puebla,2022,0,0,San Pablo Anicano,21139 – San Pablo Anicano,3930,7545
San Pablo Anicano,21139,Puebla,2023,0,0,San Pablo Anicano,21139 – San Pablo Anicano,3930,7545
San Pablo Anicano,21139,Puebla,2024,0,0,San Pablo Anicano,21139 – San Pablo Anicano,3930,7545
San Pablo Anicano,21139,Puebla,2025,0,0,San Pablo Anicano,21139 – San Pablo Anicano,3930,7545
San Pedro Cholula,21140,Puebla,2015,0,0,San Pedro Cholula,21140 – San Pedro Cholula,143952,276889
San Pedro Cholula,21140,Puebla,2016,0,0,San Pedro Cholula,21140 – San Pedro Cholula,143952,276889
San Pedro Cholula,21140,Puebla,2017,0,0,San Pedro Cholula,21140 – San Pedro Cholula,143952,276889
San Pedro Cholula,21140,Puebla,2018,1,0.6946760031121485,San Pedro Cholula,21140 – San Pedro Cholula,143952,276889
San Pedro Cholula,21140,Puebla,2019,0,0,San Pedro Cholula,21140 – San Pedro Cholula,143952,276889
San Pedro Cholula,21140,Puebla,2020,0,0,San Pedro Cholula,21140 – San Pedro Cholula,143952,276889
San Pedro Cholula,21140,Puebla,2021,1,0.6946760031121485,San Pedro Cholula,21140 – San Pedro Cholula,143952,276889
San Pedro Cholula,21140,Puebla,2022,2,1.389352006224297,San Pedro Cholula,21140 – San Pedro Cholula,143952,276889
San Pedro Cholula,21140,Puebla,2023,0,0,San Pedro Cholula,21140 – San Pedro Cholula,143952,276889
San Pedro Cholula,21140,Puebla,2024,1,0.6946760031121485,San Pedro Cholula,21140 – San Pedro Cholula,143952,276889
San Pedro Cholula,21140,Puebla,2025,0,0,San Pedro Cholula,21140 – San Pedro Cholula,143952,276889
San Pedro Yeloixtlahuaca,21141,Puebla,2015,0,0,San Pedro Yeloixtlahuaca,21141 – San Pedro Yeloixtlahuaca,3602,6992
San Pedro Yeloixtlahuaca,21141,Puebla,2016,0,0,San Pedro Yeloixtlahuaca,21141 – San Pedro Yeloixtlahuaca,3602,6992
San Pedro Yeloixtlahuaca,21141,Puebla,2017,0,0,San Pedro Yeloixtlahuaca,21141 – San Pedro Yeloixtlahuaca,3602,6992
San Pedro Yeloixtlahuaca,21141,Puebla,2018,0,0,San Pedro Yeloixtlahuaca,21141 – San Pedro Yeloixtlahuaca,3602,6992
San Pedro Yeloixtlahuaca,21141,Puebla,2019,0,0,San Pedro Yeloixtlahuaca,21141 – San Pedro Yeloixtlahuaca,3602,6992
San Pedro Yeloixtlahuaca,21141,Puebla,2020,0,0,San Pedro Yeloixtlahuaca,21141 – San Pedro Yeloixtlahuaca,3602,6992
San Pedro Yeloixtlahuaca,21141,Puebla,2021,0,0,San Pedro Yeloixtlahuaca,21141 – San Pedro Yeloixtlahuaca,3602,6992
San Pedro Yeloixtlahuaca,21141,Puebla,2022,0,0,San Pedro Yeloixtlahuaca,21141 – San Pedro Yeloixtlahuaca,3602,6992
San Pedro Yeloixtlahuaca,21141,Puebla,2023,0,0,San Pedro Yeloixtlahuaca,21141 – San Pedro Yeloixtlahuaca,3602,6992
San Pedro Yeloixtlahuaca,21141,Puebla,2024,0,0,San Pedro Yeloixtlahuaca,21141 – San Pedro Yeloixtlahuaca,3602,6992
San Pedro Yeloixtlahuaca,21141,Puebla,2025,0,0,San Pedro Yeloixtlahuaca,21141 – San Pedro Yeloixtlahuaca,3602,6992
San Salvador El Seco,21142,Puebla,2015,0,0,San Salvador El Seco,21142 – San Salvador El Seco,31298,61444
San Salvador El Seco,21142,Puebla,2016,0,0,San Salvador El Seco,21142 – San Salvador El Seco,31298,61444
San Salvador El Seco,21142,Puebla,2017,0,0,San Salvador El Seco,21142 – San Salvador El Seco,31298,61444
San Salvador El Seco,21142,Puebla,2018,0,0,San Salvador El Seco,21142 – San Salvador El Seco,31298,61444
San Salvador El Seco,21142,Puebla,2019,0,0,San Salvador El Seco,21142 – San Salvador El Seco,31298,61444
San Salvador El Seco,21142,Puebla,2020,0,0,San Salvador El Seco,21142 – San Salvador El Seco,31298,61444
San Salvador El Seco,21142,Puebla,2021,0,0,San Salvador El Seco,21142 – San Salvador El Seco,31298,61444
San Salvador El Seco,21142,Puebla,2022,0,0,San Salvador El Seco,21142 – San Salvador El Seco,31298,61444
San Salvador El Seco,21142,Puebla,2023,0,0,San Salvador El Seco,21142 – San Salvador El Seco,31298,61444
San Salvador El Seco,21142,Puebla,2024,0,0,San Salvador El Seco,21142 – San Salvador El Seco,31298,61444
San Salvador El Seco,21142,Puebla,2025,0,0,San Salvador El Seco,21142 – San Salvador El Seco,31298,61444
San Salvador El Verde,21143,Puebla,2015,0,0,San Salvador El Verde,21143 – San Salvador El Verde,35850,69794
San Salvador El Verde,21143,Puebla,2016,0,0,San Salvador El Verde,21143 – San Salvador El Verde,35850,69794
San Salvador El Verde,21143,Puebla,2017,0,0,San Salvador El Verde,21143 – San Salvador El Verde,35850,69794
San Salvador El Verde,21143,Puebla,2018,0,0,San Salvador El Verde,21143 – San Salvador El Verde,35850,69794
San Salvador El Verde,21143,Puebla,2019,0,0,San Salvador El Verde,21143 – San Salvador El Verde,35850,69794
San Salvador El Verde,21143,Puebla,2020,0,0,San Salvador El Verde,21143 – San Salvador El Verde,35850,69794
San Salvador El Verde,21143,Puebla,2021,0,0,San Salvador El Verde,21143 – San Salvador El Verde,35850,69794
San Salvador El Verde,21143,Puebla,2022,0,0,San Salvador El Verde,21143 – San Salvador El Verde,35850,69794
San Salvador El Verde,21143,Puebla,2023,0,0,San Salvador El Verde,21143 – San Salvador El Verde,35850,69794
San Salvador El Verde,21143,Puebla,2024,0,0,San Salvador El Verde,21143 – San Salvador El Verde,35850,69794
San Salvador El Verde,21143,Puebla,2025,1,2.789400278940028,San Salvador El Verde,21143 – San Salvador El Verde,35850,69794
San Salvador Huixcolotla,21144,Puebla,2015,0,0,San Salvador Huixcolotla,21144 – San Salvador Huixcolotla,17228,33637
San Salvador Huixcolotla,21144,Puebla,2016,0,0,San Salvador Huixcolotla,21144 – San Salvador Huixcolotla,17228,33637
San Salvador Huixcolotla,21144,Puebla,2017,0,0,San Salvador Huixcolotla,21144 – San Salvador Huixcolotla,17228,33637
San Salvador Huixcolotla,21144,Puebla,2018,0,0,San Salvador Huixcolotla,21144 – San Salvador Huixcolotla,17228,33637
San Salvador Huixcolotla,21144,Puebla,2019,0,0,San Salvador Huixcolotla,21144 – San Salvador Huixcolotla,17228,33637
San Salvador Huixcolotla,21144,Puebla,2020,2,11.609008590666358,San Salvador Huixcolotla,21144 – San Salvador Huixcolotla,17228,33637
San Salvador Huixcolotla,21144,Puebla,2021,0,0,San Salvador Huixcolotla,21144 – San Salvador Huixcolotla,17228,33637
San Salvador Huixcolotla,21144,Puebla,2022,0,0,San Salvador Huixcolotla,21144 – San Salvador Huixcolotla,17228,33637
San Salvador Huixcolotla,21144,Puebla,2023,0,0,San Salvador Huixcolotla,21144 – San Salvador Huixcolotla,17228,33637
San Salvador Huixcolotla,21144,Puebla,2024,1,5.804504295333179,San Salvador Huixcolotla,21144 – San Salvador Huixcolotla,17228,33637
San Salvador Huixcolotla,21144,Puebla,2025,0,0,San Salvador Huixcolotla,21144 – San Salvador Huixcolotla,17228,33637
San Sebastiã¡N Tlacotepec,21145,Puebla,2015,0,0,San Sebastiã¡N Tlacotepec,21145 – San Sebastiã¡N Tlacotepec,13398,26394
San Sebastiã¡N Tlacotepec,21145,Puebla,2016,0,0,San Sebastiã¡N Tlacotepec,21145 – San Sebastiã¡N Tlacotepec,13398,26394
San Sebastiã¡N Tlacotepec,21145,Puebla,2017,0,0,San Sebastiã¡N Tlacotepec,21145 – San Sebastiã¡N Tlacotepec,13398,26394
San Sebastiã¡N Tlacotepec,21145,Puebla,2018,0,0,San Sebastiã¡N Tlacotepec,21145 – San Sebastiã¡N Tlacotepec,13398,26394
San Sebastiã¡N Tlacotepec,21145,Puebla,2019,0,0,San Sebastiã¡N Tlacotepec,21145 – San Sebastiã¡N Tlacotepec,13398,26394
San Sebastiã¡N Tlacotepec,21145,Puebla,2020,0,0,San Sebastiã¡N Tlacotepec,21145 – San Sebastiã¡N Tlacotepec,13398,26394
San Sebastiã¡N Tlacotepec,21145,Puebla,2021,1,7.4638005672488434,San Sebastiã¡N Tlacotepec,21145 – San Sebastiã¡N Tlacotepec,13398,26394
San Sebastiã¡N Tlacotepec,21145,Puebla,2022,0,0,San Sebastiã¡N Tlacotepec,21145 – San Sebastiã¡N Tlacotepec,13398,26394
San Sebastiã¡N Tlacotepec,21145,Puebla,2023,0,0,San Sebastiã¡N Tlacotepec,21145 – San Sebastiã¡N Tlacotepec,13398,26394
San Sebastiã¡N Tlacotepec,21145,Puebla,2024,0,0,San Sebastiã¡N Tlacotepec,21145 – San Sebastiã¡N Tlacotepec,13398,26394
San Sebastiã¡N Tlacotepec,21145,Puebla,2025,0,0,San Sebastiã¡N Tlacotepec,21145 – San Sebastiã¡N Tlacotepec,13398,26394
Santa Catarina Tlaltempan,21146,Puebla,2015,0,0,Santa Catarina Tlaltempan,21146 – Santa Catarina Tlaltempan,754,1498
Santa Catarina Tlaltempan,21146,Puebla,2016,0,0,Santa Catarina Tlaltempan,21146 – Santa Catarina Tlaltempan,754,1498
Santa Catarina Tlaltempan,21146,Puebla,2017,0,0,Santa Catarina Tlaltempan,21146 – Santa Catarina Tlaltempan,754,1498
Santa Catarina Tlaltempan,21146,Puebla,2018,0,0,Santa Catarina Tlaltempan,21146 – Santa Catarina Tlaltempan,754,1498
Santa Catarina Tlaltempan,21146,Puebla,2019,0,0,Santa Catarina Tlaltempan,21146 – Santa Catarina Tlaltempan,754,1498
Santa Catarina Tlaltempan,21146,Puebla,2020,0,0,Santa Catarina Tlaltempan,21146 – Santa Catarina Tlaltempan,754,1498
Santa Catarina Tlaltempan,21146,Puebla,2021,0,0,Santa Catarina Tlaltempan,21146 – Santa Catarina Tlaltempan,754,1498
Santa Catarina Tlaltempan,21146,Puebla,2022,0,0,Santa Catarina Tlaltempan,21146 – Santa Catarina Tlaltempan,754,1498
Santa Catarina Tlaltempan,21146,Puebla,2023,0,0,Santa Catarina Tlaltempan,21146 – Santa Catarina Tlaltempan,754,1498
Santa Catarina Tlaltempan,21146,Puebla,2024,0,0,Santa Catarina Tlaltempan,21146 – Santa Catarina Tlaltempan,754,1498
Santa Catarina Tlaltempan,21146,Puebla,2025,0,0,Santa Catarina Tlaltempan,21146 – Santa Catarina Tlaltempan,754,1498
Santa Inã©S Ahuatempan,21147,Puebla,2015,0,0,Santa Inã©S Ahuatempan,21147 – Santa Inã©S Ahuatempan,6606,12726
Santa Inã©S Ahuatempan,21147,Puebla,2016,0,0,Santa Inã©S Ahuatempan,21147 – Santa Inã©S Ahuatempan,6606,12726
Santa Inã©S Ahuatempan,21147,Puebla,2017,0,0,Santa Inã©S Ahuatempan,21147 – Santa Inã©S Ahuatempan,6606,12726
Santa Inã©S Ahuatempan,21147,Puebla,2018,0,0,Santa Inã©S Ahuatempan,21147 – Santa Inã©S Ahuatempan,6606,12726
Santa Inã©S Ahuatempan,21147,Puebla,2019,0,0,Santa Inã©S Ahuatempan,21147 – Santa Inã©S Ahuatempan,6606,12726
Santa Inã©S Ahuatempan,21147,Puebla,2020,0,0,Santa Inã©S Ahuatempan,21147 – Santa Inã©S Ahuatempan,6606,12726
Santa Inã©S Ahuatempan,21147,Puebla,2021,0,0,Santa Inã©S Ahuatempan,21147 – Santa Inã©S Ahuatempan,6606,12726
Santa Inã©S Ahuatempan,21147,Puebla,2022,0,0,Santa Inã©S Ahuatempan,21147 – Santa Inã©S Ahuatempan,6606,12726
Santa Inã©S Ahuatempan,21147,Puebla,2023,0,0,Santa Inã©S Ahuatempan,21147 – Santa Inã©S Ahuatempan,6606,12726
Santa Inã©S Ahuatempan,21147,Puebla,2024,0,0,Santa Inã©S Ahuatempan,21147 – Santa Inã©S Ahuatempan,6606,12726
Santa Inã©S Ahuatempan,21147,Puebla,2025,0,0,Santa Inã©S Ahuatempan,21147 – Santa Inã©S Ahuatempan,6606,12726
Santa Isabel Cholula,21148,Puebla,2015,0,0,Santa Isabel Cholula,21148 – Santa Isabel Cholula,11770,22996
Santa Isabel Cholula,21148,Puebla,2016,0,0,Santa Isabel Cholula,21148 – Santa Isabel Cholula,11770,22996
Santa Isabel Cholula,21148,Puebla,2017,0,0,Santa Isabel Cholula,21148 – Santa Isabel Cholula,11770,22996
Santa Isabel Cholula,21148,Puebla,2018,0,0,Santa Isabel Cholula,21148 – Santa Isabel Cholula,11770,22996
Santa Isabel Cholula,21148,Puebla,2019,0,0,Santa Isabel Cholula,21148 – Santa Isabel Cholula,11770,22996
Santa Isabel Cholula,21148,Puebla,2020,0,0,Santa Isabel Cholula,21148 – Santa Isabel Cholula,11770,22996
Santa Isabel Cholula,21148,Puebla,2021,0,0,Santa Isabel Cholula,21148 – Santa Isabel Cholula,11770,22996
Santa Isabel Cholula,21148,Puebla,2022,0,0,Santa Isabel Cholula,21148 – Santa Isabel Cholula,11770,22996
Santa Isabel Cholula,21148,Puebla,2023,0,0,Santa Isabel Cholula,21148 – Santa Isabel Cholula,11770,22996
Santa Isabel Cholula,21148,Puebla,2024,0,0,Santa Isabel Cholula,21148 – Santa Isabel Cholula,11770,22996
Santa Isabel Cholula,21148,Puebla,2025,0,0,Santa Isabel Cholula,21148 – Santa Isabel Cholula,11770,22996
Santiago Miahuatlã¡N,21149,Puebla,2015,0,0,Santiago Miahuatlã¡N,21149 – Santiago Miahuatlã¡N,31265,60637
Santiago Miahuatlã¡N,21149,Puebla,2016,0,0,Santiago Miahuatlã¡N,21149 – Santiago Miahuatlã¡N,31265,60637
Santiago Miahuatlã¡N,21149,Puebla,2017,0,0,Santiago Miahuatlã¡N,21149 – Santiago Miahuatlã¡N,31265,60637
Santiago Miahuatlã¡N,21149,Puebla,2018,0,0,Santiago Miahuatlã¡N,21149 – Santiago Miahuatlã¡N,31265,60637
Santiago Miahuatlã¡N,21149,Puebla,2019,1,3.1984647369262755,Santiago Miahuatlã¡N,21149 – Santiago Miahuatlã¡N,31265,60637
Santiago Miahuatlã¡N,21149,Puebla,2020,0,0,Santiago Miahuatlã¡N,21149 – Santiago Miahuatlã¡N,31265,60637
Santiago Miahuatlã¡N,21149,Puebla,2021,0,0,Santiago Miahuatlã¡N,21149 – Santiago Miahuatlã¡N,31265,60637
Santiago Miahuatlã¡N,21149,Puebla,2022,0,0,Santiago Miahuatlã¡N,21149 – Santiago Miahuatlã¡N,31265,60637
Santiago Miahuatlã¡N,21149,Puebla,2023,0,0,Santiago Miahuatlã¡N,21149 – Santiago Miahuatlã¡N,31265,60637
Santiago Miahuatlã¡N,21149,Puebla,2024,0,0,Santiago Miahuatlã¡N,21149 – Santiago Miahuatlã¡N,31265,60637
Santiago Miahuatlã¡N,21149,Puebla,2025,0,0,Santiago Miahuatlã¡N,21149 – Santiago Miahuatlã¡N,31265,60637
Huehuetlã¡N El Grande,21150,Puebla,2015,0,0,Huehuetlã¡N El Grande,21150 – Huehuetlã¡N El Grande,6318,12210
Huehuetlã¡N El Grande,21150,Puebla,2016,0,0,Huehuetlã¡N El Grande,21150 – Huehuetlã¡N El Grande,6318,12210
Huehuetlã¡N El Grande,21150,Puebla,2017,0,0,Huehuetlã¡N El Grande,21150 – Huehuetlã¡N El Grande,6318,12210
Huehuetlã¡N El Grande,21150,Puebla,2018,0,0,Huehuetlã¡N El Grande,21150 – Huehuetlã¡N El Grande,6318,12210
Huehuetlã¡N El Grande,21150,Puebla,2019,0,0,Huehuetlã¡N El Grande,21150 – Huehuetlã¡N El Grande,6318,12210
Huehuetlã¡N El Grande,21150,Puebla,2020,0,0,Huehuetlã¡N El Grande,21150 – Huehuetlã¡N El Grande,6318,12210
Huehuetlã¡N El Grande,21150,Puebla,2021,0,0,Huehuetlã¡N El Grande,21150 – Huehuetlã¡N El Grande,6318,12210
Huehuetlã¡N El Grande,21150,Puebla,2022,0,0,Huehuetlã¡N El Grande,21150 – Huehuetlã¡N El Grande,6318,12210
Huehuetlã¡N El Grande,21150,Puebla,2023,0,0,Huehuetlã¡N El Grande,21150 – Huehuetlã¡N El Grande,6318,12210
Huehuetlã¡N El Grande,21150,Puebla,2024,0,0,Huehuetlã¡N El Grande,21150 – Huehuetlã¡N El Grande,6318,12210
Huehuetlã¡N El Grande,21150,Puebla,2025,0,0,Huehuetlã¡N El Grande,21150 – Huehuetlã¡N El Grande,6318,12210
Santo Tomã¡S Hueyotlipan,21151,Puebla,2015,0,0,Santo Tomã¡S Hueyotlipan,21151 – Santo Tomã¡S Hueyotlipan,9572,18652
Santo Tomã¡S Hueyotlipan,21151,Puebla,2016,0,0,Santo Tomã¡S Hueyotlipan,21151 – Santo Tomã¡S Hueyotlipan,9572,18652
Santo Tomã¡S Hueyotlipan,21151,Puebla,2017,0,0,Santo Tomã¡S Hueyotlipan,21151 – Santo Tomã¡S Hueyotlipan,9572,18652
Santo Tomã¡S Hueyotlipan,21151,Puebla,2018,0,0,Santo Tomã¡S Hueyotlipan,21151 – Santo Tomã¡S Hueyotlipan,9572,18652
Santo Tomã¡S Hueyotlipan,21151,Puebla,2019,0,0,Santo Tomã¡S Hueyotlipan,21151 – Santo Tomã¡S Hueyotlipan,9572,18652
Santo Tomã¡S Hueyotlipan,21151,Puebla,2020,0,0,Santo Tomã¡S Hueyotlipan,21151 – Santo Tomã¡S Hueyotlipan,9572,18652
Santo Tomã¡S Hueyotlipan,21151,Puebla,2021,0,0,Santo Tomã¡S Hueyotlipan,21151 – Santo Tomã¡S Hueyotlipan,9572,18652
Santo Tomã¡S Hueyotlipan,21151,Puebla,2022,0,0,Santo Tomã¡S Hueyotlipan,21151 – Santo Tomã¡S Hueyotlipan,9572,18652
Santo Tomã¡S Hueyotlipan,21151,Puebla,2023,0,0,Santo Tomã¡S Hueyotlipan,21151 – Santo Tomã¡S Hueyotlipan,9572,18652
Santo Tomã¡S Hueyotlipan,21151,Puebla,2024,0,0,Santo Tomã¡S Hueyotlipan,21151 – Santo Tomã¡S Hueyotlipan,9572,18652
Santo Tomã¡S Hueyotlipan,21151,Puebla,2025,0,0,Santo Tomã¡S Hueyotlipan,21151 – Santo Tomã¡S Hueyotlipan,9572,18652
Soltepec,21152,Puebla,2015,0,0,Soltepec,21152 – Soltepec,13056,25291
Soltepec,21152,Puebla,2016,0,0,Soltepec,21152 – Soltepec,13056,25291
Soltepec,21152,Puebla,2017,0,0,Soltepec,21152 – Soltepec,13056,25291
Soltepec,21152,Puebla,2018,0,0,Soltepec,21152 – Soltepec,13056,25291
Soltepec,21152,Puebla,2019,0,0,Soltepec,21152 – Soltepec,13056,25291
Soltepec,21152,Puebla,2020,0,0,Soltepec,21152 – Soltepec,13056,25291
Soltepec,21152,Puebla,2021,0,0,Soltepec,21152 – Soltepec,13056,25291
Soltepec,21152,Puebla,2022,0,0,Soltepec,21152 – Soltepec,13056,25291
Soltepec,21152,Puebla,2023,0,0,Soltepec,21152 – Soltepec,13056,25291
Soltepec,21152,Puebla,2024,1,7.659313725490196,Soltepec,21152 – Soltepec,13056,25291
Soltepec,21152,Puebla,2025,0,0,Soltepec,21152 – Soltepec,13056,25291
Tecali De Herrera,21153,Puebla,2015,0,0,Tecali De Herrera,21153 – Tecali De Herrera,24259,47274
Tecali De Herrera,21153,Puebla,2016,0,0,Tecali De Herrera,21153 – Tecali De Herrera,24259,47274
Tecali De Herrera,21153,Puebla,2017,0,0,Tecali De Herrera,21153 – Tecali De Herrera,24259,47274
Tecali De Herrera,21153,Puebla,2018,1,4.1221814584278,Tecali De Herrera,21153 – Tecali De Herrera,24259,47274
Tecali De Herrera,21153,Puebla,2019,0,0,Tecali De Herrera,21153 – Tecali De Herrera,24259,47274
Tecali De Herrera,21153,Puebla,2020,1,4.1221814584278,Tecali De Herrera,21153 – Tecali De Herrera,24259,47274
Tecali De Herrera,21153,Puebla,2021,0,0,Tecali De Herrera,21153 – Tecali De Herrera,24259,47274
Tecali De Herrera,21153,Puebla,2022,0,0,Tecali De Herrera,21153 – Tecali De Herrera,24259,47274
Tecali De Herrera,21153,Puebla,2023,0,0,Tecali De Herrera,21153 – Tecali De Herrera,24259,47274
Tecali De Herrera,21153,Puebla,2024,0,0,Tecali De Herrera,21153 – Tecali De Herrera,24259,47274
Tecali De Herrera,21153,Puebla,2025,0,0,Tecali De Herrera,21153 – Tecali De Herrera,24259,47274
Tecamachalco,21154,Puebla,2015,0,0,Tecamachalco,21154 – Tecamachalco,83980,161600
Tecamachalco,21154,Puebla,2016,0,0,Tecamachalco,21154 – Tecamachalco,83980,161600
Tecamachalco,21154,Puebla,2017,0,0,Tecamachalco,21154 – Tecamachalco,83980,161600
Tecamachalco,21154,Puebla,2018,1,1.1907597046915932,Tecamachalco,21154 – Tecamachalco,83980,161600
Tecamachalco,21154,Puebla,2019,3,3.57227911407478,Tecamachalco,21154 – Tecamachalco,83980,161600
Tecamachalco,21154,Puebla,2020,0,0,Tecamachalco,21154 – Tecamachalco,83980,161600
Tecamachalco,21154,Puebla,2021,3,3.57227911407478,Tecamachalco,21154 – Tecamachalco,83980,161600
Tecamachalco,21154,Puebla,2022,0,0,Tecamachalco,21154 – Tecamachalco,83980,161600
Tecamachalco,21154,Puebla,2023,0,0,Tecamachalco,21154 – Tecamachalco,83980,161600
Tecamachalco,21154,Puebla,2024,0,0,Tecamachalco,21154 – Tecamachalco,83980,161600
Tecamachalco,21154,Puebla,2025,0,0,Tecamachalco,21154 – Tecamachalco,83980,161600
Tecomatlã¡N,21155,Puebla,2015,0,0,Tecomatlã¡N,21155 – Tecomatlã¡N,6822,13678
Tecomatlã¡N,21155,Puebla,2016,0,0,Tecomatlã¡N,21155 – Tecomatlã¡N,6822,13678
Tecomatlã¡N,21155,Puebla,2017,0,0,Tecomatlã¡N,21155 – Tecomatlã¡N,6822,13678
Tecomatlã¡N,21155,Puebla,2018,0,0,Tecomatlã¡N,21155 – Tecomatlã¡N,6822,13678
Tecomatlã¡N,21155,Puebla,2019,0,0,Tecomatlã¡N,21155 – Tecomatlã¡N,6822,13678
Tecomatlã¡N,21155,Puebla,2020,0,0,Tecomatlã¡N,21155 – Tecomatlã¡N,6822,13678
Tecomatlã¡N,21155,Puebla,2021,0,0,Tecomatlã¡N,21155 – Tecomatlã¡N,6822,13678
Tecomatlã¡N,21155,Puebla,2022,0,0,Tecomatlã¡N,21155 – Tecomatlã¡N,6822,13678
Tecomatlã¡N,21155,Puebla,2023,0,0,Tecomatlã¡N,21155 – Tecomatlã¡N,6822,13678
Tecomatlã¡N,21155,Puebla,2024,0,0,Tecomatlã¡N,21155 – Tecomatlã¡N,6822,13678
Tecomatlã¡N,21155,Puebla,2025,0,0,Tecomatlã¡N,21155 – Tecomatlã¡N,6822,13678
Tehuacã¡N,21156,Puebla,2015,0,0,Tehuacã¡N,21156 – Tehuacã¡N,345810,654793
Tehuacã¡N,21156,Puebla,2016,0,0,Tehuacã¡N,21156 – Tehuacã¡N,345810,654793
Tehuacã¡N,21156,Puebla,2017,4,1.156704548740638,Tehuacã¡N,21156 – Tehuacã¡N,345810,654793
Tehuacã¡N,21156,Puebla,2018,4,1.156704548740638,Tehuacã¡N,21156 – Tehuacã¡N,345810,654793
Tehuacã¡N,21156,Puebla,2019,1,0.2891761371851595,Tehuacã¡N,21156 – Tehuacã¡N,345810,654793
Tehuacã¡N,21156,Puebla,2020,1,0.2891761371851595,Tehuacã¡N,21156 – Tehuacã¡N,345810,654793
Tehuacã¡N,21156,Puebla,2021,0,0,Tehuacã¡N,21156 – Tehuacã¡N,345810,654793
Tehuacã¡N,21156,Puebla,2022,0,0,Tehuacã¡N,21156 – Tehuacã¡N,345810,654793
Tehuacã¡N,21156,Puebla,2023,0,0,Tehuacã¡N,21156 – Tehuacã¡N,345810,654793
Tehuacã¡N,21156,Puebla,2024,2,0.578352274370319,Tehuacã¡N,21156 – Tehuacã¡N,345810,654793
Tehuacã¡N,21156,Puebla,2025,1,0.2891761371851595,Tehuacã¡N,21156 – Tehuacã¡N,345810,654793
Tehuitzingo,21157,Puebla,2015,0,0,Tehuitzingo,21157 – Tehuitzingo,13158,25394
Tehuitzingo,21157,Puebla,2016,0,0,Tehuitzingo,21157 – Tehuitzingo,13158,25394
Tehuitzingo,21157,Puebla,2017,0,0,Tehuitzingo,21157 – Tehuitzingo,13158,25394
Tehuitzingo,21157,Puebla,2018,1,7.599939200486396,Tehuitzingo,21157 – Tehuitzingo,13158,25394
Tehuitzingo,21157,Puebla,2019,1,7.599939200486396,Tehuitzingo,21157 – Tehuitzingo,13158,25394
Tehuitzingo,21157,Puebla,2020,0,0,Tehuitzingo,21157 – Tehuitzingo,13158,25394
Tehuitzingo,21157,Puebla,2021,0,0,Tehuitzingo,21157 – Tehuitzingo,13158,25394
Tehuitzingo,21157,Puebla,2022,0,0,Tehuitzingo,21157 – Tehuitzingo,13158,25394
Tehuitzingo,21157,Puebla,2023,0,0,Tehuitzingo,21157 – Tehuitzingo,13158,25394
Tehuitzingo,21157,Puebla,2024,0,0,Tehuitzingo,21157 – Tehuitzingo,13158,25394
Tehuitzingo,21157,Puebla,2025,0,0,Tehuitzingo,21157 – Tehuitzingo,13158,25394
Tenampulco,21158,Puebla,2015,0,0,Tenampulco,21158 – Tenampulco,6870,13502
Tenampulco,21158,Puebla,2016,0,0,Tenampulco,21158 – Tenampulco,6870,13502
Tenampulco,21158,Puebla,2017,0,0,Tenampulco,21158 – Tenampulco,6870,13502
Tenampulco,21158,Puebla,2018,0,0,Tenampulco,21158 – Tenampulco,6870,13502
Tenampulco,21158,Puebla,2019,0,0,Tenampulco,21158 – Tenampulco,6870,13502
Tenampulco,21158,Puebla,2020,0,0,Tenampulco,21158 – Tenampulco,6870,13502
Tenampulco,21158,Puebla,2021,0,0,Tenampulco,21158 – Tenampulco,6870,13502
Tenampulco,21158,Puebla,2022,0,0,Tenampulco,21158 – Tenampulco,6870,13502
Tenampulco,21158,Puebla,2023,0,0,Tenampulco,21158 – Tenampulco,6870,13502
Tenampulco,21158,Puebla,2024,0,0,Tenampulco,21158 – Tenampulco,6870,13502
Tenampulco,21158,Puebla,2025,0,0,Tenampulco,21158 – Tenampulco,6870,13502
Teopantlã¡N,21159,Puebla,2015,0,0,Teopantlã¡N,21159 – Teopantlã¡N,4248,7683
Teopantlã¡N,21159,Puebla,2016,0,0,Teopantlã¡N,21159 – Teopantlã¡N,4248,7683
Teopantlã¡N,21159,Puebla,2017,0,0,Teopantlã¡N,21159 – Teopantlã¡N,4248,7683
Teopantlã¡N,21159,Puebla,2018,0,0,Teopantlã¡N,21159 – Teopantlã¡N,4248,7683
Teopantlã¡N,21159,Puebla,2019,0,0,Teopantlã¡N,21159 – Teopantlã¡N,4248,7683
Teopantlã¡N,21159,Puebla,2020,0,0,Teopantlã¡N,21159 – Teopantlã¡N,4248,7683
Teopantlã¡N,21159,Puebla,2021,0,0,Teopantlã¡N,21159 – Teopantlã¡N,4248,7683
Teopantlã¡N,21159,Puebla,2022,0,0,Teopantlã¡N,21159 – Teopantlã¡N,4248,7683
Teopantlã¡N,21159,Puebla,2023,0,0,Teopantlã¡N,21159 – Teopantlã¡N,4248,7683
Teopantlã¡N,21159,Puebla,2024,0,0,Teopantlã¡N,21159 – Teopantlã¡N,4248,7683
Teopantlã¡N,21159,Puebla,2025,0,0,Teopantlã¡N,21159 – Teopantlã¡N,4248,7683
Teotlalco,21160,Puebla,2015,0,0,Teotlalco,21160 – Teotlalco,3696,7381
Teotlalco,21160,Puebla,2016,0,0,Teotlalco,21160 – Teotlalco,3696,7381
Teotlalco,21160,Puebla,2017,0,0,Teotlalco,21160 – Teotlalco,3696,7381
Teotlalco,21160,Puebla,2018,0,0,Teotlalco,21160 – Teotlalco,3696,7381
Teotlalco,21160,Puebla,2019,0,0,Teotlalco,21160 – Teotlalco,3696,7381
Teotlalco,21160,Puebla,2020,0,0,Teotlalco,21160 – Teotlalco,3696,7381
Teotlalco,21160,Puebla,2021,0,0,Teotlalco,21160 – Teotlalco,3696,7381
Teotlalco,21160,Puebla,2022,0,0,Teotlalco,21160 – Teotlalco,3696,7381
Teotlalco,21160,Puebla,2023,0,0,Teotlalco,21160 – Teotlalco,3696,7381
Teotlalco,21160,Puebla,2024,0,0,Teotlalco,21160 – Teotlalco,3696,7381
Teotlalco,21160,Puebla,2025,0,0,Teotlalco,21160 – Teotlalco,3696,7381
Tepanco De Lã³Pez,21161,Puebla,2015,0,0,Tepanco De Lã³Pez,21161 – Tepanco De Lã³Pez,23634,44510
Tepanco De Lã³Pez,21161,Puebla,2016,0,0,Tepanco De Lã³Pez,21161 – Tepanco De Lã³Pez,23634,44510
Tepanco De Lã³Pez,21161,Puebla,2017,0,0,Tepanco De Lã³Pez,21161 – Tepanco De Lã³Pez,23634,44510
Tepanco De Lã³Pez,21161,Puebla,2018,0,0,Tepanco De Lã³Pez,21161 – Tepanco De Lã³Pez,23634,44510
Tepanco De Lã³Pez,21161,Puebla,2019,0,0,Tepanco De Lã³Pez,21161 – Tepanco De Lã³Pez,23634,44510
Tepanco De Lã³Pez,21161,Puebla,2020,0,0,Tepanco De Lã³Pez,21161 – Tepanco De Lã³Pez,23634,44510
Tepanco De Lã³Pez,21161,Puebla,2021,0,0,Tepanco De Lã³Pez,21161 – Tepanco De Lã³Pez,23634,44510
Tepanco De Lã³Pez,21161,Puebla,2022,0,0,Tepanco De Lã³Pez,21161 – Tepanco De Lã³Pez,23634,44510
Tepanco De Lã³Pez,21161,Puebla,2023,0,0,Tepanco De Lã³Pez,21161 – Tepanco De Lã³Pez,23634,44510
Tepanco De Lã³Pez,21161,Puebla,2024,0,0,Tepanco De Lã³Pez,21161 – Tepanco De Lã³Pez,23634,44510
Tepanco De Lã³Pez,21161,Puebla,2025,0,0,Tepanco De Lã³Pez,21161 – Tepanco De Lã³Pez,23634,44510
Tepango De Rodrã­guez,21162,Puebla,2015,0,0,Tepango De Rodrã­guez,21162 – Tepango De Rodrã­guez,4472,8310
Tepango De Rodrã­guez,21162,Puebla,2016,0,0,Tepango De Rodrã­guez,21162 – Tepango De Rodrã­guez,4472,8310
Tepango De Rodrã­guez,21162,Puebla,2017,0,0,Tepango De Rodrã­guez,21162 – Tepango De Rodrã­guez,4472,8310
Tepango De Rodrã­guez,21162,Puebla,2018,0,0,Tepango De Rodrã­guez,21162 – Tepango De Rodrã­guez,4472,8310
Tepango De Rodrã­guez,21162,Puebla,2019,0,0,Tepango De Rodrã­guez,21162 – Tepango De Rodrã­guez,4472,8310
Tepango De Rodrã­guez,21162,Puebla,2020,0,0,Tepango De Rodrã­guez,21162 – Tepango De Rodrã­guez,4472,8310
Tepango De Rodrã­guez,21162,Puebla,2021,0,0,Tepango De Rodrã­guez,21162 – Tepango De Rodrã­guez,4472,8310
Tepango De Rodrã­guez,21162,Puebla,2022,0,0,Tepango De Rodrã­guez,21162 – Tepango De Rodrã­guez,4472,8310
Tepango De Rodrã­guez,21162,Puebla,2023,0,0,Tepango De Rodrã­guez,21162 – Tepango De Rodrã­guez,4472,8310
Tepango De Rodrã­guez,21162,Puebla,2024,0,0,Tepango De Rodrã­guez,21162 – Tepango De Rodrã­guez,4472,8310
Tepango De Rodrã­guez,21162,Puebla,2025,0,0,Tepango De Rodrã­guez,21162 – Tepango De Rodrã­guez,4472,8310
Tepatlaxco De Hidalgo,21163,Puebla,2015,0,0,Tepatlaxco De Hidalgo,21163 – Tepatlaxco De Hidalgo,19468,37720
Tepatlaxco De Hidalgo,21163,Puebla,2016,0,0,Tepatlaxco De Hidalgo,21163 – Tepatlaxco De Hidalgo,19468,37720
Tepatlaxco De Hidalgo,21163,Puebla,2017,0,0,Tepatlaxco De Hidalgo,21163 – Tepatlaxco De Hidalgo,19468,37720
Tepatlaxco De Hidalgo,21163,Puebla,2018,0,0,Tepatlaxco De Hidalgo,21163 – Tepatlaxco De Hidalgo,19468,37720
Tepatlaxco De Hidalgo,21163,Puebla,2019,0,0,Tepatlaxco De Hidalgo,21163 – Tepatlaxco De Hidalgo,19468,37720
Tepatlaxco De Hidalgo,21163,Puebla,2020,0,0,Tepatlaxco De Hidalgo,21163 – Tepatlaxco De Hidalgo,19468,37720
Tepatlaxco De Hidalgo,21163,Puebla,2021,0,0,Tepatlaxco De Hidalgo,21163 – Tepatlaxco De Hidalgo,19468,37720
Tepatlaxco De Hidalgo,21163,Puebla,2022,0,0,Tepatlaxco De Hidalgo,21163 – Tepatlaxco De Hidalgo,19468,37720
Tepatlaxco De Hidalgo,21163,Puebla,2023,0,0,Tepatlaxco De Hidalgo,21163 – Tepatlaxco De Hidalgo,19468,37720
Tepatlaxco De Hidalgo,21163,Puebla,2024,0,0,Tepatlaxco De Hidalgo,21163 – Tepatlaxco De Hidalgo,19468,37720
Tepatlaxco De Hidalgo,21163,Puebla,2025,0,0,Tepatlaxco De Hidalgo,21163 – Tepatlaxco De Hidalgo,19468,37720
Tepeaca,21164,Puebla,2015,0,0,Tepeaca,21164 – Tepeaca,87522,168614
Tepeaca,21164,Puebla,2016,1,1.1425698681474372,Tepeaca,21164 – Tepeaca,87522,168614
Tepeaca,21164,Puebla,2017,1,1.1425698681474372,Tepeaca,21164 – Tepeaca,87522,168614
Tepeaca,21164,Puebla,2018,2,2.2851397362948744,Tepeaca,21164 – Tepeaca,87522,168614
Tepeaca,21164,Puebla,2019,1,1.1425698681474372,Tepeaca,21164 – Tepeaca,87522,168614
Tepeaca,21164,Puebla,2020,0,0,Tepeaca,21164 – Tepeaca,87522,168614
Tepeaca,21164,Puebla,2021,1,1.1425698681474372,Tepeaca,21164 – Tepeaca,87522,168614
Tepeaca,21164,Puebla,2022,0,0,Tepeaca,21164 – Tepeaca,87522,168614
Tepeaca,21164,Puebla,2023,0,0,Tepeaca,21164 – Tepeaca,87522,168614
Tepeaca,21164,Puebla,2024,0,0,Tepeaca,21164 – Tepeaca,87522,168614
Tepeaca,21164,Puebla,2025,0,0,Tepeaca,21164 – Tepeaca,87522,168614
Tepemaxalco,21165,Puebla,2015,0,0,Tepemaxalco,21165 – Tepemaxalco,1204,2432
Tepemaxalco,21165,Puebla,2016,0,0,Tepemaxalco,21165 – Tepemaxalco,1204,2432
Tepemaxalco,21165,Puebla,2017,0,0,Tepemaxalco,21165 – Tepemaxalco,1204,2432
Tepemaxalco,21165,Puebla,2018,0,0,Tepemaxalco,21165 – Tepemaxalco,1204,2432
Tepemaxalco,21165,Puebla,2019,0,0,Tepemaxalco,21165 – Tepemaxalco,1204,2432
Tepemaxalco,21165,Puebla,2020,0,0,Tepemaxalco,21165 – Tepemaxalco,1204,2432
Tepemaxalco,21165,Puebla,2021,0,0,Tepemaxalco,21165 – Tepemaxalco,1204,2432
Tepemaxalco,21165,Puebla,2022,0,0,Tepemaxalco,21165 – Tepemaxalco,1204,2432
Tepemaxalco,21165,Puebla,2023,0,0,Tepemaxalco,21165 – Tepemaxalco,1204,2432
Tepemaxalco,21165,Puebla,2024,0,0,Tepemaxalco,21165 – Tepemaxalco,1204,2432
Tepemaxalco,21165,Puebla,2025,0,0,Tepemaxalco,21165 – Tepemaxalco,1204,2432
Tepeojuma,21166,Puebla,2015,0,0,Tepeojuma,21166 – Tepeojuma,9558,17849
Tepeojuma,21166,Puebla,2016,0,0,Tepeojuma,21166 – Tepeojuma,9558,17849
Tepeojuma,21166,Puebla,2017,0,0,Tepeojuma,21166 – Tepeojuma,9558,17849
Tepeojuma,21166,Puebla,2018,0,0,Tepeojuma,21166 – Tepeojuma,9558,17849
Tepeojuma,21166,Puebla,2019,0,0,Tepeojuma,21166 – Tepeojuma,9558,17849
Tepeojuma,21166,Puebla,2020,0,0,Tepeojuma,21166 – Tepeojuma,9558,17849
Tepeojuma,21166,Puebla,2021,0,0,Tepeojuma,21166 – Tepeojuma,9558,17849
Tepeojuma,21166,Puebla,2022,0,0,Tepeojuma,21166 – Tepeojuma,9558,17849
Tepeojuma,21166,Puebla,2023,0,0,Tepeojuma,21166 – Tepeojuma,9558,17849
Tepeojuma,21166,Puebla,2024,0,0,Tepeojuma,21166 – Tepeojuma,9558,17849
Tepeojuma,21166,Puebla,2025,0,0,Tepeojuma,21166 – Tepeojuma,9558,17849
Tepetzintla,21167,Puebla,2015,0,0,Tepetzintla,21167 – Tepetzintla,10916,20746
Tepetzintla,21167,Puebla,2016,0,0,Tepetzintla,21167 – Tepetzintla,10916,20746
Tepetzintla,21167,Puebla,2017,0,0,Tepetzintla,21167 – Tepetzintla,10916,20746
Tepetzintla,21167,Puebla,2018,0,0,Tepetzintla,21167 – Tepetzintla,10916,20746
Tepetzintla,21167,Puebla,2019,0,0,Tepetzintla,21167 – Tepetzintla,10916,20746
Tepetzintla,21167,Puebla,2020,0,0,Tepetzintla,21167 – Tepetzintla,10916,20746
Tepetzintla,21167,Puebla,2021,1,9.160864785635765,Tepetzintla,21167 – Tepetzintla,10916,20746
Tepetzintla,21167,Puebla,2022,0,0,Tepetzintla,21167 – Tepetzintla,10916,20746
Tepetzintla,21167,Puebla,2023,0,0,Tepetzintla,21167 – Tepetzintla,10916,20746
Tepetzintla,21167,Puebla,2024,1,9.160864785635765,Tepetzintla,21167 – Tepetzintla,10916,20746
Tepetzintla,21167,Puebla,2025,0,0,Tepetzintla,21167 – Tepetzintla,10916,20746
Tepexco,21168,Puebla,2015,0,0,Tepexco,21168 – Tepexco,7636,15052
Tepexco,21168,Puebla,2016,0,0,Tepexco,21168 – Tepexco,7636,15052
Tepexco,21168,Puebla,2017,0,0,Tepexco,21168 – Tepexco,7636,15052
Tepexco,21168,Puebla,2018,0,0,Tepexco,21168 – Tepexco,7636,15052
Tepexco,21168,Puebla,2019,0,0,Tepexco,21168 – Tepexco,7636,15052
Tepexco,21168,Puebla,2020,0,0,Tepexco,21168 – Tepexco,7636,15052
Tepexco,21168,Puebla,2021,1,13.095861707700367,Tepexco,21168 – Tepexco,7636,15052
Tepexco,21168,Puebla,2022,0,0,Tepexco,21168 – Tepexco,7636,15052
Tepexco,21168,Puebla,2023,0,0,Tepexco,21168 – Tepexco,7636,15052
Tepexco,21168,Puebla,2024,0,0,Tepexco,21168 – Tepexco,7636,15052
Tepexco,21168,Puebla,2025,0,0,Tepexco,21168 – Tepexco,7636,15052
Tepexi De Rodrã­guez,21169,Puebla,2015,0,0,Tepexi De Rodrã­guez,21169 – Tepexi De Rodrã­guez,22274,44689
Tepexi De Rodrã­guez,21169,Puebla,2016,0,0,Tepexi De Rodrã­guez,21169 – Tepexi De Rodrã­guez,22274,44689
Tepexi De Rodrã­guez,21169,Puebla,2017,1,4.489539373260303,Tepexi De Rodrã­guez,21169 – Tepexi De Rodrã­guez,22274,44689
Tepexi De Rodrã­guez,21169,Puebla,2018,0,0,Tepexi De Rodrã­guez,21169 – Tepexi De Rodrã­guez,22274,44689
Tepexi De Rodrã­guez,21169,Puebla,2019,0,0,Tepexi De Rodrã­guez,21169 – Tepexi De Rodrã­guez,22274,44689
Tepexi De Rodrã­guez,21169,Puebla,2020,0,0,Tepexi De Rodrã­guez,21169 – Tepexi De Rodrã­guez,22274,44689
Tepexi De Rodrã­guez,21169,Puebla,2021,0,0,Tepexi De Rodrã­guez,21169 – Tepexi De Rodrã­guez,22274,44689
Tepexi De Rodrã­guez,21169,Puebla,2022,0,0,Tepexi De Rodrã­guez,21169 – Tepexi De Rodrã­guez,22274,44689
Tepexi De Rodrã­guez,21169,Puebla,2023,0,0,Tepexi De Rodrã­guez,21169 – Tepexi De Rodrã­guez,22274,44689
Tepexi De Rodrã­guez,21169,Puebla,2024,0,0,Tepexi De Rodrã­guez,21169 – Tepexi De Rodrã­guez,22274,44689
Tepexi De Rodrã­guez,21169,Puebla,2025,0,0,Tepexi De Rodrã­guez,21169 – Tepexi De Rodrã­guez,22274,44689
Tepeyahualco,21170,Puebla,2015,0,0,Tepeyahualco,21170 – Tepeyahualco,19666,38428
Tepeyahualco,21170,Puebla,2016,0,0,Tepeyahualco,21170 – Tepeyahualco,19666,38428
Tepeyahualco,21170,Puebla,2017,0,0,Tepeyahualco,21170 – Tepeyahualco,19666,38428
Tepeyahualco,21170,Puebla,2018,0,0,Tepeyahualco,21170 – Tepeyahualco,19666,38428
Tepeyahualco,21170,Puebla,2019,0,0,Tepeyahualco,21170 – Tepeyahualco,19666,38428
Tepeyahualco,21170,Puebla,2020,0,0,Tepeyahualco,21170 – Tepeyahualco,19666,38428
Tepeyahualco,21170,Puebla,2021,0,0,Tepeyahualco,21170 – Tepeyahualco,19666,38428
Tepeyahualco,21170,Puebla,2022,0,0,Tepeyahualco,21170 – Tepeyahualco,19666,38428
Tepeyahualco,21170,Puebla,2023,0,0,Tepeyahualco,21170 – Tepeyahualco,19666,38428
Tepeyahualco,21170,Puebla,2024,0,0,Tepeyahualco,21170 – Tepeyahualco,19666,38428
Tepeyahualco,21170,Puebla,2025,0,0,Tepeyahualco,21170 – Tepeyahualco,19666,38428
Tepeyahualco De Cuauhtã©Moc,21171,Puebla,2015,0,0,Tepeyahualco De Cuauhtã©Moc,21171 – Tepeyahualco De Cuauhtã©Moc,4064,7714
Tepeyahualco De Cuauhtã©Moc,21171,Puebla,2016,0,0,Tepeyahualco De Cuauhtã©Moc,21171 – Tepeyahualco De Cuauhtã©Moc,4064,7714
Tepeyahualco De Cuauhtã©Moc,21171,Puebla,2017,0,0,Tepeyahualco De Cuauhtã©Moc,21171 – Tepeyahualco De Cuauhtã©Moc,4064,7714
Tepeyahualco De Cuauhtã©Moc,21171,Puebla,2018,0,0,Tepeyahualco De Cuauhtã©Moc,21171 – Tepeyahualco De Cuauhtã©Moc,4064,7714
Tepeyahualco De Cuauhtã©Moc,21171,Puebla,2019,0,0,Tepeyahualco De Cuauhtã©Moc,21171 – Tepeyahualco De Cuauhtã©Moc,4064,7714
Tepeyahualco De Cuauhtã©Moc,21171,Puebla,2020,0,0,Tepeyahualco De Cuauhtã©Moc,21171 – Tepeyahualco De Cuauhtã©Moc,4064,7714
Tepeyahualco De Cuauhtã©Moc,21171,Puebla,2021,0,0,Tepeyahualco De Cuauhtã©Moc,21171 – Tepeyahualco De Cuauhtã©Moc,4064,7714
Tepeyahualco De Cuauhtã©Moc,21171,Puebla,2022,0,0,Tepeyahualco De Cuauhtã©Moc,21171 – Tepeyahualco De Cuauhtã©Moc,4064,7714
Tepeyahualco De Cuauhtã©Moc,21171,Puebla,2023,0,0,Tepeyahualco De Cuauhtã©Moc,21171 – Tepeyahualco De Cuauhtã©Moc,4064,7714
Tepeyahualco De Cuauhtã©Moc,21171,Puebla,2024,0,0,Tepeyahualco De Cuauhtã©Moc,21171 – Tepeyahualco De Cuauhtã©Moc,4064,7714
Tepeyahualco De Cuauhtã©Moc,21171,Puebla,2025,0,0,Tepeyahualco De Cuauhtã©Moc,21171 – Tepeyahualco De Cuauhtã©Moc,4064,7714
Tetela De Ocampo,21172,Puebla,2015,0,0,Tetela De Ocampo,21172 – Tetela De Ocampo,28230,54454
Tetela De Ocampo,21172,Puebla,2016,0,0,Tetela De Ocampo,21172 – Tetela De Ocampo,28230,54454
Tetela De Ocampo,21172,Puebla,2017,0,0,Tetela De Ocampo,21172 – Tetela De Ocampo,28230,54454
Tetela De Ocampo,21172,Puebla,2018,0,0,Tetela De Ocampo,21172 – Tetela De Ocampo,28230,54454
Tetela De Ocampo,21172,Puebla,2019,0,0,Tetela De Ocampo,21172 – Tetela De Ocampo,28230,54454
Tetela De Ocampo,21172,Puebla,2020,0,0,Tetela De Ocampo,21172 – Tetela De Ocampo,28230,54454
Tetela De Ocampo,21172,Puebla,2021,0,0,Tetela De Ocampo,21172 – Tetela De Ocampo,28230,54454
Tetela De Ocampo,21172,Puebla,2022,1,3.5423308537017357,Tetela De Ocampo,21172 – Tetela De Ocampo,28230,54454
Tetela De Ocampo,21172,Puebla,2023,0,0,Tetela De Ocampo,21172 – Tetela De Ocampo,28230,54454
Tetela De Ocampo,21172,Puebla,2024,1,3.5423308537017357,Tetela De Ocampo,21172 – Tetela De Ocampo,28230,54454
Tetela De Ocampo,21172,Puebla,2025,0,0,Tetela De Ocampo,21172 – Tetela De Ocampo,28230,54454
Teteles De Avila Castillo,21173,Puebla,2015,0,0,Teteles De Avila Castillo,21173 – Teteles De Avila Castillo,7532,13306
Teteles De Avila Castillo,21173,Puebla,2016,0,0,Teteles De Avila Castillo,21173 – Teteles De Avila Castillo,7532,13306
Teteles De Avila Castillo,21173,Puebla,2017,0,0,Teteles De Avila Castillo,21173 – Teteles De Avila Castillo,7532,13306
Teteles De Avila Castillo,21173,Puebla,2018,0,0,Teteles De Avila Castillo,21173 – Teteles De Avila Castillo,7532,13306
Teteles De Avila Castillo,21173,Puebla,2019,0,0,Teteles De Avila Castillo,21173 – Teteles De Avila Castillo,7532,13306
Teteles De Avila Castillo,21173,Puebla,2020,0,0,Teteles De Avila Castillo,21173 – Teteles De Avila Castillo,7532,13306
Teteles De Avila Castillo,21173,Puebla,2021,0,0,Teteles De Avila Castillo,21173 – Teteles De Avila Castillo,7532,13306
Teteles De Avila Castillo,21173,Puebla,2022,0,0,Teteles De Avila Castillo,21173 – Teteles De Avila Castillo,7532,13306
Teteles De Avila Castillo,21173,Puebla,2023,0,0,Teteles De Avila Castillo,21173 – Teteles De Avila Castillo,7532,13306
Teteles De Avila Castillo,21173,Puebla,2024,0,0,Teteles De Avila Castillo,21173 – Teteles De Avila Castillo,7532,13306
Teteles De Avila Castillo,21173,Puebla,2025,0,0,Teteles De Avila Castillo,21173 – Teteles De Avila Castillo,7532,13306
Teziutlã¡N,21174,Puebla,2015,0,0,Teziutlã¡N,21174 – Teziutlã¡N,109868,207183
Teziutlã¡N,21174,Puebla,2016,0,0,Teziutlã¡N,21174 – Teziutlã¡N,109868,207183
Teziutlã¡N,21174,Puebla,2017,0,0,Teziutlã¡N,21174 – Teziutlã¡N,109868,207183
Teziutlã¡N,21174,Puebla,2018,1,0.9101831288455238,Teziutlã¡N,21174 – Teziutlã¡N,109868,207183
Teziutlã¡N,21174,Puebla,2019,1,0.9101831288455238,Teziutlã¡N,21174 – Teziutlã¡N,109868,207183
Teziutlã¡N,21174,Puebla,2020,0,0,Teziutlã¡N,21174 – Teziutlã¡N,109868,207183
Teziutlã¡N,21174,Puebla,2021,0,0,Teziutlã¡N,21174 – Teziutlã¡N,109868,207183
Teziutlã¡N,21174,Puebla,2022,0,0,Teziutlã¡N,21174 – Teziutlã¡N,109868,207183
Teziutlã¡N,21174,Puebla,2023,0,0,Teziutlã¡N,21174 – Teziutlã¡N,109868,207183
Teziutlã¡N,21174,Puebla,2024,1,0.9101831288455238,Teziutlã¡N,21174 – Teziutlã¡N,109868,207183
Teziutlã¡N,21174,Puebla,2025,0,0,Teziutlã¡N,21174 – Teziutlã¡N,109868,207183
Tianguismanalco,21175,Puebla,2015,0,0,Tianguismanalco,21175 – Tianguismanalco,14882,28872
Tianguismanalco,21175,Puebla,2016,0,0,Tianguismanalco,21175 – Tianguismanalco,14882,28872
Tianguismanalco,21175,Puebla,2017,0,0,Tianguismanalco,21175 – Tianguismanalco,14882,28872
Tianguismanalco,21175,Puebla,2018,0,0,Tianguismanalco,21175 – Tianguismanalco,14882,28872
Tianguismanalco,21175,Puebla,2019,0,0,Tianguismanalco,21175 – Tianguismanalco,14882,28872
Tianguismanalco,21175,Puebla,2020,0,0,Tianguismanalco,21175 – Tianguismanalco,14882,28872
Tianguismanalco,21175,Puebla,2021,0,0,Tianguismanalco,21175 – Tianguismanalco,14882,28872
Tianguismanalco,21175,Puebla,2022,0,0,Tianguismanalco,21175 – Tianguismanalco,14882,28872
Tianguismanalco,21175,Puebla,2023,1,6.719526945303051,Tianguismanalco,21175 – Tianguismanalco,14882,28872
Tianguismanalco,21175,Puebla,2024,1,6.719526945303051,Tianguismanalco,21175 – Tianguismanalco,14882,28872
Tianguismanalco,21175,Puebla,2025,0,0,Tianguismanalco,21175 – Tianguismanalco,14882,28872
Tilapa,21176,Puebla,2015,0,0,Tilapa,21176 – Tilapa,10052,19337
Tilapa,21176,Puebla,2016,0,0,Tilapa,21176 – Tilapa,10052,19337
Tilapa,21176,Puebla,2017,0,0,Tilapa,21176 – Tilapa,10052,19337
Tilapa,21176,Puebla,2018,0,0,Tilapa,21176 – Tilapa,10052,19337
Tilapa,21176,Puebla,2019,0,0,Tilapa,21176 – Tilapa,10052,19337
Tilapa,21176,Puebla,2020,0,0,Tilapa,21176 – Tilapa,10052,19337
Tilapa,21176,Puebla,2021,0,0,Tilapa,21176 – Tilapa,10052,19337
Tilapa,21176,Puebla,2022,0,0,Tilapa,21176 – Tilapa,10052,19337
Tilapa,21176,Puebla,2023,0,0,Tilapa,21176 – Tilapa,10052,19337
Tilapa,21176,Puebla,2024,0,0,Tilapa,21176 – Tilapa,10052,19337
Tilapa,21176,Puebla,2025,0,0,Tilapa,21176 – Tilapa,10052,19337
Tlacotepec De Benito Juã¡Rez,21177,Puebla,2015,0,0,Tlacotepec De Benito Juã¡Rez,21177 – Tlacotepec De Benito Juã¡Rez,58006,109535
Tlacotepec De Benito Juã¡Rez,21177,Puebla,2016,0,0,Tlacotepec De Benito Juã¡Rez,21177 – Tlacotepec De Benito Juã¡Rez,58006,109535
Tlacotepec De Benito Juã¡Rez,21177,Puebla,2017,0,0,Tlacotepec De Benito Juã¡Rez,21177 – Tlacotepec De Benito Juã¡Rez,58006,109535
Tlacotepec De Benito Juã¡Rez,21177,Puebla,2018,0,0,Tlacotepec De Benito Juã¡Rez,21177 – Tlacotepec De Benito Juã¡Rez,58006,109535
Tlacotepec De Benito Juã¡Rez,21177,Puebla,2019,2,3.4479191807744027,Tlacotepec De Benito Juã¡Rez,21177 – Tlacotepec De Benito Juã¡Rez,58006,109535
Tlacotepec De Benito Juã¡Rez,21177,Puebla,2020,0,0,Tlacotepec De Benito Juã¡Rez,21177 – Tlacotepec De Benito Juã¡Rez,58006,109535
Tlacotepec De Benito Juã¡Rez,21177,Puebla,2021,0,0,Tlacotepec De Benito Juã¡Rez,21177 – Tlacotepec De Benito Juã¡Rez,58006,109535
Tlacotepec De Benito Juã¡Rez,21177,Puebla,2022,0,0,Tlacotepec De Benito Juã¡Rez,21177 – Tlacotepec De Benito Juã¡Rez,58006,109535
Tlacotepec De Benito Juã¡Rez,21177,Puebla,2023,0,0,Tlacotepec De Benito Juã¡Rez,21177 – Tlacotepec De Benito Juã¡Rez,58006,109535
Tlacotepec De Benito Juã¡Rez,21177,Puebla,2024,0,0,Tlacotepec De Benito Juã¡Rez,21177 – Tlacotepec De Benito Juã¡Rez,58006,109535
Tlacotepec De Benito Juã¡Rez,21177,Puebla,2025,1,1.7239595903872014,Tlacotepec De Benito Juã¡Rez,21177 – Tlacotepec De Benito Juã¡Rez,58006,109535
Tlacuilotepec,21178,Puebla,2015,0,0,Tlacuilotepec,21178 – Tlacuilotepec,16196,31962
Tlacuilotepec,21178,Puebla,2016,0,0,Tlacuilotepec,21178 – Tlacuilotepec,16196,31962
Tlacuilotepec,21178,Puebla,2017,0,0,Tlacuilotepec,21178 – Tlacuilotepec,16196,31962
Tlacuilotepec,21178,Puebla,2018,0,0,Tlacuilotepec,21178 – Tlacuilotepec,16196,31962
Tlacuilotepec,21178,Puebla,2019,0,0,Tlacuilotepec,21178 – Tlacuilotepec,16196,31962
Tlacuilotepec,21178,Puebla,2020,0,0,Tlacuilotepec,21178 – Tlacuilotepec,16196,31962
Tlacuilotepec,21178,Puebla,2021,0,0,Tlacuilotepec,21178 – Tlacuilotepec,16196,31962
Tlacuilotepec,21178,Puebla,2022,0,0,Tlacuilotepec,21178 – Tlacuilotepec,16196,31962
Tlacuilotepec,21178,Puebla,2023,0,0,Tlacuilotepec,21178 – Tlacuilotepec,16196,31962
Tlacuilotepec,21178,Puebla,2024,0,0,Tlacuilotepec,21178 – Tlacuilotepec,16196,31962
Tlacuilotepec,21178,Puebla,2025,0,0,Tlacuilotepec,21178 – Tlacuilotepec,16196,31962
Tlachichuca,21179,Puebla,2015,0,0,Tlachichuca,21179 – Tlachichuca,32282,63322
Tlachichuca,21179,Puebla,2016,0,0,Tlachichuca,21179 – Tlachichuca,32282,63322
Tlachichuca,21179,Puebla,2017,0,0,Tlachichuca,21179 – Tlachichuca,32282,63322
Tlachichuca,21179,Puebla,2018,0,0,Tlachichuca,21179 – Tlachichuca,32282,63322
Tlachichuca,21179,Puebla,2019,0,0,Tlachichuca,21179 – Tlachichuca,32282,63322
Tlachichuca,21179,Puebla,2020,0,0,Tlachichuca,21179 – Tlachichuca,32282,63322
Tlachichuca,21179,Puebla,2021,1,3.0977015054829318,Tlachichuca,21179 – Tlachichuca,32282,63322
Tlachichuca,21179,Puebla,2022,0,0,Tlachichuca,21179 – Tlachichuca,32282,63322
Tlachichuca,21179,Puebla,2023,0,0,Tlachichuca,21179 – Tlachichuca,32282,63322
Tlachichuca,21179,Puebla,2024,0,0,Tlachichuca,21179 – Tlachichuca,32282,63322
Tlachichuca,21179,Puebla,2025,0,0,Tlachichuca,21179 – Tlachichuca,32282,63322
Tlahuapan,21180,Puebla,2015,0,0,Tlahuapan,21180 – Tlahuapan,42172,83153
Tlahuapan,21180,Puebla,2016,0,0,Tlahuapan,21180 – Tlahuapan,42172,83153
Tlahuapan,21180,Puebla,2017,0,0,Tlahuapan,21180 – Tlahuapan,42172,83153
Tlahuapan,21180,Puebla,2018,0,0,Tlahuapan,21180 – Tlahuapan,42172,83153
Tlahuapan,21180,Puebla,2019,0,0,Tlahuapan,21180 – Tlahuapan,42172,83153
Tlahuapan,21180,Puebla,2020,0,0,Tlahuapan,21180 – Tlahuapan,42172,83153
Tlahuapan,21180,Puebla,2021,0,0,Tlahuapan,21180 – Tlahuapan,42172,83153
Tlahuapan,21180,Puebla,2022,0,0,Tlahuapan,21180 – Tlahuapan,42172,83153
Tlahuapan,21180,Puebla,2023,0,0,Tlahuapan,21180 – Tlahuapan,42172,83153
Tlahuapan,21180,Puebla,2024,0,0,Tlahuapan,21180 – Tlahuapan,42172,83153
Tlahuapan,21180,Puebla,2025,0,0,Tlahuapan,21180 – Tlahuapan,42172,83153
Tlaltenango,21181,Puebla,2015,0,0,Tlaltenango,21181 – Tlaltenango,7575,14864
Tlaltenango,21181,Puebla,2016,0,0,Tlaltenango,21181 – Tlaltenango,7575,14864
Tlaltenango,21181,Puebla,2017,0,0,Tlaltenango,21181 – Tlaltenango,7575,14864
Tlaltenango,21181,Puebla,2018,0,0,Tlaltenango,21181 – Tlaltenango,7575,14864
Tlaltenango,21181,Puebla,2019,1,13.201320132013201,Tlaltenango,21181 – Tlaltenango,7575,14864
Tlaltenango,21181,Puebla,2020,0,0,Tlaltenango,21181 – Tlaltenango,7575,14864
Tlaltenango,21181,Puebla,2021,0,0,Tlaltenango,21181 – Tlaltenango,7575,14864
Tlaltenango,21181,Puebla,2022,0,0,Tlaltenango,21181 – Tlaltenango,7575,14864
Tlaltenango,21181,Puebla,2023,0,0,Tlaltenango,21181 – Tlaltenango,7575,14864
Tlaltenango,21181,Puebla,2024,0,0,Tlaltenango,21181 – Tlaltenango,7575,14864
Tlaltenango,21181,Puebla,2025,0,0,Tlaltenango,21181 – Tlaltenango,7575,14864
Tlanepantla,21182,Puebla,2015,0,0,Tlanepantla,21182 – Tlanepantla,5616,10820
Tlanepantla,21182,Puebla,2016,0,0,Tlanepantla,21182 – Tlanepantla,5616,10820
Tlanepantla,21182,Puebla,2017,0,0,Tlanepantla,21182 – Tlanepantla,5616,10820
Tlanepantla,21182,Puebla,2018,0,0,Tlanepantla,21182 – Tlanepantla,5616,10820
Tlanepantla,21182,Puebla,2019,0,0,Tlanepantla,21182 – Tlanepantla,5616,10820
Tlanepantla,21182,Puebla,2020,0,0,Tlanepantla,21182 – Tlanepantla,5616,10820
Tlanepantla,21182,Puebla,2021,0,0,Tlanepantla,21182 – Tlanepantla,5616,10820
Tlanepantla,21182,Puebla,2022,0,0,Tlanepantla,21182 – Tlanepantla,5616,10820
Tlanepantla,21182,Puebla,2023,0,0,Tlanepantla,21182 – Tlanepantla,5616,10820
Tlanepantla,21182,Puebla,2024,0,0,Tlanepantla,21182 – Tlanepantla,5616,10820
Tlanepantla,21182,Puebla,2025,0,0,Tlanepantla,21182 – Tlanepantla,5616,10820
Tlaola,21183,Puebla,2015,0,0,Tlaola,21183 – Tlaola,21166,40879
Tlaola,21183,Puebla,2016,0,0,Tlaola,21183 – Tlaola,21166,40879
Tlaola,21183,Puebla,2017,0,0,Tlaola,21183 – Tlaola,21166,40879
Tlaola,21183,Puebla,2018,0,0,Tlaola,21183 – Tlaola,21166,40879
Tlaola,21183,Puebla,2019,2,9.449116507606538,Tlaola,21183 – Tlaola,21166,40879
Tlaola,21183,Puebla,2020,0,0,Tlaola,21183 – Tlaola,21166,40879
Tlaola,21183,Puebla,2021,0,0,Tlaola,21183 – Tlaola,21166,40879
Tlaola,21183,Puebla,2022,0,0,Tlaola,21183 – Tlaola,21166,40879
Tlaola,21183,Puebla,2023,0,0,Tlaola,21183 – Tlaola,21166,40879
Tlaola,21183,Puebla,2024,0,0,Tlaola,21183 – Tlaola,21166,40879
Tlaola,21183,Puebla,2025,0,0,Tlaola,21183 – Tlaola,21166,40879
Tlapacoya,21184,Puebla,2015,0,0,Tlapacoya,21184 – Tlapacoya,6690,12852
Tlapacoya,21184,Puebla,2016,0,0,Tlapacoya,21184 – Tlapacoya,6690,12852
Tlapacoya,21184,Puebla,2017,0,0,Tlapacoya,21184 – Tlapacoya,6690,12852
Tlapacoya,21184,Puebla,2018,0,0,Tlapacoya,21184 – Tlapacoya,6690,12852
Tlapacoya,21184,Puebla,2019,0,0,Tlapacoya,21184 – Tlapacoya,6690,12852
Tlapacoya,21184,Puebla,2020,0,0,Tlapacoya,21184 – Tlapacoya,6690,12852
Tlapacoya,21184,Puebla,2021,0,0,Tlapacoya,21184 – Tlapacoya,6690,12852
Tlapacoya,21184,Puebla,2022,0,0,Tlapacoya,21184 – Tlapacoya,6690,12852
Tlapacoya,21184,Puebla,2023,0,0,Tlapacoya,21184 – Tlapacoya,6690,12852
Tlapacoya,21184,Puebla,2024,0,0,Tlapacoya,21184 – Tlapacoya,6690,12852
Tlapacoya,21184,Puebla,2025,0,0,Tlapacoya,21184 – Tlapacoya,6690,12852
Tlapanalã¡,21185,Puebla,2015,0,0,Tlapanalã¡,21185 – Tlapanalã¡,10588,20709
Tlapanalã¡,21185,Puebla,2016,0,0,Tlapanalã¡,21185 – Tlapanalã¡,10588,20709
Tlapanalã¡,21185,Puebla,2017,0,0,Tlapanalã¡,21185 – Tlapanalã¡,10588,20709
Tlapanalã¡,21185,Puebla,2018,0,0,Tlapanalã¡,21185 – Tlapanalã¡,10588,20709
Tlapanalã¡,21185,Puebla,2019,0,0,Tlapanalã¡,21185 – Tlapanalã¡,10588,20709
Tlapanalã¡,21185,Puebla,2020,0,0,Tlapanalã¡,21185 – Tlapanalã¡,10588,20709
Tlapanalã¡,21185,Puebla,2021,0,0,Tlapanalã¡,21185 – Tlapanalã¡,10588,20709
Tlapanalã¡,21185,Puebla,2022,0,0,Tlapanalã¡,21185 – Tlapanalã¡,10588,20709
Tlapanalã¡,21185,Puebla,2023,0,0,Tlapanalã¡,21185 – Tlapanalã¡,10588,20709
Tlapanalã¡,21185,Puebla,2024,0,0,Tlapanalã¡,21185 – Tlapanalã¡,10588,20709
Tlapanalã¡,21185,Puebla,2025,0,0,Tlapanalã¡,21185 – Tlapanalã¡,10588,20709
Tlatlauquitepec,21186,Puebla,2015,0,0,Tlatlauquitepec,21186 – Tlatlauquitepec,57912,111189
Tlatlauquitepec,21186,Puebla,2016,0,0,Tlatlauquitepec,21186 – Tlatlauquitepec,57912,111189
Tlatlauquitepec,21186,Puebla,2017,0,0,Tlatlauquitepec,21186 – Tlatlauquitepec,57912,111189
Tlatlauquitepec,21186,Puebla,2018,0,0,Tlatlauquitepec,21186 – Tlatlauquitepec,57912,111189
Tlatlauquitepec,21186,Puebla,2019,0,0,Tlatlauquitepec,21186 – Tlatlauquitepec,57912,111189
Tlatlauquitepec,21186,Puebla,2020,0,0,Tlatlauquitepec,21186 – Tlatlauquitepec,57912,111189
Tlatlauquitepec,21186,Puebla,2021,0,0,Tlatlauquitepec,21186 – Tlatlauquitepec,57912,111189
Tlatlauquitepec,21186,Puebla,2022,1,1.7267578394805911,Tlatlauquitepec,21186 – Tlatlauquitepec,57912,111189
Tlatlauquitepec,21186,Puebla,2023,0,0,Tlatlauquitepec,21186 – Tlatlauquitepec,57912,111189
Tlatlauquitepec,21186,Puebla,2024,0,0,Tlatlauquitepec,21186 – Tlatlauquitepec,57912,111189
Tlatlauquitepec,21186,Puebla,2025,1,1.7267578394805911,Tlatlauquitepec,21186 – Tlatlauquitepec,57912,111189
Tlaxco,21187,Puebla,2015,0,0,Tlaxco,21187 – Tlaxco,5011,9870
Tlaxco,21187,Puebla,2016,0,0,Tlaxco,21187 – Tlaxco,5011,9870
Tlaxco,21187,Puebla,2017,0,0,Tlaxco,21187 – Tlaxco,5011,9870
Tlaxco,21187,Puebla,2018,0,0,Tlaxco,21187 – Tlaxco,5011,9870
Tlaxco,21187,Puebla,2019,0,0,Tlaxco,21187 – Tlaxco,5011,9870
Tlaxco,21187,Puebla,2020,0,0,Tlaxco,21187 – Tlaxco,5011,9870
Tlaxco,21187,Puebla,2021,0,0,Tlaxco,21187 – Tlaxco,5011,9870
Tlaxco,21187,Puebla,2022,0,0,Tlaxco,21187 – Tlaxco,5011,9870
Tlaxco,21187,Puebla,2023,0,0,Tlaxco,21187 – Tlaxco,5011,9870
Tlaxco,21187,Puebla,2024,1,19.956096587507485,Tlaxco,21187 – Tlaxco,5011,9870
Tlaxco,21187,Puebla,2025,0,0,Tlaxco,21187 – Tlaxco,5011,9870
Tochimilco,21188,Puebla,2015,0,0,Tochimilco,21188 – Tochimilco,20237,38659
Tochimilco,21188,Puebla,2016,0,0,Tochimilco,21188 – Tochimilco,20237,38659
Tochimilco,21188,Puebla,2017,0,0,Tochimilco,21188 – Tochimilco,20237,38659
Tochimilco,21188,Puebla,2018,0,0,Tochimilco,21188 – Tochimilco,20237,38659
Tochimilco,21188,Puebla,2019,0,0,Tochimilco,21188 – Tochimilco,20237,38659
Tochimilco,21188,Puebla,2020,0,0,Tochimilco,21188 – Tochimilco,20237,38659
Tochimilco,21188,Puebla,2021,0,0,Tochimilco,21188 – Tochimilco,20237,38659
Tochimilco,21188,Puebla,2022,0,0,Tochimilco,21188 – Tochimilco,20237,38659
Tochimilco,21188,Puebla,2023,0,0,Tochimilco,21188 – Tochimilco,20237,38659
Tochimilco,21188,Puebla,2024,0,0,Tochimilco,21188 – Tochimilco,20237,38659
Tochimilco,21188,Puebla,2025,0,0,Tochimilco,21188 – Tochimilco,20237,38659
Tochtepec,21189,Puebla,2015,0,0,Tochtepec,21189 – Tochtepec,23252,44996
Tochtepec,21189,Puebla,2016,0,0,Tochtepec,21189 – Tochtepec,23252,44996
Tochtepec,21189,Puebla,2017,0,0,Tochtepec,21189 – Tochtepec,23252,44996
Tochtepec,21189,Puebla,2018,0,0,Tochtepec,21189 – Tochtepec,23252,44996
Tochtepec,21189,Puebla,2019,0,0,Tochtepec,21189 – Tochtepec,23252,44996
Tochtepec,21189,Puebla,2020,0,0,Tochtepec,21189 – Tochtepec,23252,44996
Tochtepec,21189,Puebla,2021,0,0,Tochtepec,21189 – Tochtepec,23252,44996
Tochtepec,21189,Puebla,2022,0,0,Tochtepec,21189 – Tochtepec,23252,44996
Tochtepec,21189,Puebla,2023,0,0,Tochtepec,21189 – Tochtepec,23252,44996
Tochtepec,21189,Puebla,2024,0,0,Tochtepec,21189 – Tochtepec,23252,44996
Tochtepec,21189,Puebla,2025,0,0,Tochtepec,21189 – Tochtepec,23252,44996
Totoltepec De Guerrero,21190,Puebla,2015,0,0,Totoltepec De Guerrero,21190 – Totoltepec De Guerrero,1266,2378
Totoltepec De Guerrero,21190,Puebla,2016,0,0,Totoltepec De Guerrero,21190 – Totoltepec De Guerrero,1266,2378
Totoltepec De Guerrero,21190,Puebla,2017,0,0,Totoltepec De Guerrero,21190 – Totoltepec De Guerrero,1266,2378
Totoltepec De Guerrero,21190,Puebla,2018,0,0,Totoltepec De Guerrero,21190 – Totoltepec De Guerrero,1266,2378
Totoltepec De Guerrero,21190,Puebla,2019,0,0,Totoltepec De Guerrero,21190 – Totoltepec De Guerrero,1266,2378
Totoltepec De Guerrero,21190,Puebla,2020,0,0,Totoltepec De Guerrero,21190 – Totoltepec De Guerrero,1266,2378
Totoltepec De Guerrero,21190,Puebla,2021,0,0,Totoltepec De Guerrero,21190 – Totoltepec De Guerrero,1266,2378
Totoltepec De Guerrero,21190,Puebla,2022,0,0,Totoltepec De Guerrero,21190 – Totoltepec De Guerrero,1266,2378
Totoltepec De Guerrero,21190,Puebla,2023,1,78.98894154818325,Totoltepec De Guerrero,21190 – Totoltepec De Guerrero,1266,2378
Totoltepec De Guerrero,21190,Puebla,2024,0,0,Totoltepec De Guerrero,21190 – Totoltepec De Guerrero,1266,2378
Totoltepec De Guerrero,21190,Puebla,2025,0,0,Totoltepec De Guerrero,21190 – Totoltepec De Guerrero,1266,2378
Tulcingo,21191,Puebla,2015,0,0,Tulcingo,21191 – Tulcingo,10460,19798
Tulcingo,21191,Puebla,2016,0,0,Tulcingo,21191 – Tulcingo,10460,19798
Tulcingo,21191,Puebla,2017,0,0,Tulcingo,21191 – Tulcingo,10460,19798
Tulcingo,21191,Puebla,2018,0,0,Tulcingo,21191 – Tulcingo,10460,19798
Tulcingo,21191,Puebla,2019,0,0,Tulcingo,21191 – Tulcingo,10460,19798
Tulcingo,21191,Puebla,2020,1,9.560229445506693,Tulcingo,21191 – Tulcingo,10460,19798
Tulcingo,21191,Puebla,2021,0,0,Tulcingo,21191 – Tulcingo,10460,19798
Tulcingo,21191,Puebla,2022,0,0,Tulcingo,21191 – Tulcingo,10460,19798
Tulcingo,21191,Puebla,2023,0,0,Tulcingo,21191 – Tulcingo,10460,19798
Tulcingo,21191,Puebla,2024,0,0,Tulcingo,21191 – Tulcingo,10460,19798
Tulcingo,21191,Puebla,2025,0,0,Tulcingo,21191 – Tulcingo,10460,19798
Tuzamapan De Galeana,21192,Puebla,2015,0,0,Tuzamapan De Galeana,21192 – Tuzamapan De Galeana,6027,11854
Tuzamapan De Galeana,21192,Puebla,2016,0,0,Tuzamapan De Galeana,21192 – Tuzamapan De Galeana,6027,11854
Tuzamapan De Galeana,21192,Puebla,2017,0,0,Tuzamapan De Galeana,21192 – Tuzamapan De Galeana,6027,11854
Tuzamapan De Galeana,21192,Puebla,2018,0,0,Tuzamapan De Galeana,21192 – Tuzamapan De Galeana,6027,11854
Tuzamapan De Galeana,21192,Puebla,2019,0,0,Tuzamapan De Galeana,21192 – Tuzamapan De Galeana,6027,11854
Tuzamapan De Galeana,21192,Puebla,2020,0,0,Tuzamapan De Galeana,21192 – Tuzamapan De Galeana,6027,11854
Tuzamapan De Galeana,21192,Puebla,2021,0,0,Tuzamapan De Galeana,21192 – Tuzamapan De Galeana,6027,11854
Tuzamapan De Galeana,21192,Puebla,2022,0,0,Tuzamapan De Galeana,21192 – Tuzamapan De Galeana,6027,11854
Tuzamapan De Galeana,21192,Puebla,2023,0,0,Tuzamapan De Galeana,21192 – Tuzamapan De Galeana,6027,11854
Tuzamapan De Galeana,21192,Puebla,2024,0,0,Tuzamapan De Galeana,21192 – Tuzamapan De Galeana,6027,11854
Tuzamapan De Galeana,21192,Puebla,2025,1,16.592002654720424,Tuzamapan De Galeana,21192 – Tuzamapan De Galeana,6027,11854
Tzicatlacoyan,21193,Puebla,2015,0,0,Tzicatlacoyan,21193 – Tzicatlacoyan,6568,12963
Tzicatlacoyan,21193,Puebla,2016,0,0,Tzicatlacoyan,21193 – Tzicatlacoyan,6568,12963
Tzicatlacoyan,21193,Puebla,2017,0,0,Tzicatlacoyan,21193 – Tzicatlacoyan,6568,12963
Tzicatlacoyan,21193,Puebla,2018,0,0,Tzicatlacoyan,21193 – Tzicatlacoyan,6568,12963
Tzicatlacoyan,21193,Puebla,2019,0,0,Tzicatlacoyan,21193 – Tzicatlacoyan,6568,12963
Tzicatlacoyan,21193,Puebla,2020,0,0,Tzicatlacoyan,21193 – Tzicatlacoyan,6568,12963
Tzicatlacoyan,21193,Puebla,2021,0,0,Tzicatlacoyan,21193 – Tzicatlacoyan,6568,12963
Tzicatlacoyan,21193,Puebla,2022,0,0,Tzicatlacoyan,21193 – Tzicatlacoyan,6568,12963
Tzicatlacoyan,21193,Puebla,2023,0,0,Tzicatlacoyan,21193 – Tzicatlacoyan,6568,12963
Tzicatlacoyan,21193,Puebla,2024,0,0,Tzicatlacoyan,21193 – Tzicatlacoyan,6568,12963
Tzicatlacoyan,21193,Puebla,2025,0,0,Tzicatlacoyan,21193 – Tzicatlacoyan,6568,12963
Venustiano Carranza,21194,Puebla,2015,0,0,Venustiano Carranza,21194 – Venustiano Carranza,29964,57112
Venustiano Carranza,21194,Puebla,2016,0,0,Venustiano Carranza,21194 – Venustiano Carranza,29964,57112
Venustiano Carranza,21194,Puebla,2017,0,0,Venustiano Carranza,21194 – Venustiano Carranza,29964,57112
Venustiano Carranza,21194,Puebla,2018,0,0,Venustiano Carranza,21194 – Venustiano Carranza,29964,57112
Venustiano Carranza,21194,Puebla,2019,0,0,Venustiano Carranza,21194 – Venustiano Carranza,29964,57112
Venustiano Carranza,21194,Puebla,2020,0,0,Venustiano Carranza,21194 – Venustiano Carranza,29964,57112
Venustiano Carranza,21194,Puebla,2021,0,0,Venustiano Carranza,21194 – Venustiano Carranza,29964,57112
Venustiano Carranza,21194,Puebla,2022,1,3.3373381391002535,Venustiano Carranza,21194 – Venustiano Carranza,29964,57112
Venustiano Carranza,21194,Puebla,2023,0,0,Venustiano Carranza,21194 – Venustiano Carranza,29964,57112
Venustiano Carranza,21194,Puebla,2024,1,3.3373381391002535,Venustiano Carranza,21194 – Venustiano Carranza,29964,57112
Venustiano Carranza,21194,Puebla,2025,1,3.3373381391002535,Venustiano Carranza,21194 – Venustiano Carranza,29964,57112
Vicente Guerrero,21195,Puebla,2015,0,0,Vicente Guerrero,21195 – Vicente Guerrero,28250,53134
Vicente Guerrero,21195,Puebla,2016,0,0,Vicente Guerrero,21195 – Vicente Guerrero,28250,53134
Vicente Guerrero,21195,Puebla,2017,1,3.5398230088495577,Vicente Guerrero,21195 – Vicente Guerrero,28250,53134
Vicente Guerrero,21195,Puebla,2018,0,0,Vicente Guerrero,21195 – Vicente Guerrero,28250,53134
Vicente Guerrero,21195,Puebla,2019,0,0,Vicente Guerrero,21195 – Vicente Guerrero,28250,53134
Vicente Guerrero,21195,Puebla,2020,0,0,Vicente Guerrero,21195 – Vicente Guerrero,28250,53134
Vicente Guerrero,21195,Puebla,2021,0,0,Vicente Guerrero,21195 – Vicente Guerrero,28250,53134
Vicente Guerrero,21195,Puebla,2022,0,0,Vicente Guerrero,21195 – Vicente Guerrero,28250,53134
Vicente Guerrero,21195,Puebla,2023,0,0,Vicente Guerrero,21195 – Vicente Guerrero,28250,53134
Vicente Guerrero,21195,Puebla,2024,0,0,Vicente Guerrero,21195 – Vicente Guerrero,28250,53134
Vicente Guerrero,21195,Puebla,2025,0,0,Vicente Guerrero,21195 – Vicente Guerrero,28250,53134
Xayacatlã¡N De Bravo,21196,Puebla,2015,0,0,Xayacatlã¡N De Bravo,21196 – Xayacatlã¡N De Bravo,1686,3145
Xayacatlã¡N De Bravo,21196,Puebla,2016,0,0,Xayacatlã¡N De Bravo,21196 – Xayacatlã¡N De Bravo,1686,3145
Xayacatlã¡N De Bravo,21196,Puebla,2017,0,0,Xayacatlã¡N De Bravo,21196 – Xayacatlã¡N De Bravo,1686,3145
Xayacatlã¡N De Bravo,21196,Puebla,2018,1,59.31198102016607,Xayacatlã¡N De Bravo,21196 – Xayacatlã¡N De Bravo,1686,3145
Xayacatlã¡N De Bravo,21196,Puebla,2019,0,0,Xayacatlã¡N De Bravo,21196 – Xayacatlã¡N De Bravo,1686,3145
Xayacatlã¡N De Bravo,21196,Puebla,2020,0,0,Xayacatlã¡N De Bravo,21196 – Xayacatlã¡N De Bravo,1686,3145
Xayacatlã¡N De Bravo,21196,Puebla,2021,0,0,Xayacatlã¡N De Bravo,21196 – Xayacatlã¡N De Bravo,1686,3145
Xayacatlã¡N De Bravo,21196,Puebla,2022,0,0,Xayacatlã¡N De Bravo,21196 – Xayacatlã¡N De Bravo,1686,3145
Xayacatlã¡N De Bravo,21196,Puebla,2023,0,0,Xayacatlã¡N De Bravo,21196 – Xayacatlã¡N De Bravo,1686,3145
Xayacatlã¡N De Bravo,21196,Puebla,2024,0,0,Xayacatlã¡N De Bravo,21196 – Xayacatlã¡N De Bravo,1686,3145
Xayacatlã¡N De Bravo,21196,Puebla,2025,0,0,Xayacatlã¡N De Bravo,21196 – Xayacatlã¡N De Bravo,1686,3145
Xicotepec,21197,Puebla,2015,0,0,Xicotepec,21197 – Xicotepec,84286,161279
Xicotepec,21197,Puebla,2016,0,0,Xicotepec,21197 – Xicotepec,84286,161279
Xicotepec,21197,Puebla,2017,1,1.1864366561469284,Xicotepec,21197 – Xicotepec,84286,161279
Xicotepec,21197,Puebla,2018,1,1.1864366561469284,Xicotepec,21197 – Xicotepec,84286,161279
Xicotepec,21197,Puebla,2019,0,0,Xicotepec,21197 – Xicotepec,84286,161279
Xicotepec,21197,Puebla,2020,1,1.1864366561469284,Xicotepec,21197 – Xicotepec,84286,161279
Xicotepec,21197,Puebla,2021,1,1.1864366561469284,Xicotepec,21197 – Xicotepec,84286,161279
Xicotepec,21197,Puebla,2022,1,1.1864366561469284,Xicotepec,21197 – Xicotepec,84286,161279
Xicotepec,21197,Puebla,2023,0,0,Xicotepec,21197 – Xicotepec,84286,161279
Xicotepec,21197,Puebla,2024,2,2.372873312293857,Xicotepec,21197 – Xicotepec,84286,161279
Xicotepec,21197,Puebla,2025,2,2.372873312293857,Xicotepec,21197 – Xicotepec,84286,161279
Xicotlã¡N,21198,Puebla,2015,0,0,Xicotlã¡N,21198 – Xicotlã¡N,1367,2626
Xicotlã¡N,21198,Puebla,2016,0,0,Xicotlã¡N,21198 – Xicotlã¡N,1367,2626
Xicotlã¡N,21198,Puebla,2017,0,0,Xicotlã¡N,21198 – Xicotlã¡N,1367,2626
Xicotlã¡N,21198,Puebla,2018,0,0,Xicotlã¡N,21198 – Xicotlã¡N,1367,2626
Xicotlã¡N,21198,Puebla,2019,0,0,Xicotlã¡N,21198 – Xicotlã¡N,1367,2626
Xicotlã¡N,21198,Puebla,2020,0,0,Xicotlã¡N,21198 – Xicotlã¡N,1367,2626
Xicotlã¡N,21198,Puebla,2021,0,0,Xicotlã¡N,21198 – Xicotlã¡N,1367,2626
Xicotlã¡N,21198,Puebla,2022,0,0,Xicotlã¡N,21198 – Xicotlã¡N,1367,2626
Xicotlã¡N,21198,Puebla,2023,0,0,Xicotlã¡N,21198 – Xicotlã¡N,1367,2626
Xicotlã¡N,21198,Puebla,2024,0,0,Xicotlã¡N,21198 – Xicotlã¡N,1367,2626
Xicotlã¡N,21198,Puebla,2025,0,0,Xicotlã¡N,21198 – Xicotlã¡N,1367,2626
Xiutetelco,21199,Puebla,2015,0,0,Xiutetelco,21199 – Xiutetelco,44528,85886
Xiutetelco,21199,Puebla,2016,0,0,Xiutetelco,21199 – Xiutetelco,44528,85886
Xiutetelco,21199,Puebla,2017,0,0,Xiutetelco,21199 – Xiutetelco,44528,85886
Xiutetelco,21199,Puebla,2018,0,0,Xiutetelco,21199 – Xiutetelco,44528,85886
Xiutetelco,21199,Puebla,2019,1,2.245777937477542,Xiutetelco,21199 – Xiutetelco,44528,85886
Xiutetelco,21199,Puebla,2020,0,0,Xiutetelco,21199 – Xiutetelco,44528,85886
Xiutetelco,21199,Puebla,2021,0,0,Xiutetelco,21199 – Xiutetelco,44528,85886
Xiutetelco,21199,Puebla,2022,0,0,Xiutetelco,21199 – Xiutetelco,44528,85886
Xiutetelco,21199,Puebla,2023,0,0,Xiutetelco,21199 – Xiutetelco,44528,85886
Xiutetelco,21199,Puebla,2024,0,0,Xiutetelco,21199 – Xiutetelco,44528,85886
Xiutetelco,21199,Puebla,2025,0,0,Xiutetelco,21199 – Xiutetelco,44528,85886
Xochiapulco,21200,Puebla,2015,0,0,Xochiapulco,21200 – Xochiapulco,3634,6890
Xochiapulco,21200,Puebla,2016,0,0,Xochiapulco,21200 – Xochiapulco,3634,6890
Xochiapulco,21200,Puebla,2017,0,0,Xochiapulco,21200 – Xochiapulco,3634,6890
Xochiapulco,21200,Puebla,2018,0,0,Xochiapulco,21200 – Xochiapulco,3634,6890
Xochiapulco,21200,Puebla,2019,0,0,Xochiapulco,21200 – Xochiapulco,3634,6890
Xochiapulco,21200,Puebla,2020,0,0,Xochiapulco,21200 – Xochiapulco,3634,6890
Xochiapulco,21200,Puebla,2021,0,0,Xochiapulco,21200 – Xochiapulco,3634,6890
Xochiapulco,21200,Puebla,2022,0,0,Xochiapulco,21200 – Xochiapulco,3634,6890
Xochiapulco,21200,Puebla,2023,0,0,Xochiapulco,21200 – Xochiapulco,3634,6890
Xochiapulco,21200,Puebla,2024,0,0,Xochiapulco,21200 – Xochiapulco,3634,6890
Xochiapulco,21200,Puebla,2025,0,0,Xochiapulco,21200 – Xochiapulco,3634,6890
Xochiltepec,21201,Puebla,2015,0,0,Xochiltepec,21201 – Xochiltepec,3614,6753
Xochiltepec,21201,Puebla,2016,0,0,Xochiltepec,21201 – Xochiltepec,3614,6753
Xochiltepec,21201,Puebla,2017,0,0,Xochiltepec,21201 – Xochiltepec,3614,6753
Xochiltepec,21201,Puebla,2018,0,0,Xochiltepec,21201 – Xochiltepec,3614,6753
Xochiltepec,21201,Puebla,2019,0,0,Xochiltepec,21201 – Xochiltepec,3614,6753
Xochiltepec,21201,Puebla,2020,0,0,Xochiltepec,21201 – Xochiltepec,3614,6753
Xochiltepec,21201,Puebla,2021,0,0,Xochiltepec,21201 – Xochiltepec,3614,6753
Xochiltepec,21201,Puebla,2022,0,0,Xochiltepec,21201 – Xochiltepec,3614,6753
Xochiltepec,21201,Puebla,2023,0,0,Xochiltepec,21201 – Xochiltepec,3614,6753
Xochiltepec,21201,Puebla,2024,0,0,Xochiltepec,21201 – Xochiltepec,3614,6753
Xochiltepec,21201,Puebla,2025,0,0,Xochiltepec,21201 – Xochiltepec,3614,6753
Xochitlã¡N De Vicente Suã¡Rez,21202,Puebla,2015,0,0,Xochitlã¡N De Vicente Suã¡Rez,21202 – Xochitlã¡N De Vicente Suã¡Rez,13526,26050
Xochitlã¡N De Vicente Suã¡Rez,21202,Puebla,2016,0,0,Xochitlã¡N De Vicente Suã¡Rez,21202 – Xochitlã¡N De Vicente Suã¡Rez,13526,26050
Xochitlã¡N De Vicente Suã¡Rez,21202,Puebla,2017,0,0,Xochitlã¡N De Vicente Suã¡Rez,21202 – Xochitlã¡N De Vicente Suã¡Rez,13526,26050
Xochitlã¡N De Vicente Suã¡Rez,21202,Puebla,2018,0,0,Xochitlã¡N De Vicente Suã¡Rez,21202 – Xochitlã¡N De Vicente Suã¡Rez,13526,26050
Xochitlã¡N De Vicente Suã¡Rez,21202,Puebla,2019,0,0,Xochitlã¡N De Vicente Suã¡Rez,21202 – Xochitlã¡N De Vicente Suã¡Rez,13526,26050
Xochitlã¡N De Vicente Suã¡Rez,21202,Puebla,2020,0,0,Xochitlã¡N De Vicente Suã¡Rez,21202 – Xochitlã¡N De Vicente Suã¡Rez,13526,26050
Xochitlã¡N De Vicente Suã¡Rez,21202,Puebla,2021,0,0,Xochitlã¡N De Vicente Suã¡Rez,21202 – Xochitlã¡N De Vicente Suã¡Rez,13526,26050
Xochitlã¡N De Vicente Suã¡Rez,21202,Puebla,2022,0,0,Xochitlã¡N De Vicente Suã¡Rez,21202 – Xochitlã¡N De Vicente Suã¡Rez,13526,26050
Xochitlã¡N De Vicente Suã¡Rez,21202,Puebla,2023,0,0,Xochitlã¡N De Vicente Suã¡Rez,21202 – Xochitlã¡N De Vicente Suã¡Rez,13526,26050
Xochitlã¡N De Vicente Suã¡Rez,21202,Puebla,2024,0,0,Xochitlã¡N De Vicente Suã¡Rez,21202 – Xochitlã¡N De Vicente Suã¡Rez,13526,26050
Xochitlã¡N De Vicente Suã¡Rez,21202,Puebla,2025,0,0,Xochitlã¡N De Vicente Suã¡Rez,21202 – Xochitlã¡N De Vicente Suã¡Rez,13526,26050
Xochitlã¡N Todos Santos,21203,Puebla,2015,0,0,Xochitlã¡N Todos Santos,21203 – Xochitlã¡N Todos Santos,7537,14365
Xochitlã¡N Todos Santos,21203,Puebla,2016,0,0,Xochitlã¡N Todos Santos,21203 – Xochitlã¡N Todos Santos,7537,14365
Xochitlã¡N Todos Santos,21203,Puebla,2017,0,0,Xochitlã¡N Todos Santos,21203 – Xochitlã¡N Todos Santos,7537,14365
Xochitlã¡N Todos Santos,21203,Puebla,2018,0,0,Xochitlã¡N Todos Santos,21203 – Xochitlã¡N Todos Santos,7537,14365
Xochitlã¡N Todos Santos,21203,Puebla,2019,0,0,Xochitlã¡N Todos Santos,21203 – Xochitlã¡N Todos Santos,7537,14365
Xochitlã¡N Todos Santos,21203,Puebla,2020,0,0,Xochitlã¡N Todos Santos,21203 – Xochitlã¡N Todos Santos,7537,14365
Xochitlã¡N Todos Santos,21203,Puebla,2021,0,0,Xochitlã¡N Todos Santos,21203 – Xochitlã¡N Todos Santos,7537,14365
Xochitlã¡N Todos Santos,21203,Puebla,2022,0,0,Xochitlã¡N Todos Santos,21203 – Xochitlã¡N Todos Santos,7537,14365
Xochitlã¡N Todos Santos,21203,Puebla,2023,0,0,Xochitlã¡N Todos Santos,21203 – Xochitlã¡N Todos Santos,7537,14365
Xochitlã¡N Todos Santos,21203,Puebla,2024,0,0,Xochitlã¡N Todos Santos,21203 – Xochitlã¡N Todos Santos,7537,14365
Xochitlã¡N Todos Santos,21203,Puebla,2025,0,0,Xochitlã¡N Todos Santos,21203 – Xochitlã¡N Todos Santos,7537,14365
Yaonã¡Huac,21204,Puebla,2015,0,0,Yaonã¡Huac,21204 – Yaonã¡Huac,8486,15852
Yaonã¡Huac,21204,Puebla,2016,0,0,Yaonã¡Huac,21204 – Yaonã¡Huac,8486,15852
Yaonã¡Huac,21204,Puebla,2017,0,0,Yaonã¡Huac,21204 – Yaonã¡Huac,8486,15852
Yaonã¡Huac,21204,Puebla,2018,0,0,Yaonã¡Huac,21204 – Yaonã¡Huac,8486,15852
Yaonã¡Huac,21204,Puebla,2019,0,0,Yaonã¡Huac,21204 – Yaonã¡Huac,8486,15852
Yaonã¡Huac,21204,Puebla,2020,0,0,Yaonã¡Huac,21204 – Yaonã¡Huac,8486,15852
Yaonã¡Huac,21204,Puebla,2021,0,0,Yaonã¡Huac,21204 – Yaonã¡Huac,8486,15852
Yaonã¡Huac,21204,Puebla,2022,0,0,Yaonã¡Huac,21204 – Yaonã¡Huac,8486,15852
Yaonã¡Huac,21204,Puebla,2023,0,0,Yaonã¡Huac,21204 – Yaonã¡Huac,8486,15852
Yaonã¡Huac,21204,Puebla,2024,0,0,Yaonã¡Huac,21204 – Yaonã¡Huac,8486,15852
Yaonã¡Huac,21204,Puebla,2025,0,0,Yaonã¡Huac,21204 – Yaonã¡Huac,8486,15852
Yehualtepec,21205,Puebla,2015,0,0,Yehualtepec,21205 – Yehualtepec,27366,52785
Yehualtepec,21205,Puebla,2016,0,0,Yehualtepec,21205 – Yehualtepec,27366,52785
Yehualtepec,21205,Puebla,2017,0,0,Yehualtepec,21205 – Yehualtepec,27366,52785
Yehualtepec,21205,Puebla,2018,1,3.6541694072937223,Yehualtepec,21205 – Yehualtepec,27366,52785
Yehualtepec,21205,Puebla,2019,0,0,Yehualtepec,21205 – Yehualtepec,27366,52785
Yehualtepec,21205,Puebla,2020,0,0,Yehualtepec,21205 – Yehualtepec,27366,52785
Yehualtepec,21205,Puebla,2021,0,0,Yehualtepec,21205 – Yehualtepec,27366,52785
Yehualtepec,21205,Puebla,2022,0,0,Yehualtepec,21205 – Yehualtepec,27366,52785
Yehualtepec,21205,Puebla,2023,0,0,Yehualtepec,21205 – Yehualtepec,27366,52785
Yehualtepec,21205,Puebla,2024,0,0,Yehualtepec,21205 – Yehualtepec,27366,52785
Yehualtepec,21205,Puebla,2025,0,0,Yehualtepec,21205 – Yehualtepec,27366,52785
Zacapala,21206,Puebla,2015,0,0,Zacapala,21206 – Zacapala,4884,9322
Zacapala,21206,Puebla,2016,0,0,Zacapala,21206 – Zacapala,4884,9322
Zacapala,21206,Puebla,2017,0,0,Zacapala,21206 – Zacapala,4884,9322
Zacapala,21206,Puebla,2018,0,0,Zacapala,21206 – Zacapala,4884,9322
Zacapala,21206,Puebla,2019,0,0,Zacapala,21206 – Zacapala,4884,9322
Zacapala,21206,Puebla,2020,0,0,Zacapala,21206 – Zacapala,4884,9322
Zacapala,21206,Puebla,2021,0,0,Zacapala,21206 – Zacapala,4884,9322
Zacapala,21206,Puebla,2022,0,0,Zacapala,21206 – Zacapala,4884,9322
Zacapala,21206,Puebla,2023,0,0,Zacapala,21206 – Zacapala,4884,9322
Zacapala,21206,Puebla,2024,0,0,Zacapala,21206 – Zacapala,4884,9322
Zacapala,21206,Puebla,2025,0,0,Zacapala,21206 – Zacapala,4884,9322
Zacapoaxtla,21207,Puebla,2015,0,0,Zacapoaxtla,21207 – Zacapoaxtla,61468,115784
Zacapoaxtla,21207,Puebla,2016,0,0,Zacapoaxtla,21207 – Zacapoaxtla,61468,115784
Zacapoaxtla,21207,Puebla,2017,1,1.626862757857747,Zacapoaxtla,21207 – Zacapoaxtla,61468,115784
Zacapoaxtla,21207,Puebla,2018,0,0,Zacapoaxtla,21207 – Zacapoaxtla,61468,115784
Zacapoaxtla,21207,Puebla,2019,1,1.626862757857747,Zacapoaxtla,21207 – Zacapoaxtla,61468,115784
Zacapoaxtla,21207,Puebla,2020,1,1.626862757857747,Zacapoaxtla,21207 – Zacapoaxtla,61468,115784
Zacapoaxtla,21207,Puebla,2021,0,0,Zacapoaxtla,21207 – Zacapoaxtla,61468,115784
Zacapoaxtla,21207,Puebla,2022,0,0,Zacapoaxtla,21207 – Zacapoaxtla,61468,115784
Zacapoaxtla,21207,Puebla,2023,0,0,Zacapoaxtla,21207 – Zacapoaxtla,61468,115784
Zacapoaxtla,21207,Puebla,2024,1,1.626862757857747,Zacapoaxtla,21207 – Zacapoaxtla,61468,115784
Zacapoaxtla,21207,Puebla,2025,0,0,Zacapoaxtla,21207 – Zacapoaxtla,61468,115784
Zacatlã¡N,21208,Puebla,2015,0,0,Zacatlã¡N,21208 – Zacatlã¡N,91712,174767
Zacatlã¡N,21208,Puebla,2016,0,0,Zacatlã¡N,21208 – Zacatlã¡N,91712,174767
Zacatlã¡N,21208,Puebla,2017,0,0,Zacatlã¡N,21208 – Zacatlã¡N,91712,174767
Zacatlã¡N,21208,Puebla,2018,0,0,Zacatlã¡N,21208 – Zacatlã¡N,91712,174767
Zacatlã¡N,21208,Puebla,2019,2,2.180739706908583,Zacatlã¡N,21208 – Zacatlã¡N,91712,174767
Zacatlã¡N,21208,Puebla,2020,5,5.4518492672714585,Zacatlã¡N,21208 – Zacatlã¡N,91712,174767
Zacatlã¡N,21208,Puebla,2021,2,2.180739706908583,Zacatlã¡N,21208 – Zacatlã¡N,91712,174767
Zacatlã¡N,21208,Puebla,2022,0,0,Zacatlã¡N,21208 – Zacatlã¡N,91712,174767
Zacatlã¡N,21208,Puebla,2023,1,1.0903698534542916,Zacatlã¡N,21208 – Zacatlã¡N,91712,174767
Zacatlã¡N,21208,Puebla,2024,0,0,Zacatlã¡N,21208 – Zacatlã¡N,91712,174767
Zacatlã¡N,21208,Puebla,2025,0,0,Zacatlã¡N,21208 – Zacatlã¡N,91712,174767
Zapotitlã¡N,21209,Puebla,2015,0,0,Zapotitlã¡N,21209 – Zapotitlã¡N,9220,17264
Zapotitlã¡N,21209,Puebla,2016,0,0,Zapotitlã¡N,21209 – Zapotitlã¡N,9220,17264
Zapotitlã¡N,21209,Puebla,2017,0,0,Zapotitlã¡N,21209 – Zapotitlã¡N,9220,17264
Zapotitlã¡N,21209,Puebla,2018,0,0,Zapotitlã¡N,21209 – Zapotitlã¡N,9220,17264
Zapotitlã¡N,21209,Puebla,2019,0,0,Zapotitlã¡N,21209 – Zapotitlã¡N,9220,17264
Zapotitlã¡N,21209,Puebla,2020,0,0,Zapotitlã¡N,21209 – Zapotitlã¡N,9220,17264
Zapotitlã¡N,21209,Puebla,2021,0,0,Zapotitlã¡N,21209 – Zapotitlã¡N,9220,17264
Zapotitlã¡N,21209,Puebla,2022,0,0,Zapotitlã¡N,21209 – Zapotitlã¡N,9220,17264
Zapotitlã¡N,21209,Puebla,2023,0,0,Zapotitlã¡N,21209 – Zapotitlã¡N,9220,17264
Zapotitlã¡N,21209,Puebla,2024,0,0,Zapotitlã¡N,21209 – Zapotitlã¡N,9220,17264
Zapotitlã¡N,21209,Puebla,2025,0,0,Zapotitlã¡N,21209 – Zapotitlã¡N,9220,17264
Zapotitlã¡N De Mã©Ndez,21210,Puebla,2015,0,0,Zapotitlã¡N De Mã©Ndez,21210 – Zapotitlã¡N De Mã©Ndez,5764,11350
Zapotitlã¡N De Mã©Ndez,21210,Puebla,2016,0,0,Zapotitlã¡N De Mã©Ndez,21210 – Zapotitlã¡N De Mã©Ndez,5764,11350
Zapotitlã¡N De Mã©Ndez,21210,Puebla,2017,0,0,Zapotitlã¡N De Mã©Ndez,21210 – Zapotitlã¡N De Mã©Ndez,5764,11350
Zapotitlã¡N De Mã©Ndez,21210,Puebla,2018,0,0,Zapotitlã¡N De Mã©Ndez,21210 – Zapotitlã¡N De Mã©Ndez,5764,11350
Zapotitlã¡N De Mã©Ndez,21210,Puebla,2019,0,0,Zapotitlã¡N De Mã©Ndez,21210 – Zapotitlã¡N De Mã©Ndez,5764,11350
Zapotitlã¡N De Mã©Ndez,21210,Puebla,2020,0,0,Zapotitlã¡N De Mã©Ndez,21210 – Zapotitlã¡N De Mã©Ndez,5764,11350
Zapotitlã¡N De Mã©Ndez,21210,Puebla,2021,0,0,Zapotitlã¡N De Mã©Ndez,21210 – Zapotitlã¡N De Mã©Ndez,5764,11350
Zapotitlã¡N De Mã©Ndez,21210,Puebla,2022,0,0,Zapotitlã¡N De Mã©Ndez,21210 – Zapotitlã¡N De Mã©Ndez,5764,11350
Zapotitlã¡N De Mã©Ndez,21210,Puebla,2023,0,0,Zapotitlã¡N De Mã©Ndez,21210 – Zapotitlã¡N De Mã©Ndez,5764,11350
Zapotitlã¡N De Mã©Ndez,21210,Puebla,2024,0,0,Zapotitlã¡N De Mã©Ndez,21210 – Zapotitlã¡N De Mã©Ndez,5764,11350
Zapotitlã¡N De Mã©Ndez,21210,Puebla,2025,0,0,Zapotitlã¡N De Mã©Ndez,21210 – Zapotitlã¡N De Mã©Ndez,5764,11350
Zaragoza,21211,Puebla,2015,0,0,Zaragoza,21211 – Zaragoza,17995,33510
Zaragoza,21211,Puebla,2016,0,0,Zaragoza,21211 – Zaragoza,17995,33510
Zaragoza,21211,Puebla,2017,0,0,Zaragoza,21211 – Zaragoza,17995,33510
Zaragoza,21211,Puebla,2018,0,0,Zaragoza,21211 – Zaragoza,17995,33510
Zaragoza,21211,Puebla,2019,0,0,Zaragoza,21211 – Zaragoza,17995,33510
Zaragoza,21211,Puebla,2020,0,0,Zaragoza,21211 – Zaragoza,17995,33510
Zaragoza,21211,Puebla,2021,0,0,Zaragoza,21211 – Zaragoza,17995,33510
Zaragoza,21211,Puebla,2022,0,0,Zaragoza,21211 – Zaragoza,17995,33510
Zaragoza,21211,Puebla,2023,0,0,Zaragoza,21211 – Zaragoza,17995,33510
Zaragoza,21211,Puebla,2024,0,0,Zaragoza,21211 – Zaragoza,17995,33510
Zaragoza,21211,Puebla,2025,0,0,Zaragoza,21211 – Zaragoza,17995,33510
Zautla,21212,Puebla,2015,0,0,Zautla,21212 – Zautla,21776,41437
Zautla,21212,Puebla,2016,0,0,Zautla,21212 – Zautla,21776,41437
Zautla,21212,Puebla,2017,0,0,Zautla,21212 – Zautla,21776,41437
Zautla,21212,Puebla,2018,0,0,Zautla,21212 – Zautla,21776,41437
Zautla,21212,Puebla,2019,0,0,Zautla,21212 – Zautla,21776,41437
Zautla,21212,Puebla,2020,0,0,Zautla,21212 – Zautla,21776,41437
Zautla,21212,Puebla,2021,0,0,Zautla,21212 – Zautla,21776,41437
Zautla,21212,Puebla,2022,0,0,Zautla,21212 – Zautla,21776,41437
Zautla,21212,Puebla,2023,0,0,Zautla,21212 – Zautla,21776,41437
Zautla,21212,Puebla,2024,0,0,Zautla,21212 – Zautla,21776,41437
Zautla,21212,Puebla,2025,0,0,Zautla,21212 – Zautla,21776,41437
Zihuateutla,21213,Puebla,2015,0,0,Zihuateutla,21213 – Zihuateutla,12386,24054
Zihuateutla,21213,Puebla,2016,0,0,Zihuateutla,21213 – Zihuateutla,12386,24054
Zihuateutla,21213,Puebla,2017,0,0,Zihuateutla,21213 – Zihuateutla,12386,24054
Zihuateutla,21213,Puebla,2018,0,0,Zihuateutla,21213 – Zihuateutla,12386,24054
Zihuateutla,21213,Puebla,2019,2,16.147263038914904,Zihuateutla,21213 – Zihuateutla,12386,24054
Zihuateutla,21213,Puebla,2020,1,8.073631519457452,Zihuateutla,21213 – Zihuateutla,12386,24054
Zihuateutla,21213,Puebla,2021,1,8.073631519457452,Zihuateutla,21213 – Zihuateutla,12386,24054
Zihuateutla,21213,Puebla,2022,0,0,Zihuateutla,21213 – Zihuateutla,12386,24054
Zihuateutla,21213,Puebla,2023,0,0,Zihuateutla,21213 – Zihuateutla,12386,24054
Zihuateutla,21213,Puebla,2024,0,0,Zihuateutla,21213 – Zihuateutla,12386,24054
Zihuateutla,21213,Puebla,2025,0,0,Zihuateutla,21213 – Zihuateutla,12386,24054
Zinacatepec,21214,Puebla,2015,0,0,Zinacatepec,21214 – Zinacatepec,19156,36733
Zinacatepec,21214,Puebla,2016,0,0,Zinacatepec,21214 – Zinacatepec,19156,36733
Zinacatepec,21214,Puebla,2017,0,0,Zinacatepec,21214 – Zinacatepec,19156,36733
Zinacatepec,21214,Puebla,2018,0,0,Zinacatepec,21214 – Zinacatepec,19156,36733
Zinacatepec,21214,Puebla,2019,0,0,Zinacatepec,21214 – Zinacatepec,19156,36733
Zinacatepec,21214,Puebla,2020,0,0,Zinacatepec,21214 – Zinacatepec,19156,36733
Zinacatepec,21214,Puebla,2021,0,0,Zinacatepec,21214 – Zinacatepec,19156,36733
Zinacatepec,21214,Puebla,2022,0,0,Zinacatepec,21214 – Zinacatepec,19156,36733
Zinacatepec,21214,Puebla,2023,0,0,Zinacatepec,21214 – Zinacatepec,19156,36733
Zinacatepec,21214,Puebla,2024,0,0,Zinacatepec,21214 – Zinacatepec,19156,36733
Zinacatepec,21214,Puebla,2025,0,0,Zinacatepec,21214 – Zinacatepec,19156,36733
Zongozotla,21215,Puebla,2015,0,0,Zongozotla,21215 – Zongozotla,4644,9078
Zongozotla,21215,Puebla,2016,0,0,Zongozotla,21215 – Zongozotla,4644,9078
Zongozotla,21215,Puebla,2017,0,0,Zongozotla,21215 – Zongozotla,4644,9078
Zongozotla,21215,Puebla,2018,0,0,Zongozotla,21215 – Zongozotla,4644,9078
Zongozotla,21215,Puebla,2019,0,0,Zongozotla,21215 – Zongozotla,4644,9078
Zongozotla,21215,Puebla,2020,0,0,Zongozotla,21215 – Zongozotla,4644,9078
Zongozotla,21215,Puebla,2021,0,0,Zongozotla,21215 – Zongozotla,4644,9078
Zongozotla,21215,Puebla,2022,0,0,Zongozotla,21215 – Zongozotla,4644,9078
Zongozotla,21215,Puebla,2023,0,0,Zongozotla,21215 – Zongozotla,4644,9078
Zongozotla,21215,Puebla,2024,0,0,Zongozotla,21215 – Zongozotla,4644,9078
Zongozotla,21215,Puebla,2025,0,0,Zongozotla,21215 – Zongozotla,4644,9078
Zoquiapan,21216,Puebla,2015,0,0,Zoquiapan,21216 – Zoquiapan,2628,4923
Zoquiapan,21216,Puebla,2016,0,0,Zoquiapan,21216 – Zoquiapan,2628,4923
Zoquiapan,21216,Puebla,2017,0,0,Zoquiapan,21216 – Zoquiapan,2628,4923
Zoquiapan,21216,Puebla,2018,0,0,Zoquiapan,21216 – Zoquiapan,2628,4923
Zoquiapan,21216,Puebla,2019,0,0,Zoquiapan,21216 – Zoquiapan,2628,4923
Zoquiapan,21216,Puebla,2020,0,0,Zoquiapan,21216 – Zoquiapan,2628,4923
Zoquiapan,21216,Puebla,2021,0,0,Zoquiapan,21216 – Zoquiapan,2628,4923
Zoquiapan,21216,Puebla,2022,0,0,Zoquiapan,21216 – Zoquiapan,2628,4923
Zoquiapan,21216,Puebla,2023,0,0,Zoquiapan,21216 – Zoquiapan,2628,4923
Zoquiapan,21216,Puebla,2024,0,0,Zoquiapan,21216 – Zoquiapan,2628,4923
Zoquiapan,21216,Puebla,2025,0,0,Zoquiapan,21216 – Zoquiapan,2628,4923
Zoquitlã¡N,21217,Puebla,2015,0,0,Zoquitlã¡N,21217 – Zoquitlã¡N,21253,40683
Zoquitlã¡N,21217,Puebla,2016,0,0,Zoquitlã¡N,21217 – Zoquitlã¡N,21253,40683
Zoquitlã¡N,21217,Puebla,2017,0,0,Zoquitlã¡N,21217 – Zoquitlã¡N,21253,40683
Zoquitlã¡N,21217,Puebla,2018,0,0,Zoquitlã¡N,21217 – Zoquitlã¡N,21253,40683
Zoquitlã¡N,21217,Puebla,2019,1,4.705218086858326,Zoquitlã¡N,21217 – Zoquitlã¡N,21253,40683
Zoquitlã¡N,21217,Puebla,2020,1,4.705218086858326,Zoquitlã¡N,21217 – Zoquitlã¡N,21253,40683
Zoquitlã¡N,21217,Puebla,2021,0,0,Zoquitlã¡N,21217 – Zoquitlã¡N,21253,40683
Zoquitlã¡N,21217,Puebla,2022,1,4.705218086858326,Zoquitlã¡N,21217 – Zoquitlã¡N,21253,40683
Zoquitlã¡N,21217,Puebla,2023,0,0,Zoquitlã¡N,21217 – Zoquitlã¡N,21253,40683
Zoquitlã¡N,21217,Puebla,2024,0,0,Zoquitlã¡N,21217 – Zoquitlã¡N,21253,40683
Zoquitlã¡N,21217,Puebla,2025,0,0,Zoquitlã¡N,21217 – Zoquitlã¡N,21253,40683
