municipio,cve_mun,estado,anio,feminicidios,municipio_texto,mun_id_nombre
Acajete,21001,Puebla,2015,0,Acajete,21001 – Acajete
Acajete,21001,Puebla,2016,0,Acajete,21001 – Acajete
Acajete,21001,Puebla,2017,1,Acajete,21001 – Acajete
Acajete,21001,Puebla,2018,0,Acajete,21001 – Acajete
Acajete,21001,Puebla,2019,0,Acajete,21001 – Acajete
Acajete,21001,Puebla,2020,2,Acajete,21001 – Acajete
Acajete,21001,Puebla,2021,1,Acajete,21001 – Acajete
Acajete,21001,Puebla,2022,1,Acajete,21001 – Acajete
Acajete,21001,Puebla,2023,1,Acajete,21001 – Acajete
Acajete,21001,Puebla,2024,0,Acajete,21001 – Acajete
Acajete,21001,Puebla,2025,0,Acajete,21001 – Acajete
Acateno,21002,Puebla,2015,0,Acateno,21002 – Acateno
Acateno,21002,Puebla,2016,0,Acateno,21002 – Acateno
Acateno,21002,Puebla,2017,0,Acateno,21002 – Acateno
Acateno,21002,Puebla,2018,0,Acateno,21002 – Acateno
Acateno,21002,Puebla,2019,0,Acateno,21002 – Acateno
Acateno,21002,Puebla,2020,0,Acateno,21002 – Acateno
Acateno,21002,Puebla,2021,0,Acateno,21002 – Acateno
Acateno,21002,Puebla,2022,0,Acateno,21002 – Acateno
Acateno,21002,Puebla,2023,1,Acateno,21002 – Acateno
Acateno,21002,Puebla,2024,0,Acateno,21002 – Acateno
Acateno,21002,Puebla,2025,0,Acateno,21002 – Acateno
Acatlã¡N,21003,Puebla,2015,0,Acatlã¡N,21003 – Acatlã¡N
Acatlã¡N,21003,Puebla,2016,0,Acatlã¡N,21003 – Acatlã¡N
Acatlã¡N,21003,Puebla,2017,1,Acatlã¡N,21003 – Acatlã¡N
Acatlã¡N,21003,Puebla,2018,1,Acatlã¡N,21003 – Acatlã¡N
Acatlã¡N,21003,Puebla,2019,0,Acatlã¡N,21003 – Acatlã¡N
Acatlã¡N,21003,Puebla,2020,1,Acatlã¡N,21003 – Acatlã¡N
Acatlã¡N,21003,Puebla,2021,0,Acatlã¡N,21003 – Acatlã¡N
Acatlã¡N,21003,Puebla,2022,0,Acatlã¡N,21003 – Acatlã¡N
Acatlã¡N,21003,Puebla,2023,1,Acatlã¡N,21003 – Acatlã¡N
Acatlã¡N,21003,Puebla,2024,1,Acatlã¡N,21003 – Acatlã¡N
Acatlã¡N,21003,Puebla,2025,0,Acatlã¡N,21003 – Acatlã¡N
Acatzingo,21004,Puebla,2015,0,Acatzingo,21004 – Acatzingo
Acatzingo,21004,Puebla,2016,0,Acatzingo,21004 – Acatzingo
Acatzingo,21004,Puebla,2017,0,Acatzingo,21004 – Acatzingo
Acatzingo,21004,Puebla,2018,1,Acatzingo,21004 – Acatzingo
Acatzingo,21004,Puebla,2019,0,Acatzingo,21004 – Acatzingo
Acatzingo,21004,Puebla,2020,0,Acatzingo,21004 – Acatzingo
Acatzingo,21004,Puebla,2021,0,Acatzingo,21004 – Acatzingo
Acatzingo,21004,Puebla,2022,0,Acatzingo,21004 – Acatzingo
Acatzingo,21004,Puebla,2023,2,Acatzingo,21004 – Acatzingo
Acatzingo,21004,Puebla,2024,0,Acatzingo,21004 – Acatzingo
Acatzingo,21004,Puebla,2025,2,Acatzingo,21004 – Acatzingo
Acteopan,21005,Puebla,2015,0,Acteopan,21005 – Acteopan
Acteopan,21005,Puebla,2016,0,Acteopan,21005 – Acteopan
Acteopan,21005,Puebla,2017,0,Acteopan,21005 – Acteopan
Acteopan,21005,Puebla,2018,0,Acteopan,21005 – Acteopan
Acteopan,21005,Puebla,2019,0,Acteopan,21005 – Acteopan
Acteopan,21005,Puebla,2020,0,Acteopan,21005 – Acteopan
Acteopan,21005,Puebla,2021,0,Acteopan,21005 – Acteopan
Acteopan,21005,Puebla,2022,0,Acteopan,21005 – Acteopan
Acteopan,21005,Puebla,2023,0,Acteopan,21005 – Acteopan
Acteopan,21005,Puebla,2024,0,Acteopan,21005 – Acteopan
Acteopan,21005,Puebla,2025,0,Acteopan,21005 – Acteopan
Ahuacatlã¡N,21006,Puebla,2015,0,Ahuacatlã¡N,21006 – Ahuacatlã¡N
Ahuacatlã¡N,21006,Puebla,2016,0,Ahuacatlã¡N,21006 – Ahuacatlã¡N
Ahuacatlã¡N,21006,Puebla,2017,0,Ahuacatlã¡N,21006 – Ahuacatlã¡N
Ahuacatlã¡N,21006,Puebla,2018,0,Ahuacatlã¡N,21006 – Ahuacatlã¡N
Ahuacatlã¡N,21006,Puebla,2019,0,Ahuacatlã¡N,21006 – Ahuacatlã¡N
Ahuacatlã¡N,21006,Puebla,2020,0,Ahuacatlã¡N,21006 – Ahuacatlã¡N
Ahuacatlã¡N,21006,Puebla,2021,0,Ahuacatlã¡N,21006 – Ahuacatlã¡N
Ahuacatlã¡N,21006,Puebla,2022,0,Ahuacatlã¡N,21006 – Ahuacatlã¡N
Ahuacatlã¡N,21006,Puebla,2023,0,Ahuacatlã¡N,21006 – Ahuacatlã¡N
Ahuacatlã¡N,21006,Puebla,2024,0,Ahuacatlã¡N,21006 – Ahuacatlã¡N
Ahuacatlã¡N,21006,Puebla,2025,0,Ahuacatlã¡N,21006 – Ahuacatlã¡N
Ahuatlã¡N,21007,Puebla,2015,0,Ahuatlã¡N,21007 – Ahuatlã¡N
Ahuatlã¡N,21007,Puebla,2016,0,Ahuatlã¡N,21007 – Ahuatlã¡N
Ahuatlã¡N,21007,Puebla,2017,0,Ahuatlã¡N,21007 – Ahuatlã¡N
Ahuatlã¡N,21007,Puebla,2018,0,Ahuatlã¡N,21007 – Ahuatlã¡N
Ahuatlã¡N,21007,Puebla,2019,0,Ahuatlã¡N,21007 – Ahuatlã¡N
Ahuatlã¡N,21007,Puebla,2020,0,Ahuatlã¡N,21007 – Ahuatlã¡N
Ahuatlã¡N,21007,Puebla,2021,0,Ahuatlã¡N,21007 – Ahuatlã¡N
Ahuatlã¡N,21007,Puebla,2022,0,Ahuatlã¡N,21007 – Ahuatlã¡N
Ahuatlã¡N,21007,Puebla,2023,0,Ahuatlã¡N,21007 – Ahuatlã¡N
Ahuatlã¡N,21007,Puebla,2024,0,Ahuatlã¡N,21007 – Ahuatlã¡N
Ahuatlã¡N,21007,Puebla,2025,0,Ahuatlã¡N,21007 – Ahuatlã¡N
Ahuazotepec,21008,Puebla,2015,0,Ahuazotepec,21008 – Ahuazotepec
Ahuazotepec,21008,Puebla,2016,0,Ahuazotepec,21008 – Ahuazotepec
Ahuazotepec,21008,Puebla,2017,0,Ahuazotepec,21008 – Ahuazotepec
Ahuazotepec,21008,Puebla,2018,0,Ahuazotepec,21008 – Ahuazotepec
Ahuazotepec,21008,Puebla,2019,0,Ahuazotepec,21008 – Ahuazotepec
Ahuazotepec,21008,Puebla,2020,1,Ahuazotepec,21008 – Ahuazotepec
Ahuazotepec,21008,Puebla,2021,0,Ahuazotepec,21008 – Ahuazotepec
Ahuazotepec,21008,Puebla,2022,0,Ahuazotepec,21008 – Ahuazotepec
Ahuazotepec,21008,Puebla,2023,0,Ahuazotepec,21008 – Ahuazotepec
Ahuazotepec,21008,Puebla,2024,0,Ahuazotepec,21008 – Ahuazotepec
Ahuazotepec,21008,Puebla,2025,0,Ahuazotepec,21008 – Ahuazotepec
Ahuehuetitla,21009,Puebla,2015,0,Ahuehuetitla,21009 – Ahuehuetitla
Ahuehuetitla,21009,Puebla,2016,0,Ahuehuetitla,21009 – Ahuehuetitla
Ahuehuetitla,21009,Puebla,2017,0,Ahuehuetitla,21009 – Ahuehuetitla
Ahuehuetitla,21009,Puebla,2018,0,Ahuehuetitla,21009 – Ahuehuetitla
Ahuehuetitla,21009,Puebla,2019,0,Ahuehuetitla,21009 – Ahuehuetitla
Ahuehuetitla,21009,Puebla,2020,0,Ahuehuetitla,21009 – Ahuehuetitla
Ahuehuetitla,21009,Puebla,2021,0,Ahuehuetitla,21009 – Ahuehuetitla
Ahuehuetitla,21009,Puebla,2022,0,Ahuehuetitla,21009 – Ahuehuetitla
Ahuehuetitla,21009,Puebla,2023,0,Ahuehuetitla,21009 – Ahuehuetitla
Ahuehuetitla,21009,Puebla,2024,0,Ahuehuetitla,21009 – Ahuehuetitla
Ahuehuetitla,21009,Puebla,2025,0,Ahuehuetitla,21009 – Ahuehuetitla
Ajalpan,21010,Puebla,2015,0,Ajalpan,21010 – Ajalpan
Ajalpan,21010,Puebla,2016,0,Ajalpan,21010 – Ajalpan
Ajalpan,21010,Puebla,2017,0,Ajalpan,21010 – Ajalpan
Ajalpan,21010,Puebla,2018,0,Ajalpan,21010 – Ajalpan
Ajalpan,21010,Puebla,2019,0,Ajalpan,21010 – Ajalpan
Ajalpan,21010,Puebla,2020,0,Ajalpan,21010 – Ajalpan
Ajalpan,21010,Puebla,2021,0,Ajalpan,21010 – Ajalpan
Ajalpan,21010,Puebla,2022,0,Ajalpan,21010 – Ajalpan
Ajalpan,21010,Puebla,2023,0,Ajalpan,21010 – Ajalpan
Ajalpan,21010,Puebla,2024,0,Ajalpan,21010 – Ajalpan
Ajalpan,21010,Puebla,2025,0,Ajalpan,21010 – Ajalpan
Albino Zertuche,21011,Puebla,2015,0,Albino Zertuche,21011 – Albino Zertuche
Albino Zertuche,21011,Puebla,2016,0,Albino Zertuche,21011 – Albino Zertuche
Albino Zertuche,21011,Puebla,2017,0,Albino Zertuche,21011 – Albino Zertuche
Albino Zertuche,21011,Puebla,2018,0,Albino Zertuche,21011 – Albino Zertuche
Albino Zertuche,21011,Puebla,2019,0,Albino Zertuche,21011 – Albino Zertuche
Albino Zertuche,21011,Puebla,2020,0,Albino Zertuche,21011 – Albino Zertuche
Albino Zertuche,21011,Puebla,2021,0,Albino Zertuche,21011 – Albino Zertuche
Albino Zertuche,21011,Puebla,2022,0,Albino Zertuche,21011 – Albino Zertuche
Albino Zertuche,21011,Puebla,2023,0,Albino Zertuche,21011 – Albino Zertuche
Albino Zertuche,21011,Puebla,2024,0,Albino Zertuche,21011 – Albino Zertuche
Albino Zertuche,21011,Puebla,2025,0,Albino Zertuche,21011 – Albino Zertuche
Aljojuca,21012,Puebla,2015,0,Aljojuca,21012 – Aljojuca
Aljojuca,21012,Puebla,2016,0,Aljojuca,21012 – Aljojuca
Aljojuca,21012,Puebla,2017,0,Aljojuca,21012 – Aljojuca
Aljojuca,21012,Puebla,2018,0,Aljojuca,21012 – Aljojuca
Aljojuca,21012,Puebla,2019,0,Aljojuca,21012 – Aljojuca
Aljojuca,21012,Puebla,2020,0,Aljojuca,21012 – Aljojuca
Aljojuca,21012,Puebla,2021,0,Aljojuca,21012 – Aljojuca
Aljojuca,21012,Puebla,2022,0,Aljojuca,21012 – Aljojuca
Aljojuca,21012,Puebla,2023,0,Aljojuca,21012 – Aljojuca
Aljojuca,21012,Puebla,2024,0,Aljojuca,21012 – Aljojuca
Aljojuca,21012,Puebla,2025,0,Aljojuca,21012 – Aljojuca
Altepexi,21013,Puebla,2015,0,Altepexi,21013 – Altepexi
Altepexi,21013,Puebla,2016,0,Altepexi,21013 – Altepexi
Altepexi,21013,Puebla,2017,0,Altepexi,21013 – Altepexi
Altepexi,21013,Puebla,2018,1,Altepexi,21013 – Altepexi
Altepexi,21013,Puebla,2019,0,Altepexi,21013 – Altepexi
Altepexi,21013,Puebla,2020,0,Altepexi,21013 – Altepexi
Altepexi,21013,Puebla,2021,0,Altepexi,21013 – Altepexi
Altepexi,21013,Puebla,2022,0,Altepexi,21013 – Altepexi
Altepexi,21013,Puebla,2023,0,Altepexi,21013 – Altepexi
Altepexi,21013,Puebla,2024,0,Altepexi,21013 – Altepexi
Altepexi,21013,Puebla,2025,0,Altepexi,21013 – Altepexi
Amixtlã¡N,21014,Puebla,2015,0,Amixtlã¡N,21014 – Amixtlã¡N
Amixtlã¡N,21014,Puebla,2016,0,Amixtlã¡N,21014 – Amixtlã¡N
Amixtlã¡N,21014,Puebla,2017,0,Amixtlã¡N,21014 – Amixtlã¡N
Amixtlã¡N,21014,Puebla,2018,0,Amixtlã¡N,21014 – Amixtlã¡N
Amixtlã¡N,21014,Puebla,2019,0,Amixtlã¡N,21014 – Amixtlã¡N
Amixtlã¡N,21014,Puebla,2020,0,Amixtlã¡N,21014 – Amixtlã¡N
Amixtlã¡N,21014,Puebla,2021,0,Amixtlã¡N,21014 – Amixtlã¡N
Amixtlã¡N,21014,Puebla,2022,0,Amixtlã¡N,21014 – Amixtlã¡N
Amixtlã¡N,21014,Puebla,2023,1,Amixtlã¡N,21014 – Amixtlã¡N
Amixtlã¡N,21014,Puebla,2024,0,Amixtlã¡N,21014 – Amixtlã¡N
Amixtlã¡N,21014,Puebla,2025,0,Amixtlã¡N,21014 – Amixtlã¡N
Amozoc,21015,Puebla,2015,0,Amozoc,21015 – Amozoc
Amozoc,21015,Puebla,2016,0,Amozoc,21015 – Amozoc
Amozoc,21015,Puebla,2017,1,Amozoc,21015 – Amozoc
Amozoc,21015,Puebla,2018,1,Amozoc,21015 – Amozoc
Amozoc,21015,Puebla,2019,1,Amozoc,21015 – Amozoc
Amozoc,21015,Puebla,2020,0,Amozoc,21015 – Amozoc
Amozoc,21015,Puebla,2021,1,Amozoc,21015 – Amozoc
Amozoc,21015,Puebla,2022,0,Amozoc,21015 – Amozoc
Amozoc,21015,Puebla,2023,0,Amozoc,21015 – Amozoc
Amozoc,21015,Puebla,2024,0,Amozoc,21015 – Amozoc
Amozoc,21015,Puebla,2025,0,Amozoc,21015 – Amozoc
Aquixtla,21016,Puebla,2015,0,Aquixtla,21016 – Aquixtla
Aquixtla,21016,Puebla,2016,0,Aquixtla,21016 – Aquixtla
Aquixtla,21016,Puebla,2017,0,Aquixtla,21016 – Aquixtla
Aquixtla,21016,Puebla,2018,0,Aquixtla,21016 – Aquixtla
Aquixtla,21016,Puebla,2019,0,Aquixtla,21016 – Aquixtla
Aquixtla,21016,Puebla,2020,0,Aquixtla,21016 – Aquixtla
Aquixtla,21016,Puebla,2021,0,Aquixtla,21016 – Aquixtla
Aquixtla,21016,Puebla,2022,0,Aquixtla,21016 – Aquixtla
Aquixtla,21016,Puebla,2023,0,Aquixtla,21016 – Aquixtla
Aquixtla,21016,Puebla,2024,0,Aquixtla,21016 – Aquixtla
Aquixtla,21016,Puebla,2025,0,Aquixtla,21016 – Aquixtla
Atempan,21017,Puebla,2015,0,Atempan,21017 – Atempan
Atempan,21017,Puebla,2016,0,Atempan,21017 – Atempan
Atempan,21017,Puebla,2017,0,Atempan,21017 – Atempan
Atempan,21017,Puebla,2018,0,Atempan,21017 – Atempan
Atempan,21017,Puebla,2019,0,Atempan,21017 – Atempan
Atempan,21017,Puebla,2020,1,Atempan,21017 – Atempan
Atempan,21017,Puebla,2021,0,Atempan,21017 – Atempan
Atempan,21017,Puebla,2022,0,Atempan,21017 – Atempan
Atempan,21017,Puebla,2023,0,Atempan,21017 – Atempan
Atempan,21017,Puebla,2024,0,Atempan,21017 – Atempan
Atempan,21017,Puebla,2025,0,Atempan,21017 – Atempan
Atexcal,21018,Puebla,2015,0,Atexcal,21018 – Atexcal
Atexcal,21018,Puebla,2016,0,Atexcal,21018 – Atexcal
Atexcal,21018,Puebla,2017,0,Atexcal,21018 – Atexcal
Atexcal,21018,Puebla,2018,0,Atexcal,21018 – Atexcal
Atexcal,21018,Puebla,2019,0,Atexcal,21018 – Atexcal
Atexcal,21018,Puebla,2020,0,Atexcal,21018 – Atexcal
Atexcal,21018,Puebla,2021,0,Atexcal,21018 – Atexcal
Atexcal,21018,Puebla,2022,0,Atexcal,21018 – Atexcal
Atexcal,21018,Puebla,2023,0,Atexcal,21018 – Atexcal
Atexcal,21018,Puebla,2024,0,Atexcal,21018 – Atexcal
Atexcal,21018,Puebla,2025,0,Atexcal,21018 – Atexcal
Atlixco,21019,Puebla,2015,1,Atlixco,21019 – Atlixco
Atlixco,21019,Puebla,2016,0,Atlixco,21019 – Atlixco
Atlixco,21019,Puebla,2017,2,Atlixco,21019 – Atlixco
Atlixco,21019,Puebla,2018,0,Atlixco,21019 – Atlixco
Atlixco,21019,Puebla,2019,1,Atlixco,21019 – Atlixco
Atlixco,21019,Puebla,2020,2,Atlixco,21019 – Atlixco
Atlixco,21019,Puebla,2021,2,Atlixco,21019 – Atlixco
Atlixco,21019,Puebla,2022,1,Atlixco,21019 – Atlixco
Atlixco,21019,Puebla,2023,0,Atlixco,21019 – Atlixco
Atlixco,21019,Puebla,2024,2,Atlixco,21019 – Atlixco
Atlixco,21019,Puebla,2025,1,Atlixco,21019 – Atlixco
Atoyatempan,21020,Puebla,2015,0,Atoyatempan,21020 – Atoyatempan
Atoyatempan,21020,Puebla,2016,0,Atoyatempan,21020 – Atoyatempan
Atoyatempan,21020,Puebla,2017,0,Atoyatempan,21020 – Atoyatempan
Atoyatempan,21020,Puebla,2018,0,Atoyatempan,21020 – Atoyatempan
Atoyatempan,21020,Puebla,2019,0,Atoyatempan,21020 – Atoyatempan
Atoyatempan,21020,Puebla,2020,0,Atoyatempan,21020 – Atoyatempan
Atoyatempan,21020,Puebla,2021,0,Atoyatempan,21020 – Atoyatempan
Atoyatempan,21020,Puebla,2022,0,Atoyatempan,21020 – Atoyatempan
Atoyatempan,21020,Puebla,2023,0,Atoyatempan,21020 – Atoyatempan
Atoyatempan,21020,Puebla,2024,0,Atoyatempan,21020 – Atoyatempan
Atoyatempan,21020,Puebla,2025,0,Atoyatempan,21020 – Atoyatempan
Atzala,21021,Puebla,2015,0,Atzala,21021 – Atzala
Atzala,21021,Puebla,2016,0,Atzala,21021 – Atzala
Atzala,21021,Puebla,2017,0,Atzala,21021 – Atzala
Atzala,21021,Puebla,2018,0,Atzala,21021 – Atzala
Atzala,21021,Puebla,2019,0,Atzala,21021 – Atzala
Atzala,21021,Puebla,2020,0,Atzala,21021 – Atzala
Atzala,21021,Puebla,2021,0,Atzala,21021 – Atzala
Atzala,21021,Puebla,2022,0,Atzala,21021 – Atzala
Atzala,21021,Puebla,2023,0,Atzala,21021 – Atzala
Atzala,21021,Puebla,2024,0,Atzala,21021 – Atzala
Atzala,21021,Puebla,2025,0,Atzala,21021 – Atzala
Atzitzihuacã¡N,21022,Puebla,2015,0,Atzitzihuacã¡N,21022 – Atzitzihuacã¡N
Atzitzihuacã¡N,21022,Puebla,2016,0,Atzitzihuacã¡N,21022 – Atzitzihuacã¡N
Atzitzihuacã¡N,21022,Puebla,2017,0,Atzitzihuacã¡N,21022 – Atzitzihuacã¡N
Atzitzihuacã¡N,21022,Puebla,2018,0,Atzitzihuacã¡N,21022 – Atzitzihuacã¡N
Atzitzihuacã¡N,21022,Puebla,2019,0,Atzitzihuacã¡N,21022 – Atzitzihuacã¡N
Atzitzihuacã¡N,21022,Puebla,2020,0,Atzitzihuacã¡N,21022 – Atzitzihuacã¡N
Atzitzihuacã¡N,21022,Puebla,2021,0,Atzitzihuacã¡N,21022 – Atzitzihuacã¡N
Atzitzihuacã¡N,21022,Puebla,2022,0,Atzitzihuacã¡N,21022 – Atzitzihuacã¡N
Atzitzihuacã¡N,21022,Puebla,2023,0,Atzitzihuacã¡N,21022 – Atzitzihuacã¡N
Atzitzihuacã¡N,21022,Puebla,2024,0,Atzitzihuacã¡N,21022 – Atzitzihuacã¡N
Atzitzihuacã¡N,21022,Puebla,2025,0,Atzitzihuacã¡N,21022 – Atzitzihuacã¡N
Atzitzintla,21023,Puebla,2015,0,Atzitzintla,21023 – Atzitzintla
Atzitzintla,21023,Puebla,2016,0,Atzitzintla,21023 – Atzitzintla
Atzitzintla,21023,Puebla,2017,0,Atzitzintla,21023 – Atzitzintla
Atzitzintla,21023,Puebla,2018,0,Atzitzintla,21023 – Atzitzintla
Atzitzintla,21023,Puebla,2019,0,Atzitzintla,21023 – Atzitzintla
Atzitzintla,21023,Puebla,2020,0,Atzitzintla,21023 – Atzitzintla
Atzitzintla,21023,Puebla,2021,0,Atzitzintla,21023 – Atzitzintla
Atzitzintla,21023,Puebla,2022,0,Atzitzintla,21023 – Atzitzintla
Atzitzintla,21023,Puebla,2023,0,Atzitzintla,21023 – Atzitzintla
Atzitzintla,21023,Puebla,2024,0,Atzitzintla,21023 – Atzitzintla
Atzitzintla,21023,Puebla,2025,0,Atzitzintla,21023 – Atzitzintla
Axutla,21024,Puebla,2015,0,Axutla,21024 – Axutla
Axutla,21024,Puebla,2016,0,Axutla,21024 – Axutla
Axutla,21024,Puebla,2017,0,Axutla,21024 – Axutla
Axutla,21024,Puebla,2018,0,Axutla,21024 – Axutla
Axutla,21024,Puebla,2019,0,Axutla,21024 – Axutla
Axutla,21024,Puebla,2020,0,Axutla,21024 – Axutla
Axutla,21024,Puebla,2021,0,Axutla,21024 – Axutla
Axutla,21024,Puebla,2022,0,Axutla,21024 – Axutla
Axutla,21024,Puebla,2023,0,Axutla,21024 – Axutla
Axutla,21024,Puebla,2024,0,Axutla,21024 – Axutla
Axutla,21024,Puebla,2025,0,Axutla,21024 – Axutla
Ayotoxco De Guerrero,21025,Puebla,2015,0,Ayotoxco De Guerrero,21025 – Ayotoxco De Guerrero
Ayotoxco De Guerrero,21025,Puebla,2016,0,Ayotoxco De Guerrero,21025 – Ayotoxco De Guerrero
Ayotoxco De Guerrero,21025,Puebla,2017,0,Ayotoxco De Guerrero,21025 – Ayotoxco De Guerrero
Ayotoxco De Guerrero,21025,Puebla,2018,0,Ayotoxco De Guerrero,21025 – Ayotoxco De Guerrero
Ayotoxco De Guerrero,21025,Puebla,2019,0,Ayotoxco De Guerrero,21025 – Ayotoxco De Guerrero
Ayotoxco De Guerrero,21025,Puebla,2020,0,Ayotoxco De Guerrero,21025 – Ayotoxco De Guerrero
Ayotoxco De Guerrero,21025,Puebla,2021,0,Ayotoxco De Guerrero,21025 – Ayotoxco De Guerrero
Ayotoxco De Guerrero,21025,Puebla,2022,0,Ayotoxco De Guerrero,21025 – Ayotoxco De Guerrero
Ayotoxco De Guerrero,21025,Puebla,2023,0,Ayotoxco De Guerrero,21025 – Ayotoxco De Guerrero
Ayotoxco De Guerrero,21025,Puebla,2024,0,Ayotoxco De Guerrero,21025 – Ayotoxco De Guerrero
Ayotoxco De Guerrero,21025,Puebla,2025,0,Ayotoxco De Guerrero,21025 – Ayotoxco De Guerrero
Calpan,21026,Puebla,2015,0,Calpan,21026 – Calpan
Calpan,21026,Puebla,2016,1,Calpan,21026 – Calpan
Calpan,21026,Puebla,2017,0,Calpan,21026 – Calpan
Calpan,21026,Puebla,2018,0,Calpan,21026 – Calpan
Calpan,21026,Puebla,2019,0,Calpan,21026 – Calpan
Calpan,21026,Puebla,2020,0,Calpan,21026 – Calpan
Calpan,21026,Puebla,2021,0,Calpan,21026 – Calpan
Calpan,21026,Puebla,2022,0,Calpan,21026 – Calpan
Calpan,21026,Puebla,2023,0,Calpan,21026 – Calpan
Calpan,21026,Puebla,2024,0,Calpan,21026 – Calpan
Calpan,21026,Puebla,2025,0,Calpan,21026 – Calpan
Caltepec,21027,Puebla,2015,0,Caltepec,21027 – Caltepec
Caltepec,21027,Puebla,2016,0,Caltepec,21027 – Caltepec
Caltepec,21027,Puebla,2017,0,Caltepec,21027 – Caltepec
Caltepec,21027,Puebla,2018,0,Caltepec,21027 – Caltepec
Caltepec,21027,Puebla,2019,0,Caltepec,21027 – Caltepec
Caltepec,21027,Puebla,2020,0,Caltepec,21027 – Caltepec
Caltepec,21027,Puebla,2021,0,Caltepec,21027 – Caltepec
Caltepec,21027,Puebla,2022,0,Caltepec,21027 – Caltepec
Caltepec,21027,Puebla,2023,0,Caltepec,21027 – Caltepec
Caltepec,21027,Puebla,2024,0,Caltepec,21027 – Caltepec
Caltepec,21027,Puebla,2025,0,Caltepec,21027 – Caltepec
Camocuautla,21028,Puebla,2015,0,Camocuautla,21028 – Camocuautla
Camocuautla,21028,Puebla,2016,0,Camocuautla,21028 – Camocuautla
Camocuautla,21028,Puebla,2017,0,Camocuautla,21028 – Camocuautla
Camocuautla,21028,Puebla,2018,0,Camocuautla,21028 – Camocuautla
Camocuautla,21028,Puebla,2019,0,Camocuautla,21028 – Camocuautla
Camocuautla,21028,Puebla,2020,0,Camocuautla,21028 – Camocuautla
Camocuautla,21028,Puebla,2021,0,Camocuautla,21028 – Camocuautla
Camocuautla,21028,Puebla,2022,0,Camocuautla,21028 – Camocuautla
Camocuautla,21028,Puebla,2023,0,Camocuautla,21028 – Camocuautla
Camocuautla,21028,Puebla,2024,0,Camocuautla,21028 – Camocuautla
Camocuautla,21028,Puebla,2025,0,Camocuautla,21028 – Camocuautla
Caxhuacan,21029,Puebla,2015,0,Caxhuacan,21029 – Caxhuacan
Caxhuacan,21029,Puebla,2016,0,Caxhuacan,21029 – Caxhuacan
Caxhuacan,21029,Puebla,2017,0,Caxhuacan,21029 – Caxhuacan
Caxhuacan,21029,Puebla,2018,0,Caxhuacan,21029 – Caxhuacan
Caxhuacan,21029,Puebla,2019,0,Caxhuacan,21029 – Caxhuacan
Caxhuacan,21029,Puebla,2020,0,Caxhuacan,21029 – Caxhuacan
Caxhuacan,21029,Puebla,2021,0,Caxhuacan,21029 – Caxhuacan
Caxhuacan,21029,Puebla,2022,0,Caxhuacan,21029 – Caxhuacan
Caxhuacan,21029,Puebla,2023,0,Caxhuacan,21029 – Caxhuacan
Caxhuacan,21029,Puebla,2024,0,Caxhuacan,21029 – Caxhuacan
Caxhuacan,21029,Puebla,2025,0,Caxhuacan,21029 – Caxhuacan
Coatepec,21030,Puebla,2015,0,Coatepec,21030 – Coatepec
Coatepec,21030,Puebla,2016,0,Coatepec,21030 – Coatepec
Coatepec,21030,Puebla,2017,0,Coatepec,21030 – Coatepec
Coatepec,21030,Puebla,2018,0,Coatepec,21030 – Coatepec
Coatepec,21030,Puebla,2019,0,Coatepec,21030 – Coatepec
Coatepec,21030,Puebla,2020,0,Coatepec,21030 – Coatepec
Coatepec,21030,Puebla,2021,0,Coatepec,21030 – Coatepec
Coatepec,21030,Puebla,2022,0,Coatepec,21030 – Coatepec
Coatepec,21030,Puebla,2023,0,Coatepec,21030 – Coatepec
Coatepec,21030,Puebla,2024,0,Coatepec,21030 – Coatepec
Coatepec,21030,Puebla,2025,0,Coatepec,21030 – Coatepec
Coatzingo,21031,Puebla,2015,0,Coatzingo,21031 – Coatzingo
Coatzingo,21031,Puebla,2016,0,Coatzingo,21031 – Coatzingo
Coatzingo,21031,Puebla,2017,0,Coatzingo,21031 – Coatzingo
Coatzingo,21031,Puebla,2018,0,Coatzingo,21031 – Coatzingo
Coatzingo,21031,Puebla,2019,0,Coatzingo,21031 – Coatzingo
Coatzingo,21031,Puebla,2020,0,Coatzingo,21031 – Coatzingo
Coatzingo,21031,Puebla,2021,0,Coatzingo,21031 – Coatzingo
Coatzingo,21031,Puebla,2022,0,Coatzingo,21031 – Coatzingo
Coatzingo,21031,Puebla,2023,0,Coatzingo,21031 – Coatzingo
Coatzingo,21031,Puebla,2024,0,Coatzingo,21031 – Coatzingo
Coatzingo,21031,Puebla,2025,0,Coatzingo,21031 – Coatzingo
Cohetzala,21032,Puebla,2015,0,Cohetzala,21032 – Cohetzala
Cohetzala,21032,Puebla,2016,0,Cohetzala,21032 – Cohetzala
Cohetzala,21032,Puebla,2017,0,Cohetzala,21032 – Cohetzala
Cohetzala,21032,Puebla,2018,0,Cohetzala,21032 – Cohetzala
Cohetzala,21032,Puebla,2019,0,Cohetzala,21032 – Cohetzala
Cohetzala,21032,Puebla,2020,0,Cohetzala,21032 – Cohetzala
Cohetzala,21032,Puebla,2021,0,Cohetzala,21032 – Cohetzala
Cohetzala,21032,Puebla,2022,0,Cohetzala,21032 – Cohetzala
Cohetzala,21032,Puebla,2023,0,Cohetzala,21032 – Cohetzala
Cohetzala,21032,Puebla,2024,0,Cohetzala,21032 – Cohetzala
Cohetzala,21032,Puebla,2025,0,Cohetzala,21032 – Cohetzala
Cohuecan,21033,Puebla,2015,0,Cohuecan,21033 – Cohuecan
Cohuecan,21033,Puebla,2016,0,Cohuecan,21033 – Cohuecan
Cohuecan,21033,Puebla,2017,0,Cohuecan,21033 – Cohuecan
Cohuecan,21033,Puebla,2018,0,Cohuecan,21033 – Cohuecan
Cohuecan,21033,Puebla,2019,0,Cohuecan,21033 – Cohuecan
Cohuecan,21033,Puebla,2020,0,Cohuecan,21033 – Cohuecan
Cohuecan,21033,Puebla,2021,0,Cohuecan,21033 – Cohuecan
Cohuecan,21033,Puebla,2022,0,Cohuecan,21033 – Cohuecan
Cohuecan,21033,Puebla,2023,0,Cohuecan,21033 – Cohuecan
Cohuecan,21033,Puebla,2024,0,Cohuecan,21033 – Cohuecan
Cohuecan,21033,Puebla,2025,0,Cohuecan,21033 – Cohuecan
Coronango,21034,Puebla,2015,0,Coronango,21034 – Coronango
Coronango,21034,Puebla,2016,0,Coronango,21034 – Coronango
Coronango,21034,Puebla,2017,1,Coronango,21034 – Coronango
Coronango,21034,Puebla,2018,0,Coronango,21034 – Coronango
Coronango,21034,Puebla,2019,0,Coronango,21034 – Coronango
Coronango,21034,Puebla,2020,3,Coronango,21034 – Coronango
Coronango,21034,Puebla,2021,0,Coronango,21034 – Coronango
Coronango,21034,Puebla,2022,0,Coronango,21034 – Coronango
Coronango,21034,Puebla,2023,0,Coronango,21034 – Coronango
Coronango,21034,Puebla,2024,1,Coronango,21034 – Coronango
Coronango,21034,Puebla,2025,0,Coronango,21034 – Coronango
Coxcatlã¡N,21035,Puebla,2015,0,Coxcatlã¡N,21035 – Coxcatlã¡N
Coxcatlã¡N,21035,Puebla,2016,0,Coxcatlã¡N,21035 – Coxcatlã¡N
Coxcatlã¡N,21035,Puebla,2017,0,Coxcatlã¡N,21035 – Coxcatlã¡N
Coxcatlã¡N,21035,Puebla,2018,0,Coxcatlã¡N,21035 – Coxcatlã¡N
Coxcatlã¡N,21035,Puebla,2019,0,Coxcatlã¡N,21035 – Coxcatlã¡N
Coxcatlã¡N,21035,Puebla,2020,0,Coxcatlã¡N,21035 – Coxcatlã¡N
Coxcatlã¡N,21035,Puebla,2021,0,Coxcatlã¡N,21035 – Coxcatlã¡N
Coxcatlã¡N,21035,Puebla,2022,0,Coxcatlã¡N,21035 – Coxcatlã¡N
Coxcatlã¡N,21035,Puebla,2023,0,Coxcatlã¡N,21035 – Coxcatlã¡N
Coxcatlã¡N,21035,Puebla,2024,0,Coxcatlã¡N,21035 – Coxcatlã¡N
Coxcatlã¡N,21035,Puebla,2025,0,Coxcatlã¡N,21035 – Coxcatlã¡N
Coyomeapan,21036,Puebla,2015,0,Coyomeapan,21036 – Coyomeapan
Coyomeapan,21036,Puebla,2016,0,Coyomeapan,21036 – Coyomeapan
Coyomeapan,21036,Puebla,2017,0,Coyomeapan,21036 – Coyomeapan
Coyomeapan,21036,Puebla,2018,1,Coyomeapan,21036 – Coyomeapan
Coyomeapan,21036,Puebla,2019,0,Coyomeapan,21036 – Coyomeapan
Coyomeapan,21036,Puebla,2020,0,Coyomeapan,21036 – Coyomeapan
Coyomeapan,21036,Puebla,2021,0,Coyomeapan,21036 – Coyomeapan
Coyomeapan,21036,Puebla,2022,0,Coyomeapan,21036 – Coyomeapan
Coyomeapan,21036,Puebla,2023,0,Coyomeapan,21036 – Coyomeapan
Coyomeapan,21036,Puebla,2024,0,Coyomeapan,21036 – Coyomeapan
Coyomeapan,21036,Puebla,2025,0,Coyomeapan,21036 – Coyomeapan
Coyotepec,21037,Puebla,2015,0,Coyotepec,21037 – Coyotepec
Coyotepec,21037,Puebla,2016,0,Coyotepec,21037 – Coyotepec
Coyotepec,21037,Puebla,2017,0,Coyotepec,21037 – Coyotepec
Coyotepec,21037,Puebla,2018,0,Coyotepec,21037 – Coyotepec
Coyotepec,21037,Puebla,2019,0,Coyotepec,21037 – Coyotepec
Coyotepec,21037,Puebla,2020,0,Coyotepec,21037 – Coyotepec
Coyotepec,21037,Puebla,2021,0,Coyotepec,21037 – Coyotepec
Coyotepec,21037,Puebla,2022,0,Coyotepec,21037 – Coyotepec
Coyotepec,21037,Puebla,2023,0,Coyotepec,21037 – Coyotepec
Coyotepec,21037,Puebla,2024,0,Coyotepec,21037 – Coyotepec
Coyotepec,21037,Puebla,2025,0,Coyotepec,21037 – Coyotepec
Cuapiaxtla De Madero,21038,Puebla,2015,0,Cuapiaxtla De Madero,21038 – Cuapiaxtla De Madero
Cuapiaxtla De Madero,21038,Puebla,2016,0,Cuapiaxtla De Madero,21038 – Cuapiaxtla De Madero
Cuapiaxtla De Madero,21038,Puebla,2017,0,Cuapiaxtla De Madero,21038 – Cuapiaxtla De Madero
Cuapiaxtla De Madero,21038,Puebla,2018,0,Cuapiaxtla De Madero,21038 – Cuapiaxtla De Madero
Cuapiaxtla De Madero,21038,Puebla,2019,0,Cuapiaxtla De Madero,21038 – Cuapiaxtla De Madero
Cuapiaxtla De Madero,21038,Puebla,2020,0,Cuapiaxtla De Madero,21038 – Cuapiaxtla De Madero
Cuapiaxtla De Madero,21038,Puebla,2021,0,Cuapiaxtla De Madero,21038 – Cuapiaxtla De Madero
Cuapiaxtla De Madero,21038,Puebla,2022,0,Cuapiaxtla De Madero,21038 – Cuapiaxtla De Madero
Cuapiaxtla De Madero,21038,Puebla,2023,0,Cuapiaxtla De Madero,21038 – Cuapiaxtla De Madero
Cuapiaxtla De Madero,21038,Puebla,2024,0,Cuapiaxtla De Madero,21038 – Cuapiaxtla De Madero
Cuapiaxtla De Madero,21038,Puebla,2025,0,Cuapiaxtla De Madero,21038 – Cuapiaxtla De Madero
Cuautempan,21039,Puebla,2015,0,Cuautempan,21039 – Cuautempan
Cuautempan,21039,Puebla,2016,0,Cuautempan,21039 – Cuautempan
Cuautempan,21039,Puebla,2017,0,Cuautempan,21039 – Cuautempan
Cuautempan,21039,Puebla,2018,0,Cuautempan,21039 – Cuautempan
Cuautempan,21039,Puebla,2019,0,Cuautempan,21039 – Cuautempan
Cuautempan,21039,Puebla,2020,0,Cuautempan,21039 – Cuautempan
Cuautempan,21039,Puebla,2021,2,Cuautempan,21039 – Cuautempan
Cuautempan,21039,Puebla,2022,0,Cuautempan,21039 – Cuautempan
Cuautempan,21039,Puebla,2023,0,Cuautempan,21039 – Cuautempan
Cuautempan,21039,Puebla,2024,0,Cuautempan,21039 – Cuautempan
Cuautempan,21039,Puebla,2025,0,Cuautempan,21039 – Cuautempan
Cuautinchã¡N,21040,Puebla,2015,0,Cuautinchã¡N,21040 – Cuautinchã¡N
Cuautinchã¡N,21040,Puebla,2016,0,Cuautinchã¡N,21040 – Cuautinchã¡N
Cuautinchã¡N,21040,Puebla,2017,0,Cuautinchã¡N,21040 – Cuautinchã¡N
Cuautinchã¡N,21040,Puebla,2018,0,Cuautinchã¡N,21040 – Cuautinchã¡N
Cuautinchã¡N,21040,Puebla,2019,0,Cuautinchã¡N,21040 – Cuautinchã¡N
Cuautinchã¡N,21040,Puebla,2020,0,Cuautinchã¡N,21040 – Cuautinchã¡N
Cuautinchã¡N,21040,Puebla,2021,0,Cuautinchã¡N,21040 – Cuautinchã¡N
Cuautinchã¡N,21040,Puebla,2022,0,Cuautinchã¡N,21040 – Cuautinchã¡N
Cuautinchã¡N,21040,Puebla,2023,0,Cuautinchã¡N,21040 – Cuautinchã¡N
Cuautinchã¡N,21040,Puebla,2024,0,Cuautinchã¡N,21040 – Cuautinchã¡N
Cuautinchã¡N,21040,Puebla,2025,0,Cuautinchã¡N,21040 – Cuautinchã¡N
Cuautlancingo,21041,Puebla,2015,0,Cuautlancingo,21041 – Cuautlancingo
Cuautlancingo,21041,Puebla,2016,0,Cuautlancingo,21041 – Cuautlancingo
Cuautlancingo,21041,Puebla,2017,0,Cuautlancingo,21041 – Cuautlancingo
Cuautlancingo,21041,Puebla,2018,1,Cuautlancingo,21041 – Cuautlancingo
Cuautlancingo,21041,Puebla,2019,1,Cuautlancingo,21041 – Cuautlancingo
Cuautlancingo,21041,Puebla,2020,2,Cuautlancingo,21041 – Cuautlancingo
Cuautlancingo,21041,Puebla,2021,0,Cuautlancingo,21041 – Cuautlancingo
Cuautlancingo,21041,Puebla,2022,0,Cuautlancingo,21041 – Cuautlancingo
Cuautlancingo,21041,Puebla,2023,1,Cuautlancingo,21041 – Cuautlancingo
Cuautlancingo,21041,Puebla,2024,1,Cuautlancingo,21041 – Cuautlancingo
Cuautlancingo,21041,Puebla,2025,1,Cuautlancingo,21041 – Cuautlancingo
Cuayuca De Andrade,21042,Puebla,2015,0,Cuayuca De Andrade,21042 – Cuayuca De Andrade
Cuayuca De Andrade,21042,Puebla,2016,0,Cuayuca De Andrade,21042 – Cuayuca De Andrade
Cuayuca De Andrade,21042,Puebla,2017,0,Cuayuca De Andrade,21042 – Cuayuca De Andrade
Cuayuca De Andrade,21042,Puebla,2018,0,Cuayuca De Andrade,21042 – Cuayuca De Andrade
Cuayuca De Andrade,21042,Puebla,2019,0,Cuayuca De Andrade,21042 – Cuayuca De Andrade
Cuayuca De Andrade,21042,Puebla,2020,0,Cuayuca De Andrade,21042 – Cuayuca De Andrade
Cuayuca De Andrade,21042,Puebla,2021,0,Cuayuca De Andrade,21042 – Cuayuca De Andrade
Cuayuca De Andrade,21042,Puebla,2022,0,Cuayuca De Andrade,21042 – Cuayuca De Andrade
Cuayuca De Andrade,21042,Puebla,2023,0,Cuayuca De Andrade,21042 – Cuayuca De Andrade
Cuayuca De Andrade,21042,Puebla,2024,0,Cuayuca De Andrade,21042 – Cuayuca De Andrade
Cuayuca De Andrade,21042,Puebla,2025,0,Cuayuca De Andrade,21042 – Cuayuca De Andrade
Cuetzalan Del Progreso,21043,Puebla,2015,0,Cuetzalan Del Progreso,21043 – Cuetzalan Del Progreso
Cuetzalan Del Progreso,21043,Puebla,2016,0,Cuetzalan Del Progreso,21043 – Cuetzalan Del Progreso
Cuetzalan Del Progreso,21043,Puebla,2017,0,Cuetzalan Del Progreso,21043 – Cuetzalan Del Progreso
Cuetzalan Del Progreso,21043,Puebla,2018,0,Cuetzalan Del Progreso,21043 – Cuetzalan Del Progreso
Cuetzalan Del Progreso,21043,Puebla,2019,0,Cuetzalan Del Progreso,21043 – Cuetzalan Del Progreso
Cuetzalan Del Progreso,21043,Puebla,2020,0,Cuetzalan Del Progreso,21043 – Cuetzalan Del Progreso
Cuetzalan Del Progreso,21043,Puebla,2021,0,Cuetzalan Del Progreso,21043 – Cuetzalan Del Progreso
Cuetzalan Del Progreso,21043,Puebla,2022,0,Cuetzalan Del Progreso,21043 – Cuetzalan Del Progreso
Cuetzalan Del Progreso,21043,Puebla,2023,1,Cuetzalan Del Progreso,21043 – Cuetzalan Del Progreso
Cuetzalan Del Progreso,21043,Puebla,2024,2,Cuetzalan Del Progreso,21043 – Cuetzalan Del Progreso
Cuetzalan Del Progreso,21043,Puebla,2025,0,Cuetzalan Del Progreso,21043 – Cuetzalan Del Progreso
Cuyoaco,21044,Puebla,2015,0,Cuyoaco,21044 – Cuyoaco
Cuyoaco,21044,Puebla,2016,0,Cuyoaco,21044 – Cuyoaco
Cuyoaco,21044,Puebla,2017,0,Cuyoaco,21044 – Cuyoaco
Cuyoaco,21044,Puebla,2018,0,Cuyoaco,21044 – Cuyoaco
Cuyoaco,21044,Puebla,2019,1,Cuyoaco,21044 – Cuyoaco
Cuyoaco,21044,Puebla,2020,0,Cuyoaco,21044 – Cuyoaco
Cuyoaco,21044,Puebla,2021,0,Cuyoaco,21044 – Cuyoaco
Cuyoaco,21044,Puebla,2022,0,Cuyoaco,21044 – Cuyoaco
Cuyoaco,21044,Puebla,2023,0,Cuyoaco,21044 – Cuyoaco
Cuyoaco,21044,Puebla,2024,0,Cuyoaco,21044 – Cuyoaco
Cuyoaco,21044,Puebla,2025,0,Cuyoaco,21044 – Cuyoaco
Chalchicomula De Sesma,21045,Puebla,2015,0,Chalchicomula De Sesma,21045 – Chalchicomula De Sesma
Chalchicomula De Sesma,21045,Puebla,2016,0,Chalchicomula De Sesma,21045 – Chalchicomula De Sesma
Chalchicomula De Sesma,21045,Puebla,2017,0,Chalchicomula De Sesma,21045 – Chalchicomula De Sesma
Chalchicomula De Sesma,21045,Puebla,2018,0,Chalchicomula De Sesma,21045 – Chalchicomula De Sesma
Chalchicomula De Sesma,21045,Puebla,2019,1,Chalchicomula De Sesma,21045 – Chalchicomula De Sesma
Chalchicomula De Sesma,21045,Puebla,2020,0,Chalchicomula De Sesma,21045 – Chalchicomula De Sesma
Chalchicomula De Sesma,21045,Puebla,2021,0,Chalchicomula De Sesma,21045 – Chalchicomula De Sesma
Chalchicomula De Sesma,21045,Puebla,2022,0,Chalchicomula De Sesma,21045 – Chalchicomula De Sesma
Chalchicomula De Sesma,21045,Puebla,2023,0,Chalchicomula De Sesma,21045 – Chalchicomula De Sesma
Chalchicomula De Sesma,21045,Puebla,2024,0,Chalchicomula De Sesma,21045 – Chalchicomula De Sesma
Chalchicomula De Sesma,21045,Puebla,2025,0,Chalchicomula De Sesma,21045 – Chalchicomula De Sesma
Chapulco,21046,Puebla,2015,0,Chapulco,21046 – Chapulco
Chapulco,21046,Puebla,2016,0,Chapulco,21046 – Chapulco
Chapulco,21046,Puebla,2017,0,Chapulco,21046 – Chapulco
Chapulco,21046,Puebla,2018,0,Chapulco,21046 – Chapulco
Chapulco,21046,Puebla,2019,0,Chapulco,21046 – Chapulco
Chapulco,21046,Puebla,2020,0,Chapulco,21046 – Chapulco
Chapulco,21046,Puebla,2021,0,Chapulco,21046 – Chapulco
Chapulco,21046,Puebla,2022,0,Chapulco,21046 – Chapulco
Chapulco,21046,Puebla,2023,0,Chapulco,21046 – Chapulco
Chapulco,21046,Puebla,2024,0,Chapulco,21046 – Chapulco
Chapulco,21046,Puebla,2025,0,Chapulco,21046 – Chapulco
Chiautla,21047,Puebla,2015,0,Chiautla,21047 – Chiautla
Chiautla,21047,Puebla,2016,0,Chiautla,21047 – Chiautla
Chiautla,21047,Puebla,2017,0,Chiautla,21047 – Chiautla
Chiautla,21047,Puebla,2018,0,Chiautla,21047 – Chiautla
Chiautla,21047,Puebla,2019,0,Chiautla,21047 – Chiautla
Chiautla,21047,Puebla,2020,0,Chiautla,21047 – Chiautla
Chiautla,21047,Puebla,2021,0,Chiautla,21047 – Chiautla
Chiautla,21047,Puebla,2022,1,Chiautla,21047 – Chiautla
Chiautla,21047,Puebla,2023,1,Chiautla,21047 – Chiautla
Chiautla,21047,Puebla,2024,0,Chiautla,21047 – Chiautla
Chiautla,21047,Puebla,2025,0,Chiautla,21047 – Chiautla
Chiautzingo,21048,Puebla,2015,0,Chiautzingo,21048 – Chiautzingo
Chiautzingo,21048,Puebla,2016,0,Chiautzingo,21048 – Chiautzingo
Chiautzingo,21048,Puebla,2017,0,Chiautzingo,21048 – Chiautzingo
Chiautzingo,21048,Puebla,2018,0,Chiautzingo,21048 – Chiautzingo
Chiautzingo,21048,Puebla,2019,0,Chiautzingo,21048 – Chiautzingo
Chiautzingo,21048,Puebla,2020,0,Chiautzingo,21048 – Chiautzingo
Chiautzingo,21048,Puebla,2021,0,Chiautzingo,21048 – Chiautzingo
Chiautzingo,21048,Puebla,2022,0,Chiautzingo,21048 – Chiautzingo
Chiautzingo,21048,Puebla,2023,0,Chiautzingo,21048 – Chiautzingo
Chiautzingo,21048,Puebla,2024,0,Chiautzingo,21048 – Chiautzingo
Chiautzingo,21048,Puebla,2025,0,Chiautzingo,21048 – Chiautzingo
Chiconcuautla,21049,Puebla,2015,0,Chiconcuautla,21049 – Chiconcuautla
Chiconcuautla,21049,Puebla,2016,0,Chiconcuautla,21049 – Chiconcuautla
Chiconcuautla,21049,Puebla,2017,0,Chiconcuautla,21049 – Chiconcuautla
Chiconcuautla,21049,Puebla,2018,0,Chiconcuautla,21049 – Chiconcuautla
Chiconcuautla,21049,Puebla,2019,0,Chiconcuautla,21049 – Chiconcuautla
Chiconcuautla,21049,Puebla,2020,0,Chiconcuautla,21049 – Chiconcuautla
Chiconcuautla,21049,Puebla,2021,1,Chiconcuautla,21049 – Chiconcuautla
Chiconcuautla,21049,Puebla,2022,0,Chiconcuautla,21049 – Chiconcuautla
Chiconcuautla,21049,Puebla,2023,0,Chiconcuautla,21049 – Chiconcuautla
Chiconcuautla,21049,Puebla,2024,0,Chiconcuautla,21049 – Chiconcuautla
Chiconcuautla,21049,Puebla,2025,0,Chiconcuautla,21049 – Chiconcuautla
Chichiquila,21050,Puebla,2015,0,Chichiquila,21050 – Chichiquila
Chichiquila,21050,Puebla,2016,0,Chichiquila,21050 – Chichiquila
Chichiquila,21050,Puebla,2017,0,Chichiquila,21050 – Chichiquila
Chichiquila,21050,Puebla,2018,0,Chichiquila,21050 – Chichiquila
Chichiquila,21050,Puebla,2019,0,Chichiquila,21050 – Chichiquila
Chichiquila,21050,Puebla,2020,0,Chichiquila,21050 – Chichiquila
Chichiquila,21050,Puebla,2021,0,Chichiquila,21050 – Chichiquila
Chichiquila,21050,Puebla,2022,1,Chichiquila,21050 – Chichiquila
Chichiquila,21050,Puebla,2023,0,Chichiquila,21050 – Chichiquila
Chichiquila,21050,Puebla,2024,0,Chichiquila,21050 – Chichiquila
Chichiquila,21050,Puebla,2025,0,Chichiquila,21050 – Chichiquila
Chietla,21051,Puebla,2015,0,Chietla,21051 – Chietla
Chietla,21051,Puebla,2016,0,Chietla,21051 – Chietla
Chietla,21051,Puebla,2017,1,Chietla,21051 – Chietla
Chietla,21051,Puebla,2018,0,Chietla,21051 – Chietla
Chietla,21051,Puebla,2019,0,Chietla,21051 – Chietla
Chietla,21051,Puebla,2020,4,Chietla,21051 – Chietla
Chietla,21051,Puebla,2021,0,Chietla,21051 – Chietla
Chietla,21051,Puebla,2022,0,Chietla,21051 – Chietla
Chietla,21051,Puebla,2023,1,Chietla,21051 – Chietla
Chietla,21051,Puebla,2024,0,Chietla,21051 – Chietla
Chietla,21051,Puebla,2025,0,Chietla,21051 – Chietla
Chigmecatitlã¡N,21052,Puebla,2015,0,Chigmecatitlã¡N,21052 – Chigmecatitlã¡N
Chigmecatitlã¡N,21052,Puebla,2016,0,Chigmecatitlã¡N,21052 – Chigmecatitlã¡N
Chigmecatitlã¡N,21052,Puebla,2017,0,Chigmecatitlã¡N,21052 – Chigmecatitlã¡N
Chigmecatitlã¡N,21052,Puebla,2018,0,Chigmecatitlã¡N,21052 – Chigmecatitlã¡N
Chigmecatitlã¡N,21052,Puebla,2019,0,Chigmecatitlã¡N,21052 – Chigmecatitlã¡N
Chigmecatitlã¡N,21052,Puebla,2020,0,Chigmecatitlã¡N,21052 – Chigmecatitlã¡N
Chigmecatitlã¡N,21052,Puebla,2021,0,Chigmecatitlã¡N,21052 – Chigmecatitlã¡N
Chigmecatitlã¡N,21052,Puebla,2022,0,Chigmecatitlã¡N,21052 – Chigmecatitlã¡N
Chigmecatitlã¡N,21052,Puebla,2023,0,Chigmecatitlã¡N,21052 – Chigmecatitlã¡N
Chigmecatitlã¡N,21052,Puebla,2024,0,Chigmecatitlã¡N,21052 – Chigmecatitlã¡N
Chigmecatitlã¡N,21052,Puebla,2025,0,Chigmecatitlã¡N,21052 – Chigmecatitlã¡N
Chignahuapan,21053,Puebla,2015,0,Chignahuapan,21053 – Chignahuapan
Chignahuapan,21053,Puebla,2016,0,Chignahuapan,21053 – Chignahuapan
Chignahuapan,21053,Puebla,2017,0,Chignahuapan,21053 – Chignahuapan
Chignahuapan,21053,Puebla,2018,0,Chignahuapan,21053 – Chignahuapan
Chignahuapan,21053,Puebla,2019,1,Chignahuapan,21053 – Chignahuapan
Chignahuapan,21053,Puebla,2020,0,Chignahuapan,21053 – Chignahuapan
Chignahuapan,21053,Puebla,2021,0,Chignahuapan,21053 – Chignahuapan
Chignahuapan,21053,Puebla,2022,0,Chignahuapan,21053 – Chignahuapan
Chignahuapan,21053,Puebla,2023,0,Chignahuapan,21053 – Chignahuapan
Chignahuapan,21053,Puebla,2024,3,Chignahuapan,21053 – Chignahuapan
Chignahuapan,21053,Puebla,2025,0,Chignahuapan,21053 – Chignahuapan
Chignautla,21054,Puebla,2015,0,Chignautla,21054 – Chignautla
Chignautla,21054,Puebla,2016,0,Chignautla,21054 – Chignautla
Chignautla,21054,Puebla,2017,0,Chignautla,21054 – Chignautla
Chignautla,21054,Puebla,2018,0,Chignautla,21054 – Chignautla
Chignautla,21054,Puebla,2019,0,Chignautla,21054 – Chignautla
Chignautla,21054,Puebla,2020,0,Chignautla,21054 – Chignautla
Chignautla,21054,Puebla,2021,0,Chignautla,21054 – Chignautla
Chignautla,21054,Puebla,2022,0,Chignautla,21054 – Chignautla
Chignautla,21054,Puebla,2023,0,Chignautla,21054 – Chignautla
Chignautla,21054,Puebla,2024,2,Chignautla,21054 – Chignautla
Chignautla,21054,Puebla,2025,0,Chignautla,21054 – Chignautla
Chila,21055,Puebla,2015,0,Chila,21055 – Chila
Chila,21055,Puebla,2016,0,Chila,21055 – Chila
Chila,21055,Puebla,2017,0,Chila,21055 – Chila
Chila,21055,Puebla,2018,0,Chila,21055 – Chila
Chila,21055,Puebla,2019,0,Chila,21055 – Chila
Chila,21055,Puebla,2020,0,Chila,21055 – Chila
Chila,21055,Puebla,2021,0,Chila,21055 – Chila
Chila,21055,Puebla,2022,0,Chila,21055 – Chila
Chila,21055,Puebla,2023,0,Chila,21055 – Chila
Chila,21055,Puebla,2024,0,Chila,21055 – Chila
Chila,21055,Puebla,2025,0,Chila,21055 – Chila
Chila De La Sal,21056,Puebla,2015,0,Chila De La Sal,21056 – Chila De La Sal
Chila De La Sal,21056,Puebla,2016,0,Chila De La Sal,21056 – Chila De La Sal
Chila De La Sal,21056,Puebla,2017,0,Chila De La Sal,21056 – Chila De La Sal
Chila De La Sal,21056,Puebla,2018,0,Chila De La Sal,21056 – Chila De La Sal
Chila De La Sal,21056,Puebla,2019,0,Chila De La Sal,21056 – Chila De La Sal
Chila De La Sal,21056,Puebla,2020,0,Chila De La Sal,21056 – Chila De La Sal
Chila De La Sal,21056,Puebla,2021,0,Chila De La Sal,21056 – Chila De La Sal
Chila De La Sal,21056,Puebla,2022,0,Chila De La Sal,21056 – Chila De La Sal
Chila De La Sal,21056,Puebla,2023,0,Chila De La Sal,21056 – Chila De La Sal
Chila De La Sal,21056,Puebla,2024,0,Chila De La Sal,21056 – Chila De La Sal
Chila De La Sal,21056,Puebla,2025,0,Chila De La Sal,21056 – Chila De La Sal
Honey,21057,Puebla,2015,0,Honey,21057 – Honey
Honey,21057,Puebla,2016,0,Honey,21057 – Honey
Honey,21057,Puebla,2017,0,Honey,21057 – Honey
Honey,21057,Puebla,2018,0,Honey,21057 – Honey
Honey,21057,Puebla,2019,0,Honey,21057 – Honey
Honey,21057,Puebla,2020,0,Honey,21057 – Honey
Honey,21057,Puebla,2021,0,Honey,21057 – Honey
Honey,21057,Puebla,2022,0,Honey,21057 – Honey
Honey,21057,Puebla,2023,0,Honey,21057 – Honey
Honey,21057,Puebla,2024,0,Honey,21057 – Honey
Honey,21057,Puebla,2025,0,Honey,21057 – Honey
Chilchotla,21058,Puebla,2015,0,Chilchotla,21058 – Chilchotla
Chilchotla,21058,Puebla,2016,0,Chilchotla,21058 – Chilchotla
Chilchotla,21058,Puebla,2017,0,Chilchotla,21058 – Chilchotla
Chilchotla,21058,Puebla,2018,0,Chilchotla,21058 – Chilchotla
Chilchotla,21058,Puebla,2019,0,Chilchotla,21058 – Chilchotla
Chilchotla,21058,Puebla,2020,0,Chilchotla,21058 – Chilchotla
Chilchotla,21058,Puebla,2021,0,Chilchotla,21058 – Chilchotla
Chilchotla,21058,Puebla,2022,0,Chilchotla,21058 – Chilchotla
Chilchotla,21058,Puebla,2023,0,Chilchotla,21058 – Chilchotla
Chilchotla,21058,Puebla,2024,0,Chilchotla,21058 – Chilchotla
Chilchotla,21058,Puebla,2025,0,Chilchotla,21058 – Chilchotla
Chinantla,21059,Puebla,2015,0,Chinantla,21059 – Chinantla
Chinantla,21059,Puebla,2016,0,Chinantla,21059 – Chinantla
Chinantla,21059,Puebla,2017,0,Chinantla,21059 – Chinantla
Chinantla,21059,Puebla,2018,0,Chinantla,21059 – Chinantla
Chinantla,21059,Puebla,2019,0,Chinantla,21059 – Chinantla
Chinantla,21059,Puebla,2020,0,Chinantla,21059 – Chinantla
Chinantla,21059,Puebla,2021,0,Chinantla,21059 – Chinantla
Chinantla,21059,Puebla,2022,0,Chinantla,21059 – Chinantla
Chinantla,21059,Puebla,2023,0,Chinantla,21059 – Chinantla
Chinantla,21059,Puebla,2024,0,Chinantla,21059 – Chinantla
Chinantla,21059,Puebla,2025,0,Chinantla,21059 – Chinantla
Domingo Arenas,21060,Puebla,2015,0,Domingo Arenas,21060 – Domingo Arenas
Domingo Arenas,21060,Puebla,2016,0,Domingo Arenas,21060 – Domingo Arenas
Domingo Arenas,21060,Puebla,2017,0,Domingo Arenas,21060 – Domingo Arenas
Domingo Arenas,21060,Puebla,2018,0,Domingo Arenas,21060 – Domingo Arenas
Domingo Arenas,21060,Puebla,2019,1,Domingo Arenas,21060 – Domingo Arenas
Domingo Arenas,21060,Puebla,2020,0,Domingo Arenas,21060 – Domingo Arenas
Domingo Arenas,21060,Puebla,2021,0,Domingo Arenas,21060 – Domingo Arenas
Domingo Arenas,21060,Puebla,2022,0,Domingo Arenas,21060 – Domingo Arenas
Domingo Arenas,21060,Puebla,2023,1,Domingo Arenas,21060 – Domingo Arenas
Domingo Arenas,21060,Puebla,2024,0,Domingo Arenas,21060 – Domingo Arenas
Domingo Arenas,21060,Puebla,2025,0,Domingo Arenas,21060 – Domingo Arenas
Eloxochitlã¡N,21061,Puebla,2015,0,Eloxochitlã¡N,21061 – Eloxochitlã¡N
Eloxochitlã¡N,21061,Puebla,2016,0,Eloxochitlã¡N,21061 – Eloxochitlã¡N
Eloxochitlã¡N,21061,Puebla,2017,0,Eloxochitlã¡N,21061 – Eloxochitlã¡N
Eloxochitlã¡N,21061,Puebla,2018,0,Eloxochitlã¡N,21061 – Eloxochitlã¡N
Eloxochitlã¡N,21061,Puebla,2019,2,Eloxochitlã¡N,21061 – Eloxochitlã¡N
Eloxochitlã¡N,21061,Puebla,2020,0,Eloxochitlã¡N,21061 – Eloxochitlã¡N
Eloxochitlã¡N,21061,Puebla,2021,0,Eloxochitlã¡N,21061 – Eloxochitlã¡N
Eloxochitlã¡N,21061,Puebla,2022,0,Eloxochitlã¡N,21061 – Eloxochitlã¡N
Eloxochitlã¡N,21061,Puebla,2023,0,Eloxochitlã¡N,21061 – Eloxochitlã¡N
Eloxochitlã¡N,21061,Puebla,2024,0,Eloxochitlã¡N,21061 – Eloxochitlã¡N
Eloxochitlã¡N,21061,Puebla,2025,0,Eloxochitlã¡N,21061 – Eloxochitlã¡N
Epatlã¡N,21062,Puebla,2015,0,Epatlã¡N,21062 – Epatlã¡N
Epatlã¡N,21062,Puebla,2016,0,Epatlã¡N,21062 – Epatlã¡N
Epatlã¡N,21062,Puebla,2017,0,Epatlã¡N,21062 – Epatlã¡N
Epatlã¡N,21062,Puebla,2018,0,Epatlã¡N,21062 – Epatlã¡N
Epatlã¡N,21062,Puebla,2019,0,Epatlã¡N,21062 – Epatlã¡N
Epatlã¡N,21062,Puebla,2020,0,Epatlã¡N,21062 – Epatlã¡N
Epatlã¡N,21062,Puebla,2021,0,Epatlã¡N,21062 – Epatlã¡N
Epatlã¡N,21062,Puebla,2022,0,Epatlã¡N,21062 – Epatlã¡N
Epatlã¡N,21062,Puebla,2023,0,Epatlã¡N,21062 – Epatlã¡N
Epatlã¡N,21062,Puebla,2024,0,Epatlã¡N,21062 – Epatlã¡N
Epatlã¡N,21062,Puebla,2025,0,Epatlã¡N,21062 – Epatlã¡N
Esperanza,21063,Puebla,2015,0,Esperanza,21063 – Esperanza
Esperanza,21063,Puebla,2016,0,Esperanza,21063 – Esperanza
Esperanza,21063,Puebla,2017,0,Esperanza,21063 – Esperanza
Esperanza,21063,Puebla,2018,0,Esperanza,21063 – Esperanza
Esperanza,21063,Puebla,2019,0,Esperanza,21063 – Esperanza
Esperanza,21063,Puebla,2020,0,Esperanza,21063 – Esperanza
Esperanza,21063,Puebla,2021,0,Esperanza,21063 – Esperanza
Esperanza,21063,Puebla,2022,1,Esperanza,21063 – Esperanza
Esperanza,21063,Puebla,2023,0,Esperanza,21063 – Esperanza
Esperanza,21063,Puebla,2024,0,Esperanza,21063 – Esperanza
Esperanza,21063,Puebla,2025,0,Esperanza,21063 – Esperanza
Francisco Z. Mena,21064,Puebla,2015,0,Francisco Z. Mena,21064 – Francisco Z. Mena
Francisco Z. Mena,21064,Puebla,2016,0,Francisco Z. Mena,21064 – Francisco Z. Mena
Francisco Z. Mena,21064,Puebla,2017,0,Francisco Z. Mena,21064 – Francisco Z. Mena
Francisco Z. Mena,21064,Puebla,2018,0,Francisco Z. Mena,21064 – Francisco Z. Mena
Francisco Z. Mena,21064,Puebla,2019,0,Francisco Z. Mena,21064 – Francisco Z. Mena
Francisco Z. Mena,21064,Puebla,2020,0,Francisco Z. Mena,21064 – Francisco Z. Mena
Francisco Z. Mena,21064,Puebla,2021,1,Francisco Z. Mena,21064 – Francisco Z. Mena
Francisco Z. Mena,21064,Puebla,2022,1,Francisco Z. Mena,21064 – Francisco Z. Mena
Francisco Z. Mena,21064,Puebla,2023,0,Francisco Z. Mena,21064 – Francisco Z. Mena
Francisco Z. Mena,21064,Puebla,2024,0,Francisco Z. Mena,21064 – Francisco Z. Mena
Francisco Z. Mena,21064,Puebla,2025,0,Francisco Z. Mena,21064 – Francisco Z. Mena
General Felipe ÃNgeles,21065,Puebla,2015,0,General Felipe ÃNgeles,21065 – General Felipe ÃNgeles
General Felipe ÃNgeles,21065,Puebla,2016,0,General Felipe ÃNgeles,21065 – General Felipe ÃNgeles
General Felipe ÃNgeles,21065,Puebla,2017,0,General Felipe ÃNgeles,21065 – General Felipe ÃNgeles
General Felipe ÃNgeles,21065,Puebla,2018,0,General Felipe ÃNgeles,21065 – General Felipe ÃNgeles
General Felipe ÃNgeles,21065,Puebla,2019,0,General Felipe ÃNgeles,21065 – General Felipe ÃNgeles
General Felipe ÃNgeles,21065,Puebla,2020,0,General Felipe ÃNgeles,21065 – General Felipe ÃNgeles
General Felipe ÃNgeles,21065,Puebla,2021,0,General Felipe ÃNgeles,21065 – General Felipe ÃNgeles
General Felipe ÃNgeles,21065,Puebla,2022,0,General Felipe ÃNgeles,21065 – General Felipe ÃNgeles
General Felipe ÃNgeles,21065,Puebla,2023,0,General Felipe ÃNgeles,21065 – General Felipe ÃNgeles
General Felipe ÃNgeles,21065,Puebla,2024,0,General Felipe ÃNgeles,21065 – General Felipe ÃNgeles
General Felipe ÃNgeles,21065,Puebla,2025,0,General Felipe ÃNgeles,21065 – General Felipe ÃNgeles
Guadalupe,21066,Puebla,2015,0,Guadalupe,21066 – Guadalupe
Guadalupe,21066,Puebla,2016,0,Guadalupe,21066 – Guadalupe
Guadalupe,21066,Puebla,2017,0,Guadalupe,21066 – Guadalupe
Guadalupe,21066,Puebla,2018,0,Guadalupe,21066 – Guadalupe
Guadalupe,21066,Puebla,2019,0,Guadalupe,21066 – Guadalupe
Guadalupe,21066,Puebla,2020,0,Guadalupe,21066 – Guadalupe
Guadalupe,21066,Puebla,2021,0,Guadalupe,21066 – Guadalupe
Guadalupe,21066,Puebla,2022,0,Guadalupe,21066 – Guadalupe
Guadalupe,21066,Puebla,2023,0,Guadalupe,21066 – Guadalupe
Guadalupe,21066,Puebla,2024,0,Guadalupe,21066 – Guadalupe
Guadalupe,21066,Puebla,2025,0,Guadalupe,21066 – Guadalupe
Guadalupe Victoria,21067,Puebla,2015,0,Guadalupe Victoria,21067 – Guadalupe Victoria
Guadalupe Victoria,21067,Puebla,2016,0,Guadalupe Victoria,21067 – Guadalupe Victoria
Guadalupe Victoria,21067,Puebla,2017,0,Guadalupe Victoria,21067 – Guadalupe Victoria
Guadalupe Victoria,21067,Puebla,2018,0,Guadalupe Victoria,21067 – Guadalupe Victoria
Guadalupe Victoria,21067,Puebla,2019,0,Guadalupe Victoria,21067 – Guadalupe Victoria
Guadalupe Victoria,21067,Puebla,2020,0,Guadalupe Victoria,21067 – Guadalupe Victoria
Guadalupe Victoria,21067,Puebla,2021,0,Guadalupe Victoria,21067 – Guadalupe Victoria
Guadalupe Victoria,21067,Puebla,2022,0,Guadalupe Victoria,21067 – Guadalupe Victoria
Guadalupe Victoria,21067,Puebla,2023,1,Guadalupe Victoria,21067 – Guadalupe Victoria
Guadalupe Victoria,21067,Puebla,2024,0,Guadalupe Victoria,21067 – Guadalupe Victoria
Guadalupe Victoria,21067,Puebla,2025,0,Guadalupe Victoria,21067 – Guadalupe Victoria
Hermenegildo Galeana,21068,Puebla,2015,0,Hermenegildo Galeana,21068 – Hermenegildo Galeana
Hermenegildo Galeana,21068,Puebla,2016,0,Hermenegildo Galeana,21068 – Hermenegildo Galeana
Hermenegildo Galeana,21068,Puebla,2017,0,Hermenegildo Galeana,21068 – Hermenegildo Galeana
Hermenegildo Galeana,21068,Puebla,2018,0,Hermenegildo Galeana,21068 – Hermenegildo Galeana
Hermenegildo Galeana,21068,Puebla,2019,0,Hermenegildo Galeana,21068 – Hermenegildo Galeana
Hermenegildo Galeana,21068,Puebla,2020,0,Hermenegildo Galeana,21068 – Hermenegildo Galeana
Hermenegildo Galeana,21068,Puebla,2021,0,Hermenegildo Galeana,21068 – Hermenegildo Galeana
Hermenegildo Galeana,21068,Puebla,2022,0,Hermenegildo Galeana,21068 – Hermenegildo Galeana
Hermenegildo Galeana,21068,Puebla,2023,0,Hermenegildo Galeana,21068 – Hermenegildo Galeana
Hermenegildo Galeana,21068,Puebla,2024,0,Hermenegildo Galeana,21068 – Hermenegildo Galeana
Hermenegildo Galeana,21068,Puebla,2025,0,Hermenegildo Galeana,21068 – Hermenegildo Galeana
Huaquechula,21069,Puebla,2015,0,Huaquechula,21069 – Huaquechula
Huaquechula,21069,Puebla,2016,0,Huaquechula,21069 – Huaquechula
Huaquechula,21069,Puebla,2017,1,Huaquechula,21069 – Huaquechula
Huaquechula,21069,Puebla,2018,0,Huaquechula,21069 – Huaquechula
Huaquechula,21069,Puebla,2019,0,Huaquechula,21069 – Huaquechula
Huaquechula,21069,Puebla,2020,0,Huaquechula,21069 – Huaquechula
Huaquechula,21069,Puebla,2021,0,Huaquechula,21069 – Huaquechula
Huaquechula,21069,Puebla,2022,0,Huaquechula,21069 – Huaquechula
Huaquechula,21069,Puebla,2023,0,Huaquechula,21069 – Huaquechula
Huaquechula,21069,Puebla,2024,0,Huaquechula,21069 – Huaquechula
Huaquechula,21069,Puebla,2025,0,Huaquechula,21069 – Huaquechula
Huatlatlauca,21070,Puebla,2015,0,Huatlatlauca,21070 – Huatlatlauca
Huatlatlauca,21070,Puebla,2016,0,Huatlatlauca,21070 – Huatlatlauca
Huatlatlauca,21070,Puebla,2017,0,Huatlatlauca,21070 – Huatlatlauca
Huatlatlauca,21070,Puebla,2018,0,Huatlatlauca,21070 – Huatlatlauca
Huatlatlauca,21070,Puebla,2019,0,Huatlatlauca,21070 – Huatlatlauca
Huatlatlauca,21070,Puebla,2020,0,Huatlatlauca,21070 – Huatlatlauca
Huatlatlauca,21070,Puebla,2021,0,Huatlatlauca,21070 – Huatlatlauca
Huatlatlauca,21070,Puebla,2022,0,Huatlatlauca,21070 – Huatlatlauca
Huatlatlauca,21070,Puebla,2023,0,Huatlatlauca,21070 – Huatlatlauca
Huatlatlauca,21070,Puebla,2024,0,Huatlatlauca,21070 – Huatlatlauca
Huatlatlauca,21070,Puebla,2025,0,Huatlatlauca,21070 – Huatlatlauca
Huauchinango,21071,Puebla,2015,0,Huauchinango,21071 – Huauchinango
Huauchinango,21071,Puebla,2016,0,Huauchinango,21071 – Huauchinango
Huauchinango,21071,Puebla,2017,0,Huauchinango,21071 – Huauchinango
Huauchinango,21071,Puebla,2018,0,Huauchinango,21071 – Huauchinango
Huauchinango,21071,Puebla,2019,2,Huauchinango,21071 – Huauchinango
Huauchinango,21071,Puebla,2020,0,Huauchinango,21071 – Huauchinango
Huauchinango,21071,Puebla,2021,0,Huauchinango,21071 – Huauchinango
Huauchinango,21071,Puebla,2022,2,Huauchinango,21071 – Huauchinango
Huauchinango,21071,Puebla,2023,0,Huauchinango,21071 – Huauchinango
Huauchinango,21071,Puebla,2024,0,Huauchinango,21071 – Huauchinango
Huauchinango,21071,Puebla,2025,0,Huauchinango,21071 – Huauchinango
Huehuetla,21072,Puebla,2015,0,Huehuetla,21072 – Huehuetla
Huehuetla,21072,Puebla,2016,0,Huehuetla,21072 – Huehuetla
Huehuetla,21072,Puebla,2017,0,Huehuetla,21072 – Huehuetla
Huehuetla,21072,Puebla,2018,0,Huehuetla,21072 – Huehuetla
Huehuetla,21072,Puebla,2019,0,Huehuetla,21072 – Huehuetla
Huehuetla,21072,Puebla,2020,1,Huehuetla,21072 – Huehuetla
Huehuetla,21072,Puebla,2021,0,Huehuetla,21072 – Huehuetla
Huehuetla,21072,Puebla,2022,0,Huehuetla,21072 – Huehuetla
Huehuetla,21072,Puebla,2023,0,Huehuetla,21072 – Huehuetla
Huehuetla,21072,Puebla,2024,0,Huehuetla,21072 – Huehuetla
Huehuetla,21072,Puebla,2025,1,Huehuetla,21072 – Huehuetla
Huehuetlã¡N El Chico,21073,Puebla,2015,0,Huehuetlã¡N El Chico,21073 – Huehuetlã¡N El Chico
Huehuetlã¡N El Chico,21073,Puebla,2016,0,Huehuetlã¡N El Chico,21073 – Huehuetlã¡N El Chico
Huehuetlã¡N El Chico,21073,Puebla,2017,0,Huehuetlã¡N El Chico,21073 – Huehuetlã¡N El Chico
Huehuetlã¡N El Chico,21073,Puebla,2018,0,Huehuetlã¡N El Chico,21073 – Huehuetlã¡N El Chico
Huehuetlã¡N El Chico,21073,Puebla,2019,0,Huehuetlã¡N El Chico,21073 – Huehuetlã¡N El Chico
Huehuetlã¡N El Chico,21073,Puebla,2020,0,Huehuetlã¡N El Chico,21073 – Huehuetlã¡N El Chico
Huehuetlã¡N El Chico,21073,Puebla,2021,0,Huehuetlã¡N El Chico,21073 – Huehuetlã¡N El Chico
Huehuetlã¡N El Chico,21073,Puebla,2022,0,Huehuetlã¡N El Chico,21073 – Huehuetlã¡N El Chico
Huehuetlã¡N El Chico,21073,Puebla,2023,0,Huehuetlã¡N El Chico,21073 – Huehuetlã¡N El Chico
Huehuetlã¡N El Chico,21073,Puebla,2024,0,Huehuetlã¡N El Chico,21073 – Huehuetlã¡N El Chico
Huehuetlã¡N El Chico,21073,Puebla,2025,0,Huehuetlã¡N El Chico,21073 – Huehuetlã¡N El Chico
Huejotzingo,21074,Puebla,2015,0,Huejotzingo,21074 – Huejotzingo
Huejotzingo,21074,Puebla,2016,0,Huejotzingo,21074 – Huejotzingo
Huejotzingo,21074,Puebla,2017,1,Huejotzingo,21074 – Huejotzingo
Huejotzingo,21074,Puebla,2018,1,Huejotzingo,21074 – Huejotzingo
Huejotzingo,21074,Puebla,2019,1,Huejotzingo,21074 – Huejotzingo
Huejotzingo,21074,Puebla,2020,1,Huejotzingo,21074 – Huejotzingo
Huejotzingo,21074,Puebla,2021,0,Huejotzingo,21074 – Huejotzingo
Huejotzingo,21074,Puebla,2022,0,Huejotzingo,21074 – Huejotzingo
Huejotzingo,21074,Puebla,2023,1,Huejotzingo,21074 – Huejotzingo
Huejotzingo,21074,Puebla,2024,1,Huejotzingo,21074 – Huejotzingo
Huejotzingo,21074,Puebla,2025,0,Huejotzingo,21074 – Huejotzingo
Hueyapan,21075,Puebla,2015,0,Hueyapan,21075 – Hueyapan
Hueyapan,21075,Puebla,2016,0,Hueyapan,21075 – Hueyapan
Hueyapan,21075,Puebla,2017,0,Hueyapan,21075 – Hueyapan
Hueyapan,21075,Puebla,2018,0,Hueyapan,21075 – Hueyapan
Hueyapan,21075,Puebla,2019,0,Hueyapan,21075 – Hueyapan
Hueyapan,21075,Puebla,2020,0,Hueyapan,21075 – Hueyapan
Hueyapan,21075,Puebla,2021,0,Hueyapan,21075 – Hueyapan
Hueyapan,21075,Puebla,2022,0,Hueyapan,21075 – Hueyapan
Hueyapan,21075,Puebla,2023,0,Hueyapan,21075 – Hueyapan
Hueyapan,21075,Puebla,2024,0,Hueyapan,21075 – Hueyapan
Hueyapan,21075,Puebla,2025,0,Hueyapan,21075 – Hueyapan
Hueytamalco,21076,Puebla,2015,0,Hueytamalco,21076 – Hueytamalco
Hueytamalco,21076,Puebla,2016,0,Hueytamalco,21076 – Hueytamalco
Hueytamalco,21076,Puebla,2017,0,Hueytamalco,21076 – Hueytamalco
Hueytamalco,21076,Puebla,2018,0,Hueytamalco,21076 – Hueytamalco
Hueytamalco,21076,Puebla,2019,0,Hueytamalco,21076 – Hueytamalco
Hueytamalco,21076,Puebla,2020,0,Hueytamalco,21076 – Hueytamalco
Hueytamalco,21076,Puebla,2021,2,Hueytamalco,21076 – Hueytamalco
Hueytamalco,21076,Puebla,2022,0,Hueytamalco,21076 – Hueytamalco
Hueytamalco,21076,Puebla,2023,1,Hueytamalco,21076 – Hueytamalco
Hueytamalco,21076,Puebla,2024,0,Hueytamalco,21076 – Hueytamalco
Hueytamalco,21076,Puebla,2025,0,Hueytamalco,21076 – Hueytamalco
Hueytlalpan,21077,Puebla,2015,0,Hueytlalpan,21077 – Hueytlalpan
Hueytlalpan,21077,Puebla,2016,0,Hueytlalpan,21077 – Hueytlalpan
Hueytlalpan,21077,Puebla,2017,0,Hueytlalpan,21077 – Hueytlalpan
Hueytlalpan,21077,Puebla,2018,0,Hueytlalpan,21077 – Hueytlalpan
Hueytlalpan,21077,Puebla,2019,0,Hueytlalpan,21077 – Hueytlalpan
Hueytlalpan,21077,Puebla,2020,0,Hueytlalpan,21077 – Hueytlalpan
Hueytlalpan,21077,Puebla,2021,0,Hueytlalpan,21077 – Hueytlalpan
Hueytlalpan,21077,Puebla,2022,0,Hueytlalpan,21077 – Hueytlalpan
Hueytlalpan,21077,Puebla,2023,0,Hueytlalpan,21077 – Hueytlalpan
Hueytlalpan,21077,Puebla,2024,0,Hueytlalpan,21077 – Hueytlalpan
Hueytlalpan,21077,Puebla,2025,0,Hueytlalpan,21077 – Hueytlalpan
Huitzilan De Serdã¡N,21078,Puebla,2015,0,Huitzilan De Serdã¡N,21078 – Huitzilan De Serdã¡N
Huitzilan De Serdã¡N,21078,Puebla,2016,0,Huitzilan De Serdã¡N,21078 – Huitzilan De Serdã¡N
Huitzilan De Serdã¡N,21078,Puebla,2017,0,Huitzilan De Serdã¡N,21078 – Huitzilan De Serdã¡N
Huitzilan De Serdã¡N,21078,Puebla,2018,0,Huitzilan De Serdã¡N,21078 – Huitzilan De Serdã¡N
Huitzilan De Serdã¡N,21078,Puebla,2019,1,Huitzilan De Serdã¡N,21078 – Huitzilan De Serdã¡N
Huitzilan De Serdã¡N,21078,Puebla,2020,0,Huitzilan De Serdã¡N,21078 – Huitzilan De Serdã¡N
Huitzilan De Serdã¡N,21078,Puebla,2021,0,Huitzilan De Serdã¡N,21078 – Huitzilan De Serdã¡N
Huitzilan De Serdã¡N,21078,Puebla,2022,0,Huitzilan De Serdã¡N,21078 – Huitzilan De Serdã¡N
Huitzilan De Serdã¡N,21078,Puebla,2023,0,Huitzilan De Serdã¡N,21078 – Huitzilan De Serdã¡N
Huitzilan De Serdã¡N,21078,Puebla,2024,0,Huitzilan De Serdã¡N,21078 – Huitzilan De Serdã¡N
Huitzilan De Serdã¡N,21078,Puebla,2025,0,Huitzilan De Serdã¡N,21078 – Huitzilan De Serdã¡N
Huitziltepec,21079,Puebla,2015,0,Huitziltepec,21079 – Huitziltepec
Huitziltepec,21079,Puebla,2016,0,Huitziltepec,21079 – Huitziltepec
Huitziltepec,21079,Puebla,2017,0,Huitziltepec,21079 – Huitziltepec
Huitziltepec,21079,Puebla,2018,0,Huitziltepec,21079 – Huitziltepec
Huitziltepec,21079,Puebla,2019,0,Huitziltepec,21079 – Huitziltepec
Huitziltepec,21079,Puebla,2020,0,Huitziltepec,21079 – Huitziltepec
Huitziltepec,21079,Puebla,2021,0,Huitziltepec,21079 – Huitziltepec
Huitziltepec,21079,Puebla,2022,0,Huitziltepec,21079 – Huitziltepec
Huitziltepec,21079,Puebla,2023,0,Huitziltepec,21079 – Huitziltepec
Huitziltepec,21079,Puebla,2024,0,Huitziltepec,21079 – Huitziltepec
Huitziltepec,21079,Puebla,2025,0,Huitziltepec,21079 – Huitziltepec
Atlequizayan,21080,Puebla,2015,0,Atlequizayan,21080 – Atlequizayan
Atlequizayan,21080,Puebla,2016,0,Atlequizayan,21080 – Atlequizayan
Atlequizayan,21080,Puebla,2017,0,Atlequizayan,21080 – Atlequizayan
Atlequizayan,21080,Puebla,2018,0,Atlequizayan,21080 – Atlequizayan
Atlequizayan,21080,Puebla,2019,0,Atlequizayan,21080 – Atlequizayan
Atlequizayan,21080,Puebla,2020,0,Atlequizayan,21080 – Atlequizayan
Atlequizayan,21080,Puebla,2021,0,Atlequizayan,21080 – Atlequizayan
Atlequizayan,21080,Puebla,2022,0,Atlequizayan,21080 – Atlequizayan
Atlequizayan,21080,Puebla,2023,0,Atlequizayan,21080 – Atlequizayan
Atlequizayan,21080,Puebla,2024,0,Atlequizayan,21080 – Atlequizayan
Atlequizayan,21080,Puebla,2025,0,Atlequizayan,21080 – Atlequizayan
Ixcamilpa De Guerrero,21081,Puebla,2015,0,Ixcamilpa De Guerrero,21081 – Ixcamilpa De Guerrero
Ixcamilpa De Guerrero,21081,Puebla,2016,0,Ixcamilpa De Guerrero,21081 – Ixcamilpa De Guerrero
Ixcamilpa De Guerrero,21081,Puebla,2017,0,Ixcamilpa De Guerrero,21081 – Ixcamilpa De Guerrero
Ixcamilpa De Guerrero,21081,Puebla,2018,0,Ixcamilpa De Guerrero,21081 – Ixcamilpa De Guerrero
Ixcamilpa De Guerrero,21081,Puebla,2019,0,Ixcamilpa De Guerrero,21081 – Ixcamilpa De Guerrero
Ixcamilpa De Guerrero,21081,Puebla,2020,0,Ixcamilpa De Guerrero,21081 – Ixcamilpa De Guerrero
Ixcamilpa De Guerrero,21081,Puebla,2021,0,Ixcamilpa De Guerrero,21081 – Ixcamilpa De Guerrero
Ixcamilpa De Guerrero,21081,Puebla,2022,0,Ixcamilpa De Guerrero,21081 – Ixcamilpa De Guerrero
Ixcamilpa De Guerrero,21081,Puebla,2023,0,Ixcamilpa De Guerrero,21081 – Ixcamilpa De Guerrero
Ixcamilpa De Guerrero,21081,Puebla,2024,0,Ixcamilpa De Guerrero,21081 – Ixcamilpa De Guerrero
Ixcamilpa De Guerrero,21081,Puebla,2025,0,Ixcamilpa De Guerrero,21081 – Ixcamilpa De Guerrero
Ixcaquixtla,21082,Puebla,2015,0,Ixcaquixtla,21082 – Ixcaquixtla
Ixcaquixtla,21082,Puebla,2016,0,Ixcaquixtla,21082 – Ixcaquixtla
Ixcaquixtla,21082,Puebla,2017,0,Ixcaquixtla,21082 – Ixcaquixtla
Ixcaquixtla,21082,Puebla,2018,0,Ixcaquixtla,21082 – Ixcaquixtla
Ixcaquixtla,21082,Puebla,2019,0,Ixcaquixtla,21082 – Ixcaquixtla
Ixcaquixtla,21082,Puebla,2020,0,Ixcaquixtla,21082 – Ixcaquixtla
Ixcaquixtla,21082,Puebla,2021,0,Ixcaquixtla,21082 – Ixcaquixtla
Ixcaquixtla,21082,Puebla,2022,0,Ixcaquixtla,21082 – Ixcaquixtla
Ixcaquixtla,21082,Puebla,2023,0,Ixcaquixtla,21082 – Ixcaquixtla
Ixcaquixtla,21082,Puebla,2024,0,Ixcaquixtla,21082 – Ixcaquixtla
Ixcaquixtla,21082,Puebla,2025,0,Ixcaquixtla,21082 – Ixcaquixtla
Ixtacamaxtitlã¡N,21083,Puebla,2015,0,Ixtacamaxtitlã¡N,21083 – Ixtacamaxtitlã¡N
Ixtacamaxtitlã¡N,21083,Puebla,2016,0,Ixtacamaxtitlã¡N,21083 – Ixtacamaxtitlã¡N
Ixtacamaxtitlã¡N,21083,Puebla,2017,0,Ixtacamaxtitlã¡N,21083 – Ixtacamaxtitlã¡N
Ixtacamaxtitlã¡N,21083,Puebla,2018,0,Ixtacamaxtitlã¡N,21083 – Ixtacamaxtitlã¡N
Ixtacamaxtitlã¡N,21083,Puebla,2019,0,Ixtacamaxtitlã¡N,21083 – Ixtacamaxtitlã¡N
Ixtacamaxtitlã¡N,21083,Puebla,2020,0,Ixtacamaxtitlã¡N,21083 – Ixtacamaxtitlã¡N
Ixtacamaxtitlã¡N,21083,Puebla,2021,0,Ixtacamaxtitlã¡N,21083 – Ixtacamaxtitlã¡N
Ixtacamaxtitlã¡N,21083,Puebla,2022,0,Ixtacamaxtitlã¡N,21083 – Ixtacamaxtitlã¡N
Ixtacamaxtitlã¡N,21083,Puebla,2023,1,Ixtacamaxtitlã¡N,21083 – Ixtacamaxtitlã¡N
Ixtacamaxtitlã¡N,21083,Puebla,2024,1,Ixtacamaxtitlã¡N,21083 – Ixtacamaxtitlã¡N
Ixtacamaxtitlã¡N,21083,Puebla,2025,0,Ixtacamaxtitlã¡N,21083 – Ixtacamaxtitlã¡N
Ixtepec,21084,Puebla,2015,0,Ixtepec,21084 – Ixtepec
Ixtepec,21084,Puebla,2016,0,Ixtepec,21084 – Ixtepec
Ixtepec,21084,Puebla,2017,0,Ixtepec,21084 – Ixtepec
Ixtepec,21084,Puebla,2018,0,Ixtepec,21084 – Ixtepec
Ixtepec,21084,Puebla,2019,0,Ixtepec,21084 – Ixtepec
Ixtepec,21084,Puebla,2020,0,Ixtepec,21084 – Ixtepec
Ixtepec,21084,Puebla,2021,0,Ixtepec,21084 – Ixtepec
Ixtepec,21084,Puebla,2022,0,Ixtepec,21084 – Ixtepec
Ixtepec,21084,Puebla,2023,0,Ixtepec,21084 – Ixtepec
Ixtepec,21084,Puebla,2024,0,Ixtepec,21084 – Ixtepec
Ixtepec,21084,Puebla,2025,0,Ixtepec,21084 – Ixtepec
Izãºcar De Matamoros,21085,Puebla,2015,0,Izãºcar De Matamoros,21085 – Izãºcar De Matamoros
Izãºcar De Matamoros,21085,Puebla,2016,0,Izãºcar De Matamoros,21085 – Izãºcar De Matamoros
Izãºcar De Matamoros,21085,Puebla,2017,0,Izãºcar De Matamoros,21085 – Izãºcar De Matamoros
Izãºcar De Matamoros,21085,Puebla,2018,1,Izãºcar De Matamoros,21085 – Izãºcar De Matamoros
Izãºcar De Matamoros,21085,Puebla,2019,1,Izãºcar De Matamoros,21085 – Izãºcar De Matamoros
Izãºcar De Matamoros,21085,Puebla,2020,2,Izãºcar De Matamoros,21085 – Izãºcar De Matamoros
Izãºcar De Matamoros,21085,Puebla,2021,0,Izãºcar De Matamoros,21085 – Izãºcar De Matamoros
Izãºcar De Matamoros,21085,Puebla,2022,0,Izãºcar De Matamoros,21085 – Izãºcar De Matamoros
Izãºcar De Matamoros,21085,Puebla,2023,0,Izãºcar De Matamoros,21085 – Izãºcar De Matamoros
Izãºcar De Matamoros,21085,Puebla,2024,1,Izãºcar De Matamoros,21085 – Izãºcar De Matamoros
Izãºcar De Matamoros,21085,Puebla,2025,0,Izãºcar De Matamoros,21085 – Izãºcar De Matamoros
Jalpan,21086,Puebla,2015,0,Jalpan,21086 – Jalpan
Jalpan,21086,Puebla,2016,0,Jalpan,21086 – Jalpan
Jalpan,21086,Puebla,2017,0,Jalpan,21086 – Jalpan
Jalpan,21086,Puebla,2018,0,Jalpan,21086 – Jalpan
Jalpan,21086,Puebla,2019,0,Jalpan,21086 – Jalpan
Jalpan,21086,Puebla,2020,0,Jalpan,21086 – Jalpan
Jalpan,21086,Puebla,2021,0,Jalpan,21086 – Jalpan
Jalpan,21086,Puebla,2022,0,Jalpan,21086 – Jalpan
Jalpan,21086,Puebla,2023,1,Jalpan,21086 – Jalpan
Jalpan,21086,Puebla,2024,0,Jalpan,21086 – Jalpan
Jalpan,21086,Puebla,2025,0,Jalpan,21086 – Jalpan
Jolalpan,21087,Puebla,2015,0,Jolalpan,21087 – Jolalpan
Jolalpan,21087,Puebla,2016,0,Jolalpan,21087 – Jolalpan
Jolalpan,21087,Puebla,2017,0,Jolalpan,21087 – Jolalpan
Jolalpan,21087,Puebla,2018,0,Jolalpan,21087 – Jolalpan
Jolalpan,21087,Puebla,2019,0,Jolalpan,21087 – Jolalpan
Jolalpan,21087,Puebla,2020,0,Jolalpan,21087 – Jolalpan
Jolalpan,21087,Puebla,2021,0,Jolalpan,21087 – Jolalpan
Jolalpan,21087,Puebla,2022,0,Jolalpan,21087 – Jolalpan
Jolalpan,21087,Puebla,2023,0,Jolalpan,21087 – Jolalpan
Jolalpan,21087,Puebla,2024,0,Jolalpan,21087 – Jolalpan
Jolalpan,21087,Puebla,2025,0,Jolalpan,21087 – Jolalpan
Jonotla,21088,Puebla,2015,0,Jonotla,21088 – Jonotla
Jonotla,21088,Puebla,2016,0,Jonotla,21088 – Jonotla
Jonotla,21088,Puebla,2017,0,Jonotla,21088 – Jonotla
Jonotla,21088,Puebla,2018,0,Jonotla,21088 – Jonotla
Jonotla,21088,Puebla,2019,0,Jonotla,21088 – Jonotla
Jonotla,21088,Puebla,2020,0,Jonotla,21088 – Jonotla
Jonotla,21088,Puebla,2021,0,Jonotla,21088 – Jonotla
Jonotla,21088,Puebla,2022,0,Jonotla,21088 – Jonotla
Jonotla,21088,Puebla,2023,0,Jonotla,21088 – Jonotla
Jonotla,21088,Puebla,2024,0,Jonotla,21088 – Jonotla
Jonotla,21088,Puebla,2025,0,Jonotla,21088 – Jonotla
Jopala,21089,Puebla,2015,0,Jopala,21089 – Jopala
Jopala,21089,Puebla,2016,0,Jopala,21089 – Jopala
Jopala,21089,Puebla,2017,0,Jopala,21089 – Jopala
Jopala,21089,Puebla,2018,0,Jopala,21089 – Jopala
Jopala,21089,Puebla,2019,0,Jopala,21089 – Jopala
Jopala,21089,Puebla,2020,0,Jopala,21089 – Jopala
Jopala,21089,Puebla,2021,0,Jopala,21089 – Jopala
Jopala,21089,Puebla,2022,0,Jopala,21089 – Jopala
Jopala,21089,Puebla,2023,0,Jopala,21089 – Jopala
Jopala,21089,Puebla,2024,0,Jopala,21089 – Jopala
Jopala,21089,Puebla,2025,0,Jopala,21089 – Jopala
Juan C. Bonilla,21090,Puebla,2015,0,Juan C. Bonilla,21090 – Juan C. Bonilla
Juan C. Bonilla,21090,Puebla,2016,0,Juan C. Bonilla,21090 – Juan C. Bonilla
Juan C. Bonilla,21090,Puebla,2017,0,Juan C. Bonilla,21090 – Juan C. Bonilla
Juan C. Bonilla,21090,Puebla,2018,0,Juan C. Bonilla,21090 – Juan C. Bonilla
Juan C. Bonilla,21090,Puebla,2019,0,Juan C. Bonilla,21090 – Juan C. Bonilla
Juan C. Bonilla,21090,Puebla,2020,0,Juan C. Bonilla,21090 – Juan C. Bonilla
Juan C. Bonilla,21090,Puebla,2021,0,Juan C. Bonilla,21090 – Juan C. Bonilla
Juan C. Bonilla,21090,Puebla,2022,0,Juan C. Bonilla,21090 – Juan C. Bonilla
Juan C. Bonilla,21090,Puebla,2023,0,Juan C. Bonilla,21090 – Juan C. Bonilla
Juan C. Bonilla,21090,Puebla,2024,0,Juan C. Bonilla,21090 – Juan C. Bonilla
Juan C. Bonilla,21090,Puebla,2025,0,Juan C. Bonilla,21090 – Juan C. Bonilla
Juan Galindo,21091,Puebla,2015,0,Juan Galindo,21091 – Juan Galindo
Juan Galindo,21091,Puebla,2016,0,Juan Galindo,21091 – Juan Galindo
Juan Galindo,21091,Puebla,2017,0,Juan Galindo,21091 – Juan Galindo
Juan Galindo,21091,Puebla,2018,0,Juan Galindo,21091 – Juan Galindo
Juan Galindo,21091,Puebla,2019,0,Juan Galindo,21091 – Juan Galindo
Juan Galindo,21091,Puebla,2020,0,Juan Galindo,21091 – Juan Galindo
Juan Galindo,21091,Puebla,2021,0,Juan Galindo,21091 – Juan Galindo
Juan Galindo,21091,Puebla,2022,0,Juan Galindo,21091 – Juan Galindo
Juan Galindo,21091,Puebla,2023,0,Juan Galindo,21091 – Juan Galindo
Juan Galindo,21091,Puebla,2024,0,Juan Galindo,21091 – Juan Galindo
Juan Galindo,21091,Puebla,2025,0,Juan Galindo,21091 – Juan Galindo
Juan N. Mã©Ndez,21092,Puebla,2015,0,Juan N. Mã©Ndez,21092 – Juan N. Mã©Ndez
Juan N. Mã©Ndez,21092,Puebla,2016,0,Juan N. Mã©Ndez,21092 – Juan N. Mã©Ndez
Juan N. Mã©Ndez,21092,Puebla,2017,0,Juan N. Mã©Ndez,21092 – Juan N. Mã©Ndez
Juan N. Mã©Ndez,21092,Puebla,2018,0,Juan N. Mã©Ndez,21092 – Juan N. Mã©Ndez
Juan N. Mã©Ndez,21092,Puebla,2019,0,Juan N. Mã©Ndez,21092 – Juan N. Mã©Ndez
Juan N. Mã©Ndez,21092,Puebla,2020,0,Juan N. Mã©Ndez,21092 – Juan N. Mã©Ndez
Juan N. Mã©Ndez,21092,Puebla,2021,0,Juan N. Mã©Ndez,21092 – Juan N. Mã©Ndez
Juan N. Mã©Ndez,21092,Puebla,2022,0,Juan N. Mã©Ndez,21092 – Juan N. Mã©Ndez
Juan N. Mã©Ndez,21092,Puebla,2023,0,Juan N. Mã©Ndez,21092 – Juan N. Mã©Ndez
Juan N. Mã©Ndez,21092,Puebla,2024,0,Juan N. Mã©Ndez,21092 – Juan N. Mã©Ndez
Juan N. Mã©Ndez,21092,Puebla,2025,0,Juan N. Mã©Ndez,21092 – Juan N. Mã©Ndez
Lafragua,21093,Puebla,2015,0,Lafragua,21093 – Lafragua
Lafragua,21093,Puebla,2016,0,Lafragua,21093 – Lafragua
Lafragua,21093,Puebla,2017,0,Lafragua,21093 – Lafragua
Lafragua,21093,Puebla,2018,0,Lafragua,21093 – Lafragua
Lafragua,21093,Puebla,2019,0,Lafragua,21093 – Lafragua
Lafragua,21093,Puebla,2020,0,Lafragua,21093 – Lafragua
Lafragua,21093,Puebla,2021,0,Lafragua,21093 – Lafragua
Lafragua,21093,Puebla,2022,0,Lafragua,21093 – Lafragua
Lafragua,21093,Puebla,2023,0,Lafragua,21093 – Lafragua
Lafragua,21093,Puebla,2024,0,Lafragua,21093 – Lafragua
Lafragua,21093,Puebla,2025,0,Lafragua,21093 – Lafragua
Libres,21094,Puebla,2015,0,Libres,21094 – Libres
Libres,21094,Puebla,2016,0,Libres,21094 – Libres
Libres,21094,Puebla,2017,0,Libres,21094 – Libres
Libres,21094,Puebla,2018,0,Libres,21094 – Libres
Libres,21094,Puebla,2019,1,Libres,21094 – Libres
Libres,21094,Puebla,2020,0,Libres,21094 – Libres
Libres,21094,Puebla,2021,0,Libres,21094 – Libres
Libres,21094,Puebla,2022,0,Libres,21094 – Libres
Libres,21094,Puebla,2023,0,Libres,21094 – Libres
Libres,21094,Puebla,2024,0,Libres,21094 – Libres
Libres,21094,Puebla,2025,0,Libres,21094 – Libres
La Magdalena Tlatlauquitepec,21095,Puebla,2015,0,La Magdalena Tlatlauquitepec,21095 – La Magdalena Tlatlauquitepec
La Magdalena Tlatlauquitepec,21095,Puebla,2016,0,La Magdalena Tlatlauquitepec,21095 – La Magdalena Tlatlauquitepec
La Magdalena Tlatlauquitepec,21095,Puebla,2017,0,La Magdalena Tlatlauquitepec,21095 – La Magdalena Tlatlauquitepec
La Magdalena Tlatlauquitepec,21095,Puebla,2018,0,La Magdalena Tlatlauquitepec,21095 – La Magdalena Tlatlauquitepec
La Magdalena Tlatlauquitepec,21095,Puebla,2019,0,La Magdalena Tlatlauquitepec,21095 – La Magdalena Tlatlauquitepec
La Magdalena Tlatlauquitepec,21095,Puebla,2020,0,La Magdalena Tlatlauquitepec,21095 – La Magdalena Tlatlauquitepec
La Magdalena Tlatlauquitepec,21095,Puebla,2021,0,La Magdalena Tlatlauquitepec,21095 – La Magdalena Tlatlauquitepec
La Magdalena Tlatlauquitepec,21095,Puebla,2022,0,La Magdalena Tlatlauquitepec,21095 – La Magdalena Tlatlauquitepec
La Magdalena Tlatlauquitepec,21095,Puebla,2023,0,La Magdalena Tlatlauquitepec,21095 – La Magdalena Tlatlauquitepec
La Magdalena Tlatlauquitepec,21095,Puebla,2024,0,La Magdalena Tlatlauquitepec,21095 – La Magdalena Tlatlauquitepec
La Magdalena Tlatlauquitepec,21095,Puebla,2025,0,La Magdalena Tlatlauquitepec,21095 – La Magdalena Tlatlauquitepec
Mazapiltepec De Juã¡Rez,21096,Puebla,2015,0,Mazapiltepec De Juã¡Rez,21096 – Mazapiltepec De Juã¡Rez
Mazapiltepec De Juã¡Rez,21096,Puebla,2016,0,Mazapiltepec De Juã¡Rez,21096 – Mazapiltepec De Juã¡Rez
Mazapiltepec De Juã¡Rez,21096,Puebla,2017,0,Mazapiltepec De Juã¡Rez,21096 – Mazapiltepec De Juã¡Rez
Mazapiltepec De Juã¡Rez,21096,Puebla,2018,0,Mazapiltepec De Juã¡Rez,21096 – Mazapiltepec De Juã¡Rez
Mazapiltepec De Juã¡Rez,21096,Puebla,2019,0,Mazapiltepec De Juã¡Rez,21096 – Mazapiltepec De Juã¡Rez
Mazapiltepec De Juã¡Rez,21096,Puebla,2020,0,Mazapiltepec De Juã¡Rez,21096 – Mazapiltepec De Juã¡Rez
Mazapiltepec De Juã¡Rez,21096,Puebla,2021,0,Mazapiltepec De Juã¡Rez,21096 – Mazapiltepec De Juã¡Rez
Mazapiltepec De Juã¡Rez,21096,Puebla,2022,0,Mazapiltepec De Juã¡Rez,21096 – Mazapiltepec De Juã¡Rez
Mazapiltepec De Juã¡Rez,21096,Puebla,2023,0,Mazapiltepec De Juã¡Rez,21096 – Mazapiltepec De Juã¡Rez
Mazapiltepec De Juã¡Rez,21096,Puebla,2024,0,Mazapiltepec De Juã¡Rez,21096 – Mazapiltepec De Juã¡Rez
Mazapiltepec De Juã¡Rez,21096,Puebla,2025,0,Mazapiltepec De Juã¡Rez,21096 – Mazapiltepec De Juã¡Rez
Mixtla,21097,Puebla,2015,0,Mixtla,21097 – Mixtla
Mixtla,21097,Puebla,2016,0,Mixtla,21097 – Mixtla
Mixtla,21097,Puebla,2017,0,Mixtla,21097 – Mixtla
Mixtla,21097,Puebla,2018,0,Mixtla,21097 – Mixtla
Mixtla,21097,Puebla,2019,0,Mixtla,21097 – Mixtla
Mixtla,21097,Puebla,2020,0,Mixtla,21097 – Mixtla
Mixtla,21097,Puebla,2021,0,Mixtla,21097 – Mixtla
Mixtla,21097,Puebla,2022,0,Mixtla,21097 – Mixtla
Mixtla,21097,Puebla,2023,0,Mixtla,21097 – Mixtla
Mixtla,21097,Puebla,2024,0,Mixtla,21097 – Mixtla
Mixtla,21097,Puebla,2025,0,Mixtla,21097 – Mixtla
Molcaxac,21098,Puebla,2015,0,Molcaxac,21098 – Molcaxac
Molcaxac,21098,Puebla,2016,0,Molcaxac,21098 – Molcaxac
Molcaxac,21098,Puebla,2017,1,Molcaxac,21098 – Molcaxac
Molcaxac,21098,Puebla,2018,0,Molcaxac,21098 – Molcaxac
Molcaxac,21098,Puebla,2019,0,Molcaxac,21098 – Molcaxac
Molcaxac,21098,Puebla,2020,0,Molcaxac,21098 – Molcaxac
Molcaxac,21098,Puebla,2021,0,Molcaxac,21098 – Molcaxac
Molcaxac,21098,Puebla,2022,0,Molcaxac,21098 – Molcaxac
Molcaxac,21098,Puebla,2023,0,Molcaxac,21098 – Molcaxac
Molcaxac,21098,Puebla,2024,0,Molcaxac,21098 – Molcaxac
Molcaxac,21098,Puebla,2025,0,Molcaxac,21098 – Molcaxac
Caã±Ada Morelos,21099,Puebla,2015,0,Caã±Ada Morelos,21099 – Caã±Ada Morelos
Caã±Ada Morelos,21099,Puebla,2016,0,Caã±Ada Morelos,21099 – Caã±Ada Morelos
Caã±Ada Morelos,21099,Puebla,2017,0,Caã±Ada Morelos,21099 – Caã±Ada Morelos
Caã±Ada Morelos,21099,Puebla,2018,0,Caã±Ada Morelos,21099 – Caã±Ada Morelos
Caã±Ada Morelos,21099,Puebla,2019,3,Caã±Ada Morelos,21099 – Caã±Ada Morelos
Caã±Ada Morelos,21099,Puebla,2020,1,Caã±Ada Morelos,21099 – Caã±Ada Morelos
Caã±Ada Morelos,21099,Puebla,2021,0,Caã±Ada Morelos,21099 – Caã±Ada Morelos
Caã±Ada Morelos,21099,Puebla,2022,0,Caã±Ada Morelos,21099 – Caã±Ada Morelos
Caã±Ada Morelos,21099,Puebla,2023,0,Caã±Ada Morelos,21099 – Caã±Ada Morelos
Caã±Ada Morelos,21099,Puebla,2024,0,Caã±Ada Morelos,21099 – Caã±Ada Morelos
Caã±Ada Morelos,21099,Puebla,2025,0,Caã±Ada Morelos,21099 – Caã±Ada Morelos
Naupan,21100,Puebla,2015,0,Naupan,21100 – Naupan
Naupan,21100,Puebla,2016,0,Naupan,21100 – Naupan
Naupan,21100,Puebla,2017,0,Naupan,21100 – Naupan
Naupan,21100,Puebla,2018,1,Naupan,21100 – Naupan
Naupan,21100,Puebla,2019,0,Naupan,21100 – Naupan
Naupan,21100,Puebla,2020,0,Naupan,21100 – Naupan
Naupan,21100,Puebla,2021,0,Naupan,21100 – Naupan
Naupan,21100,Puebla,2022,0,Naupan,21100 – Naupan
Naupan,21100,Puebla,2023,0,Naupan,21100 – Naupan
Naupan,21100,Puebla,2024,0,Naupan,21100 – Naupan
Naupan,21100,Puebla,2025,0,Naupan,21100 – Naupan
Nauzontla,21101,Puebla,2015,0,Nauzontla,21101 – Nauzontla
Nauzontla,21101,Puebla,2016,0,Nauzontla,21101 – Nauzontla
Nauzontla,21101,Puebla,2017,0,Nauzontla,21101 – Nauzontla
Nauzontla,21101,Puebla,2018,0,Nauzontla,21101 – Nauzontla
Nauzontla,21101,Puebla,2019,0,Nauzontla,21101 – Nauzontla
Nauzontla,21101,Puebla,2020,0,Nauzontla,21101 – Nauzontla
Nauzontla,21101,Puebla,2021,0,Nauzontla,21101 – Nauzontla
Nauzontla,21101,Puebla,2022,0,Nauzontla,21101 – Nauzontla
Nauzontla,21101,Puebla,2023,0,Nauzontla,21101 – Nauzontla
Nauzontla,21101,Puebla,2024,0,Nauzontla,21101 – Nauzontla
Nauzontla,21101,Puebla,2025,0,Nauzontla,21101 – Nauzontla
Nealtican,21102,Puebla,2015,0,Nealtican,21102 – Nealtican
Nealtican,21102,Puebla,2016,0,Nealtican,21102 – Nealtican
Nealtican,21102,Puebla,2017,0,Nealtican,21102 – Nealtican
Nealtican,21102,Puebla,2018,0,Nealtican,21102 – Nealtican
Nealtican,21102,Puebla,2019,0,Nealtican,21102 – Nealtican
Nealtican,21102,Puebla,2020,1,Nealtican,21102 – Nealtican
Nealtican,21102,Puebla,2021,0,Nealtican,21102 – Nealtican
Nealtican,21102,Puebla,2022,0,Nealtican,21102 – Nealtican
Nealtican,21102,Puebla,2023,0,Nealtican,21102 – Nealtican
Nealtican,21102,Puebla,2024,0,Nealtican,21102 – Nealtican
Nealtican,21102,Puebla,2025,0,Nealtican,21102 – Nealtican
Nicolã¡S Bravo,21103,Puebla,2015,0,Nicolã¡S Bravo,21103 – Nicolã¡S Bravo
Nicolã¡S Bravo,21103,Puebla,2016,0,Nicolã¡S Bravo,21103 – Nicolã¡S Bravo
Nicolã¡S Bravo,21103,Puebla,2017,0,Nicolã¡S Bravo,21103 – Nicolã¡S Bravo
Nicolã¡S Bravo,21103,Puebla,2018,0,Nicolã¡S Bravo,21103 – Nicolã¡S Bravo
Nicolã¡S Bravo,21103,Puebla,2019,1,Nicolã¡S Bravo,21103 – Nicolã¡S Bravo
Nicolã¡S Bravo,21103,Puebla,2020,0,Nicolã¡S Bravo,21103 – Nicolã¡S Bravo
Nicolã¡S Bravo,21103,Puebla,2021,0,Nicolã¡S Bravo,21103 – Nicolã¡S Bravo
Nicolã¡S Bravo,21103,Puebla,2022,0,Nicolã¡S Bravo,21103 – Nicolã¡S Bravo
Nicolã¡S Bravo,21103,Puebla,2023,0,Nicolã¡S Bravo,21103 – Nicolã¡S Bravo
Nicolã¡S Bravo,21103,Puebla,2024,0,Nicolã¡S Bravo,21103 – Nicolã¡S Bravo
Nicolã¡S Bravo,21103,Puebla,2025,0,Nicolã¡S Bravo,21103 – Nicolã¡S Bravo
Nopalucan,21104,Puebla,2015,0,Nopalucan,21104 – Nopalucan
Nopalucan,21104,Puebla,2016,0,Nopalucan,21104 – Nopalucan
Nopalucan,21104,Puebla,2017,0,Nopalucan,21104 – Nopalucan
Nopalucan,21104,Puebla,2018,0,Nopalucan,21104 – Nopalucan
Nopalucan,21104,Puebla,2019,0,Nopalucan,21104 – Nopalucan
Nopalucan,21104,Puebla,2020,0,Nopalucan,21104 – Nopalucan
Nopalucan,21104,Puebla,2021,0,Nopalucan,21104 – Nopalucan
Nopalucan,21104,Puebla,2022,1,Nopalucan,21104 – Nopalucan
Nopalucan,21104,Puebla,2023,0,Nopalucan,21104 – Nopalucan
Nopalucan,21104,Puebla,2024,0,Nopalucan,21104 – Nopalucan
Nopalucan,21104,Puebla,2025,0,Nopalucan,21104 – Nopalucan
Ocotepec,21105,Puebla,2015,0,Ocotepec,21105 – Ocotepec
Ocotepec,21105,Puebla,2016,0,Ocotepec,21105 – Ocotepec
Ocotepec,21105,Puebla,2017,0,Ocotepec,21105 – Ocotepec
Ocotepec,21105,Puebla,2018,0,Ocotepec,21105 – Ocotepec
Ocotepec,21105,Puebla,2019,0,Ocotepec,21105 – Ocotepec
Ocotepec,21105,Puebla,2020,0,Ocotepec,21105 – Ocotepec
Ocotepec,21105,Puebla,2021,0,Ocotepec,21105 – Ocotepec
Ocotepec,21105,Puebla,2022,0,Ocotepec,21105 – Ocotepec
Ocotepec,21105,Puebla,2023,0,Ocotepec,21105 – Ocotepec
Ocotepec,21105,Puebla,2024,0,Ocotepec,21105 – Ocotepec
Ocotepec,21105,Puebla,2025,0,Ocotepec,21105 – Ocotepec
Ocoyucan,21106,Puebla,2015,0,Ocoyucan,21106 – Ocoyucan
Ocoyucan,21106,Puebla,2016,0,Ocoyucan,21106 – Ocoyucan
Ocoyucan,21106,Puebla,2017,0,Ocoyucan,21106 – Ocoyucan
Ocoyucan,21106,Puebla,2018,1,Ocoyucan,21106 – Ocoyucan
Ocoyucan,21106,Puebla,2019,1,Ocoyucan,21106 – Ocoyucan
Ocoyucan,21106,Puebla,2020,1,Ocoyucan,21106 – Ocoyucan
Ocoyucan,21106,Puebla,2021,0,Ocoyucan,21106 – Ocoyucan
Ocoyucan,21106,Puebla,2022,0,Ocoyucan,21106 – Ocoyucan
Ocoyucan,21106,Puebla,2023,0,Ocoyucan,21106 – Ocoyucan
Ocoyucan,21106,Puebla,2024,0,Ocoyucan,21106 – Ocoyucan
Ocoyucan,21106,Puebla,2025,1,Ocoyucan,21106 – Ocoyucan
Olintla,21107,Puebla,2015,0,Olintla,21107 – Olintla
Olintla,21107,Puebla,2016,0,Olintla,21107 – Olintla
Olintla,21107,Puebla,2017,0,Olintla,21107 – Olintla
Olintla,21107,Puebla,2018,0,Olintla,21107 – Olintla
Olintla,21107,Puebla,2019,0,Olintla,21107 – Olintla
Olintla,21107,Puebla,2020,0,Olintla,21107 – Olintla
Olintla,21107,Puebla,2021,0,Olintla,21107 – Olintla
Olintla,21107,Puebla,2022,0,Olintla,21107 – Olintla
Olintla,21107,Puebla,2023,0,Olintla,21107 – Olintla
Olintla,21107,Puebla,2024,0,Olintla,21107 – Olintla
Olintla,21107,Puebla,2025,0,Olintla,21107 – Olintla
Oriental,21108,Puebla,2015,0,Oriental,21108 – Oriental
Oriental,21108,Puebla,2016,0,Oriental,21108 – Oriental
Oriental,21108,Puebla,2017,0,Oriental,21108 – Oriental
Oriental,21108,Puebla,2018,0,Oriental,21108 – Oriental
Oriental,21108,Puebla,2019,0,Oriental,21108 – Oriental
Oriental,21108,Puebla,2020,0,Oriental,21108 – Oriental
Oriental,21108,Puebla,2021,0,Oriental,21108 – Oriental
Oriental,21108,Puebla,2022,0,Oriental,21108 – Oriental
Oriental,21108,Puebla,2023,0,Oriental,21108 – Oriental
Oriental,21108,Puebla,2024,0,Oriental,21108 – Oriental
Oriental,21108,Puebla,2025,1,Oriental,21108 – Oriental
Pahuatlã¡N,21109,Puebla,2015,0,Pahuatlã¡N,21109 – Pahuatlã¡N
Pahuatlã¡N,21109,Puebla,2016,0,Pahuatlã¡N,21109 – Pahuatlã¡N
Pahuatlã¡N,21109,Puebla,2017,0,Pahuatlã¡N,21109 – Pahuatlã¡N
Pahuatlã¡N,21109,Puebla,2018,0,Pahuatlã¡N,21109 – Pahuatlã¡N
Pahuatlã¡N,21109,Puebla,2019,0,Pahuatlã¡N,21109 – Pahuatlã¡N
Pahuatlã¡N,21109,Puebla,2020,0,Pahuatlã¡N,21109 – Pahuatlã¡N
Pahuatlã¡N,21109,Puebla,2021,0,Pahuatlã¡N,21109 – Pahuatlã¡N
Pahuatlã¡N,21109,Puebla,2022,0,Pahuatlã¡N,21109 – Pahuatlã¡N
Pahuatlã¡N,21109,Puebla,2023,1,Pahuatlã¡N,21109 – Pahuatlã¡N
Pahuatlã¡N,21109,Puebla,2024,0,Pahuatlã¡N,21109 – Pahuatlã¡N
Pahuatlã¡N,21109,Puebla,2025,0,Pahuatlã¡N,21109 – Pahuatlã¡N
Palmar De Bravo,21110,Puebla,2015,0,Palmar De Bravo,21110 – Palmar De Bravo
Palmar De Bravo,21110,Puebla,2016,0,Palmar De Bravo,21110 – Palmar De Bravo
Palmar De Bravo,21110,Puebla,2017,0,Palmar De Bravo,21110 – Palmar De Bravo
Palmar De Bravo,21110,Puebla,2018,0,Palmar De Bravo,21110 – Palmar De Bravo
Palmar De Bravo,21110,Puebla,2019,0,Palmar De Bravo,21110 – Palmar De Bravo
Palmar De Bravo,21110,Puebla,2020,2,Palmar De Bravo,21110 – Palmar De Bravo
Palmar De Bravo,21110,Puebla,2021,1,Palmar De Bravo,21110 – Palmar De Bravo
Palmar De Bravo,21110,Puebla,2022,0,Palmar De Bravo,21110 – Palmar De Bravo
Palmar De Bravo,21110,Puebla,2023,0,Palmar De Bravo,21110 – Palmar De Bravo
Palmar De Bravo,21110,Puebla,2024,0,Palmar De Bravo,21110 – Palmar De Bravo
Palmar De Bravo,21110,Puebla,2025,0,Palmar De Bravo,21110 – Palmar De Bravo
Pantepec,21111,Puebla,2015,0,Pantepec,21111 – Pantepec
Pantepec,21111,Puebla,2016,0,Pantepec,21111 – Pantepec
Pantepec,21111,Puebla,2017,0,Pantepec,21111 – Pantepec
Pantepec,21111,Puebla,2018,0,Pantepec,21111 – Pantepec
Pantepec,21111,Puebla,2019,0,Pantepec,21111 – Pantepec
Pantepec,21111,Puebla,2020,0,Pantepec,21111 – Pantepec
Pantepec,21111,Puebla,2021,0,Pantepec,21111 – Pantepec
Pantepec,21111,Puebla,2022,0,Pantepec,21111 – Pantepec
Pantepec,21111,Puebla,2023,0,Pantepec,21111 – Pantepec
Pantepec,21111,Puebla,2024,0,Pantepec,21111 – Pantepec
Pantepec,21111,Puebla,2025,0,Pantepec,21111 – Pantepec
Petlalcingo,21112,Puebla,2015,0,Petlalcingo,21112 – Petlalcingo
Petlalcingo,21112,Puebla,2016,0,Petlalcingo,21112 – Petlalcingo
Petlalcingo,21112,Puebla,2017,0,Petlalcingo,21112 – Petlalcingo
Petlalcingo,21112,Puebla,2018,0,Petlalcingo,21112 – Petlalcingo
Petlalcingo,21112,Puebla,2019,0,Petlalcingo,21112 – Petlalcingo
Petlalcingo,21112,Puebla,2020,0,Petlalcingo,21112 – Petlalcingo
Petlalcingo,21112,Puebla,2021,0,Petlalcingo,21112 – Petlalcingo
Petlalcingo,21112,Puebla,2022,0,Petlalcingo,21112 – Petlalcingo
Petlalcingo,21112,Puebla,2023,0,Petlalcingo,21112 – Petlalcingo
Petlalcingo,21112,Puebla,2024,0,Petlalcingo,21112 – Petlalcingo
Petlalcingo,21112,Puebla,2025,0,Petlalcingo,21112 – Petlalcingo
Piaxtla,21113,Puebla,2015,0,Piaxtla,21113 – Piaxtla
Piaxtla,21113,Puebla,2016,0,Piaxtla,21113 – Piaxtla
Piaxtla,21113,Puebla,2017,0,Piaxtla,21113 – Piaxtla
Piaxtla,21113,Puebla,2018,0,Piaxtla,21113 – Piaxtla
Piaxtla,21113,Puebla,2019,0,Piaxtla,21113 – Piaxtla
Piaxtla,21113,Puebla,2020,0,Piaxtla,21113 – Piaxtla
Piaxtla,21113,Puebla,2021,0,Piaxtla,21113 – Piaxtla
Piaxtla,21113,Puebla,2022,0,Piaxtla,21113 – Piaxtla
Piaxtla,21113,Puebla,2023,0,Piaxtla,21113 – Piaxtla
Piaxtla,21113,Puebla,2024,0,Piaxtla,21113 – Piaxtla
Piaxtla,21113,Puebla,2025,0,Piaxtla,21113 – Piaxtla
Puebla,21114,Puebla,2015,5,Puebla,21114 – Puebla
Puebla,21114,Puebla,2016,9,Puebla,21114 – Puebla
Puebla,21114,Puebla,2017,6,Puebla,21114 – Puebla
Puebla,21114,Puebla,2018,7,Puebla,21114 – Puebla
Puebla,21114,Puebla,2019,11,Puebla,21114 – Puebla
Puebla,21114,Puebla,2020,8,Puebla,21114 – Puebla
Puebla,21114,Puebla,2021,13,Puebla,21114 – Puebla
Puebla,21114,Puebla,2022,4,Puebla,21114 – Puebla
Puebla,21114,Puebla,2023,12,Puebla,21114 – Puebla
Puebla,21114,Puebla,2024,9,Puebla,21114 – Puebla
Puebla,21114,Puebla,2025,2,Puebla,21114 – Puebla
Quecholac,21115,Puebla,2015,0,Quecholac,21115 – Quecholac
Quecholac,21115,Puebla,2016,0,Quecholac,21115 – Quecholac
Quecholac,21115,Puebla,2017,1,Quecholac,21115 – Quecholac
Quecholac,21115,Puebla,2018,0,Quecholac,21115 – Quecholac
Quecholac,21115,Puebla,2019,1,Quecholac,21115 – Quecholac
Quecholac,21115,Puebla,2020,0,Quecholac,21115 – Quecholac
Quecholac,21115,Puebla,2021,0,Quecholac,21115 – Quecholac
Quecholac,21115,Puebla,2022,0,Quecholac,21115 – Quecholac
Quecholac,21115,Puebla,2023,0,Quecholac,21115 – Quecholac
Quecholac,21115,Puebla,2024,0,Quecholac,21115 – Quecholac
Quecholac,21115,Puebla,2025,0,Quecholac,21115 – Quecholac
Quimixtlã¡N,21116,Puebla,2015,0,Quimixtlã¡N,21116 – Quimixtlã¡N
Quimixtlã¡N,21116,Puebla,2016,0,Quimixtlã¡N,21116 – Quimixtlã¡N
Quimixtlã¡N,21116,Puebla,2017,0,Quimixtlã¡N,21116 – Quimixtlã¡N
Quimixtlã¡N,21116,Puebla,2018,0,Quimixtlã¡N,21116 – Quimixtlã¡N
Quimixtlã¡N,21116,Puebla,2019,0,Quimixtlã¡N,21116 – Quimixtlã¡N
Quimixtlã¡N,21116,Puebla,2020,0,Quimixtlã¡N,21116 – Quimixtlã¡N
Quimixtlã¡N,21116,Puebla,2021,0,Quimixtlã¡N,21116 – Quimixtlã¡N
Quimixtlã¡N,21116,Puebla,2022,0,Quimixtlã¡N,21116 – Quimixtlã¡N
Quimixtlã¡N,21116,Puebla,2023,0,Quimixtlã¡N,21116 – Quimixtlã¡N
Quimixtlã¡N,21116,Puebla,2024,0,Quimixtlã¡N,21116 – Quimixtlã¡N
Quimixtlã¡N,21116,Puebla,2025,0,Quimixtlã¡N,21116 – Quimixtlã¡N
Rafael Lara Grajales,21117,Puebla,2015,0,Rafael Lara Grajales,21117 – Rafael Lara Grajales
Rafael Lara Grajales,21117,Puebla,2016,0,Rafael Lara Grajales,21117 – Rafael Lara Grajales
Rafael Lara Grajales,21117,Puebla,2017,0,Rafael Lara Grajales,21117 – Rafael Lara Grajales
Rafael Lara Grajales,21117,Puebla,2018,0,Rafael Lara Grajales,21117 – Rafael Lara Grajales
Rafael Lara Grajales,21117,Puebla,2019,1,Rafael Lara Grajales,21117 – Rafael Lara Grajales
Rafael Lara Grajales,21117,Puebla,2020,0,Rafael Lara Grajales,21117 – Rafael Lara Grajales
Rafael Lara Grajales,21117,Puebla,2021,0,Rafael Lara Grajales,21117 – Rafael Lara Grajales
Rafael Lara Grajales,21117,Puebla,2022,0,Rafael Lara Grajales,21117 – Rafael Lara Grajales
Rafael Lara Grajales,21117,Puebla,2023,0,Rafael Lara Grajales,21117 – Rafael Lara Grajales
Rafael Lara Grajales,21117,Puebla,2024,0,Rafael Lara Grajales,21117 – Rafael Lara Grajales
Rafael Lara Grajales,21117,Puebla,2025,0,Rafael Lara Grajales,21117 – Rafael Lara Grajales
Los Reyes De Juã¡Rez,21118,Puebla,2015,0,Los Reyes De Juã¡Rez,21118 – Los Reyes De Juã¡Rez
Los Reyes De Juã¡Rez,21118,Puebla,2016,0,Los Reyes De Juã¡Rez,21118 – Los Reyes De Juã¡Rez
Los Reyes De Juã¡Rez,21118,Puebla,2017,0,Los Reyes De Juã¡Rez,21118 – Los Reyes De Juã¡Rez
Los Reyes De Juã¡Rez,21118,Puebla,2018,0,Los Reyes De Juã¡Rez,21118 – Los Reyes De Juã¡Rez
Los Reyes De Juã¡Rez,21118,Puebla,2019,0,Los Reyes De Juã¡Rez,21118 – Los Reyes De Juã¡Rez
Los Reyes De Juã¡Rez,21118,Puebla,2020,0,Los Reyes De Juã¡Rez,21118 – Los Reyes De Juã¡Rez
Los Reyes De Juã¡Rez,21118,Puebla,2021,0,Los Reyes De Juã¡Rez,21118 – Los Reyes De Juã¡Rez
Los Reyes De Juã¡Rez,21118,Puebla,2022,0,Los Reyes De Juã¡Rez,21118 – Los Reyes De Juã¡Rez
Los Reyes De Juã¡Rez,21118,Puebla,2023,0,Los Reyes De Juã¡Rez,21118 – Los Reyes De Juã¡Rez
Los Reyes De Juã¡Rez,21118,Puebla,2024,0,Los Reyes De Juã¡Rez,21118 – Los Reyes De Juã¡Rez
Los Reyes De Juã¡Rez,21118,Puebla,2025,0,Los Reyes De Juã¡Rez,21118 – Los Reyes De Juã¡Rez
San Andrã©S Cholula,21119,Puebla,2015,0,San Andrã©S Cholula,21119 – San Andrã©S Cholula
San Andrã©S Cholula,21119,Puebla,2016,0,San Andrã©S Cholula,21119 – San Andrã©S Cholula
San Andrã©S Cholula,21119,Puebla,2017,0,San Andrã©S Cholula,21119 – San Andrã©S Cholula
San Andrã©S Cholula,21119,Puebla,2018,1,San Andrã©S Cholula,21119 – San Andrã©S Cholula
San Andrã©S Cholula,21119,Puebla,2019,1,San Andrã©S Cholula,21119 – San Andrã©S Cholula
San Andrã©S Cholula,21119,Puebla,2020,1,San Andrã©S Cholula,21119 – San Andrã©S Cholula
San Andrã©S Cholula,21119,Puebla,2021,0,San Andrã©S Cholula,21119 – San Andrã©S Cholula
San Andrã©S Cholula,21119,Puebla,2022,0,San Andrã©S Cholula,21119 – San Andrã©S Cholula
San Andrã©S Cholula,21119,Puebla,2023,0,San Andrã©S Cholula,21119 – San Andrã©S Cholula
San Andrã©S Cholula,21119,Puebla,2024,2,San Andrã©S Cholula,21119 – San Andrã©S Cholula
San Andrã©S Cholula,21119,Puebla,2025,0,San Andrã©S Cholula,21119 – San Andrã©S Cholula
San Antonio Caã±Ada,21120,Puebla,2015,0,San Antonio Caã±Ada,21120 – San Antonio Caã±Ada
San Antonio Caã±Ada,21120,Puebla,2016,0,San Antonio Caã±Ada,21120 – San Antonio Caã±Ada
San Antonio Caã±Ada,21120,Puebla,2017,0,San Antonio Caã±Ada,21120 – San Antonio Caã±Ada
San Antonio Caã±Ada,21120,Puebla,2018,0,San Antonio Caã±Ada,21120 – San Antonio Caã±Ada
San Antonio Caã±Ada,21120,Puebla,2019,0,San Antonio Caã±Ada,21120 – San Antonio Caã±Ada
San Antonio Caã±Ada,21120,Puebla,2020,0,San Antonio Caã±Ada,21120 – San Antonio Caã±Ada
San Antonio Caã±Ada,21120,Puebla,2021,0,San Antonio Caã±Ada,21120 – San Antonio Caã±Ada
San Antonio Caã±Ada,21120,Puebla,2022,0,San Antonio Caã±Ada,21120 – San Antonio Caã±Ada
San Antonio Caã±Ada,21120,Puebla,2023,0,San Antonio Caã±Ada,21120 – San Antonio Caã±Ada
San Antonio Caã±Ada,21120,Puebla,2024,0,San Antonio Caã±Ada,21120 – San Antonio Caã±Ada
San Antonio Caã±Ada,21120,Puebla,2025,0,San Antonio Caã±Ada,21120 – San Antonio Caã±Ada
San Diego La Mesa Tochimiltzingo,21121,Puebla,2015,0,San Diego La Mesa Tochimiltzingo,21121 – San Diego La Mesa Tochimiltzingo
San Diego La Mesa Tochimiltzingo,21121,Puebla,2016,0,San Diego La Mesa Tochimiltzingo,21121 – San Diego La Mesa Tochimiltzingo
San Diego La Mesa Tochimiltzingo,21121,Puebla,2017,0,San Diego La Mesa Tochimiltzingo,21121 – San Diego La Mesa Tochimiltzingo
San Diego La Mesa Tochimiltzingo,21121,Puebla,2018,0,San Diego La Mesa Tochimiltzingo,21121 – San Diego La Mesa Tochimiltzingo
San Diego La Mesa Tochimiltzingo,21121,Puebla,2019,0,San Diego La Mesa Tochimiltzingo,21121 – San Diego La Mesa Tochimiltzingo
San Diego La Mesa Tochimiltzingo,21121,Puebla,2020,0,San Diego La Mesa Tochimiltzingo,21121 – San Diego La Mesa Tochimiltzingo
San Diego La Mesa Tochimiltzingo,21121,Puebla,2021,0,San Diego La Mesa Tochimiltzingo,21121 – San Diego La Mesa Tochimiltzingo
San Diego La Mesa Tochimiltzingo,21121,Puebla,2022,0,San Diego La Mesa Tochimiltzingo,21121 – San Diego La Mesa Tochimiltzingo
San Diego La Mesa Tochimiltzingo,21121,Puebla,2023,0,San Diego La Mesa Tochimiltzingo,21121 – San Diego La Mesa Tochimiltzingo
San Diego La Mesa Tochimiltzingo,21121,Puebla,2024,0,San Diego La Mesa Tochimiltzingo,21121 – San Diego La Mesa Tochimiltzingo
San Diego La Mesa Tochimiltzingo,21121,Puebla,2025,0,San Diego La Mesa Tochimiltzingo,21121 – San Diego La Mesa Tochimiltzingo
San Felipe Teotlalcingo,21122,Puebla,2015,0,San Felipe Teotlalcingo,21122 – San Felipe Teotlalcingo
San Felipe Teotlalcingo,21122,Puebla,2016,0,San Felipe Teotlalcingo,21122 – San Felipe Teotlalcingo
San Felipe Teotlalcingo,21122,Puebla,2017,0,San Felipe Teotlalcingo,21122 – San Felipe Teotlalcingo
San Felipe Teotlalcingo,21122,Puebla,2018,0,San Felipe Teotlalcingo,21122 – San Felipe Teotlalcingo
San Felipe Teotlalcingo,21122,Puebla,2019,0,San Felipe Teotlalcingo,21122 – San Felipe Teotlalcingo
San Felipe Teotlalcingo,21122,Puebla,2020,0,San Felipe Teotlalcingo,21122 – San Felipe Teotlalcingo
San Felipe Teotlalcingo,21122,Puebla,2021,0,San Felipe Teotlalcingo,21122 – San Felipe Teotlalcingo
San Felipe Teotlalcingo,21122,Puebla,2022,0,San Felipe Teotlalcingo,21122 – San Felipe Teotlalcingo
San Felipe Teotlalcingo,21122,Puebla,2023,0,San Felipe Teotlalcingo,21122 – San Felipe Teotlalcingo
San Felipe Teotlalcingo,21122,Puebla,2024,0,San Felipe Teotlalcingo,21122 – San Felipe Teotlalcingo
San Felipe Teotlalcingo,21122,Puebla,2025,0,San Felipe Teotlalcingo,21122 – San Felipe Teotlalcingo
San Felipe Tepatlã¡N,21123,Puebla,2015,0,San Felipe Tepatlã¡N,21123 – San Felipe Tepatlã¡N
San Felipe Tepatlã¡N,21123,Puebla,2016,0,San Felipe Tepatlã¡N,21123 – San Felipe Tepatlã¡N
San Felipe Tepatlã¡N,21123,Puebla,2017,0,San Felipe Tepatlã¡N,21123 – San Felipe Tepatlã¡N
San Felipe Tepatlã¡N,21123,Puebla,2018,0,San Felipe Tepatlã¡N,21123 – San Felipe Tepatlã¡N
San Felipe Tepatlã¡N,21123,Puebla,2019,1,San Felipe Tepatlã¡N,21123 – San Felipe Tepatlã¡N
San Felipe Tepatlã¡N,21123,Puebla,2020,0,San Felipe Tepatlã¡N,21123 – San Felipe Tepatlã¡N
San Felipe Tepatlã¡N,21123,Puebla,2021,0,San Felipe Tepatlã¡N,21123 – San Felipe Tepatlã¡N
San Felipe Tepatlã¡N,21123,Puebla,2022,0,San Felipe Tepatlã¡N,21123 – San Felipe Tepatlã¡N
San Felipe Tepatlã¡N,21123,Puebla,2023,0,San Felipe Tepatlã¡N,21123 – San Felipe Tepatlã¡N
San Felipe Tepatlã¡N,21123,Puebla,2024,0,San Felipe Tepatlã¡N,21123 – San Felipe Tepatlã¡N
San Felipe Tepatlã¡N,21123,Puebla,2025,0,San Felipe Tepatlã¡N,21123 – San Felipe Tepatlã¡N
San Gabriel Chilac,21124,Puebla,2015,0,San Gabriel Chilac,21124 – San Gabriel Chilac
San Gabriel Chilac,21124,Puebla,2016,0,San Gabriel Chilac,21124 – San Gabriel Chilac
San Gabriel Chilac,21124,Puebla,2017,0,San Gabriel Chilac,21124 – San Gabriel Chilac
San Gabriel Chilac,21124,Puebla,2018,0,San Gabriel Chilac,21124 – San Gabriel Chilac
San Gabriel Chilac,21124,Puebla,2019,0,San Gabriel Chilac,21124 – San Gabriel Chilac
San Gabriel Chilac,21124,Puebla,2020,0,San Gabriel Chilac,21124 – San Gabriel Chilac
San Gabriel Chilac,21124,Puebla,2021,0,San Gabriel Chilac,21124 – San Gabriel Chilac
San Gabriel Chilac,21124,Puebla,2022,0,San Gabriel Chilac,21124 – San Gabriel Chilac
San Gabriel Chilac,21124,Puebla,2023,0,San Gabriel Chilac,21124 – San Gabriel Chilac
San Gabriel Chilac,21124,Puebla,2024,0,San Gabriel Chilac,21124 – San Gabriel Chilac
San Gabriel Chilac,21124,Puebla,2025,0,San Gabriel Chilac,21124 – San Gabriel Chilac
San Gregorio Atzompa,21125,Puebla,2015,0,San Gregorio Atzompa,21125 – San Gregorio Atzompa
San Gregorio Atzompa,21125,Puebla,2016,0,San Gregorio Atzompa,21125 – San Gregorio Atzompa
San Gregorio Atzompa,21125,Puebla,2017,0,San Gregorio Atzompa,21125 – San Gregorio Atzompa
San Gregorio Atzompa,21125,Puebla,2018,0,San Gregorio Atzompa,21125 – San Gregorio Atzompa
San Gregorio Atzompa,21125,Puebla,2019,0,San Gregorio Atzompa,21125 – San Gregorio Atzompa
San Gregorio Atzompa,21125,Puebla,2020,0,San Gregorio Atzompa,21125 – San Gregorio Atzompa
San Gregorio Atzompa,21125,Puebla,2021,0,San Gregorio Atzompa,21125 – San Gregorio Atzompa
San Gregorio Atzompa,21125,Puebla,2022,0,San Gregorio Atzompa,21125 – San Gregorio Atzompa
San Gregorio Atzompa,21125,Puebla,2023,0,San Gregorio Atzompa,21125 – San Gregorio Atzompa
San Gregorio Atzompa,21125,Puebla,2024,0,San Gregorio Atzompa,21125 – San Gregorio Atzompa
San Gregorio Atzompa,21125,Puebla,2025,0,San Gregorio Atzompa,21125 – San Gregorio Atzompa
San Jerã³Nimo Tecuanipan,21126,Puebla,2015,0,San Jerã³Nimo Tecuanipan,21126 – San Jerã³Nimo Tecuanipan
San Jerã³Nimo Tecuanipan,21126,Puebla,2016,0,San Jerã³Nimo Tecuanipan,21126 – San Jerã³Nimo Tecuanipan
San Jerã³Nimo Tecuanipan,21126,Puebla,2017,1,San Jerã³Nimo Tecuanipan,21126 – San Jerã³Nimo Tecuanipan
San Jerã³Nimo Tecuanipan,21126,Puebla,2018,0,San Jerã³Nimo Tecuanipan,21126 – San Jerã³Nimo Tecuanipan
San Jerã³Nimo Tecuanipan,21126,Puebla,2019,0,San Jerã³Nimo Tecuanipan,21126 – San Jerã³Nimo Tecuanipan
San Jerã³Nimo Tecuanipan,21126,Puebla,2020,0,San Jerã³Nimo Tecuanipan,21126 – San Jerã³Nimo Tecuanipan
San Jerã³Nimo Tecuanipan,21126,Puebla,2021,0,San Jerã³Nimo Tecuanipan,21126 – San Jerã³Nimo Tecuanipan
San Jerã³Nimo Tecuanipan,21126,Puebla,2022,0,San Jerã³Nimo Tecuanipan,21126 – San Jerã³Nimo Tecuanipan
San Jerã³Nimo Tecuanipan,21126,Puebla,2023,0,San Jerã³Nimo Tecuanipan,21126 – San Jerã³Nimo Tecuanipan
San Jerã³Nimo Tecuanipan,21126,Puebla,2024,0,San Jerã³Nimo Tecuanipan,21126 – San Jerã³Nimo Tecuanipan
San Jerã³Nimo Tecuanipan,21126,Puebla,2025,0,San Jerã³Nimo Tecuanipan,21126 – San Jerã³Nimo Tecuanipan
San Jerã³Nimo Xayacatlã¡N,21127,Puebla,2015,0,San Jerã³Nimo Xayacatlã¡N,21127 – San Jerã³Nimo Xayacatlã¡N
San Jerã³Nimo Xayacatlã¡N,21127,Puebla,2016,0,San Jerã³Nimo Xayacatlã¡N,21127 – San Jerã³Nimo Xayacatlã¡N
San Jerã³Nimo Xayacatlã¡N,21127,Puebla,2017,0,San Jerã³Nimo Xayacatlã¡N,21127 – San Jerã³Nimo Xayacatlã¡N
San Jerã³Nimo Xayacatlã¡N,21127,Puebla,2018,0,San Jerã³Nimo Xayacatlã¡N,21127 – San Jerã³Nimo Xayacatlã¡N
San Jerã³Nimo Xayacatlã¡N,21127,Puebla,2019,0,San Jerã³Nimo Xayacatlã¡N,21127 – San Jerã³Nimo Xayacatlã¡N
San Jerã³Nimo Xayacatlã¡N,21127,Puebla,2020,0,San Jerã³Nimo Xayacatlã¡N,21127 – San Jerã³Nimo Xayacatlã¡N
San Jerã³Nimo Xayacatlã¡N,21127,Puebla,2021,0,San Jerã³Nimo Xayacatlã¡N,21127 – San Jerã³Nimo Xayacatlã¡N
San Jerã³Nimo Xayacatlã¡N,21127,Puebla,2022,0,San Jerã³Nimo Xayacatlã¡N,21127 – San Jerã³Nimo Xayacatlã¡N
San Jerã³Nimo Xayacatlã¡N,21127,Puebla,2023,0,San Jerã³Nimo Xayacatlã¡N,21127 – San Jerã³Nimo Xayacatlã¡N
San Jerã³Nimo Xayacatlã¡N,21127,Puebla,2024,0,San Jerã³Nimo Xayacatlã¡N,21127 – San Jerã³Nimo Xayacatlã¡N
San Jerã³Nimo Xayacatlã¡N,21127,Puebla,2025,0,San Jerã³Nimo Xayacatlã¡N,21127 – San Jerã³Nimo Xayacatlã¡N
San Josã© Chiapa,21128,Puebla,2015,0,San Josã© Chiapa,21128 – San Josã© Chiapa
San Josã© Chiapa,21128,Puebla,2016,0,San Josã© Chiapa,21128 – San Josã© Chiapa
San Josã© Chiapa,21128,Puebla,2017,0,San Josã© Chiapa,21128 – San Josã© Chiapa
San Josã© Chiapa,21128,Puebla,2018,0,San Josã© Chiapa,21128 – San Josã© Chiapa
San Josã© Chiapa,21128,Puebla,2019,0,San Josã© Chiapa,21128 – San Josã© Chiapa
San Josã© Chiapa,21128,Puebla,2020,0,San Josã© Chiapa,21128 – San Josã© Chiapa
San Josã© Chiapa,21128,Puebla,2021,0,San Josã© Chiapa,21128 – San Josã© Chiapa
San Josã© Chiapa,21128,Puebla,2022,0,San Josã© Chiapa,21128 – San Josã© Chiapa
San Josã© Chiapa,21128,Puebla,2023,0,San Josã© Chiapa,21128 – San Josã© Chiapa
San Josã© Chiapa,21128,Puebla,2024,0,San Josã© Chiapa,21128 – San Josã© Chiapa
San Josã© Chiapa,21128,Puebla,2025,0,San Josã© Chiapa,21128 – San Josã© Chiapa
San Josã© Miahuatlã¡N,21129,Puebla,2015,0,San Josã© Miahuatlã¡N,21129 – San Josã© Miahuatlã¡N
San Josã© Miahuatlã¡N,21129,Puebla,2016,0,San Josã© Miahuatlã¡N,21129 – San Josã© Miahuatlã¡N
San Josã© Miahuatlã¡N,21129,Puebla,2017,0,San Josã© Miahuatlã¡N,21129 – San Josã© Miahuatlã¡N
San Josã© Miahuatlã¡N,21129,Puebla,2018,0,San Josã© Miahuatlã¡N,21129 – San Josã© Miahuatlã¡N
San Josã© Miahuatlã¡N,21129,Puebla,2019,0,San Josã© Miahuatlã¡N,21129 – San Josã© Miahuatlã¡N
San Josã© Miahuatlã¡N,21129,Puebla,2020,0,San Josã© Miahuatlã¡N,21129 – San Josã© Miahuatlã¡N
San Josã© Miahuatlã¡N,21129,Puebla,2021,0,San Josã© Miahuatlã¡N,21129 – San Josã© Miahuatlã¡N
San Josã© Miahuatlã¡N,21129,Puebla,2022,0,San Josã© Miahuatlã¡N,21129 – San Josã© Miahuatlã¡N
San Josã© Miahuatlã¡N,21129,Puebla,2023,0,San Josã© Miahuatlã¡N,21129 – San Josã© Miahuatlã¡N
San Josã© Miahuatlã¡N,21129,Puebla,2024,0,San Josã© Miahuatlã¡N,21129 – San Josã© Miahuatlã¡N
San Josã© Miahuatlã¡N,21129,Puebla,2025,0,San Josã© Miahuatlã¡N,21129 – San Josã© Miahuatlã¡N
San Juan Atenco,21130,Puebla,2015,0,San Juan Atenco,21130 – San Juan Atenco
San Juan Atenco,21130,Puebla,2016,0,San Juan Atenco,21130 – San Juan Atenco
San Juan Atenco,21130,Puebla,2017,0,San Juan Atenco,21130 – San Juan Atenco
San Juan Atenco,21130,Puebla,2018,0,San Juan Atenco,21130 – San Juan Atenco
San Juan Atenco,21130,Puebla,2019,0,San Juan Atenco,21130 – San Juan Atenco
San Juan Atenco,21130,Puebla,2020,0,San Juan Atenco,21130 – San Juan Atenco
San Juan Atenco,21130,Puebla,2021,0,San Juan Atenco,21130 – San Juan Atenco
San Juan Atenco,21130,Puebla,2022,0,San Juan Atenco,21130 – San Juan Atenco
San Juan Atenco,21130,Puebla,2023,0,San Juan Atenco,21130 – San Juan Atenco
San Juan Atenco,21130,Puebla,2024,0,San Juan Atenco,21130 – San Juan Atenco
San Juan Atenco,21130,Puebla,2025,0,San Juan Atenco,21130 – San Juan Atenco
San Juan Atzompa,21131,Puebla,2015,0,San Juan Atzompa,21131 – San Juan Atzompa
San Juan Atzompa,21131,Puebla,2016,0,San Juan Atzompa,21131 – San Juan Atzompa
San Juan Atzompa,21131,Puebla,2017,0,San Juan Atzompa,21131 – San Juan Atzompa
San Juan Atzompa,21131,Puebla,2018,0,San Juan Atzompa,21131 – San Juan Atzompa
San Juan Atzompa,21131,Puebla,2019,0,San Juan Atzompa,21131 – San Juan Atzompa
San Juan Atzompa,21131,Puebla,2020,0,San Juan Atzompa,21131 – San Juan Atzompa
San Juan Atzompa,21131,Puebla,2021,0,San Juan Atzompa,21131 – San Juan Atzompa
San Juan Atzompa,21131,Puebla,2022,0,San Juan Atzompa,21131 – San Juan Atzompa
San Juan Atzompa,21131,Puebla,2023,0,San Juan Atzompa,21131 – San Juan Atzompa
San Juan Atzompa,21131,Puebla,2024,0,San Juan Atzompa,21131 – San Juan Atzompa
San Juan Atzompa,21131,Puebla,2025,0,San Juan Atzompa,21131 – San Juan Atzompa
San Martã­n Texmelucan,21132,Puebla,2015,0,San Martã­n Texmelucan,21132 – San Martã­n Texmelucan
San Martã­n Texmelucan,21132,Puebla,2016,1,San Martã­n Texmelucan,21132 – San Martã­n Texmelucan
San Martã­n Texmelucan,21132,Puebla,2017,0,San Martã­n Texmelucan,21132 – San Martã­n Texmelucan
San Martã­n Texmelucan,21132,Puebla,2018,0,San Martã­n Texmelucan,21132 – San Martã­n Texmelucan
San Martã­n Texmelucan,21132,Puebla,2019,2,San Martã­n Texmelucan,21132 – San Martã­n Texmelucan
San Martã­n Texmelucan,21132,Puebla,2020,3,San Martã­n Texmelucan,21132 – San Martã­n Texmelucan
San Martã­n Texmelucan,21132,Puebla,2021,0,San Martã­n Texmelucan,21132 – San Martã­n Texmelucan
San Martã­n Texmelucan,21132,Puebla,2022,0,San Martã­n Texmelucan,21132 – San Martã­n Texmelucan
San Martã­n Texmelucan,21132,Puebla,2023,2,San Martã­n Texmelucan,21132 – San Martã­n Texmelucan
San Martã­n Texmelucan,21132,Puebla,2024,2,San Martã­n Texmelucan,21132 – San Martã­n Texmelucan
San Martã­n Texmelucan,21132,Puebla,2025,0,San Martã­n Texmelucan,21132 – San Martã­n Texmelucan
San Martã­n Totoltepec,21133,Puebla,2015,0,San Martã­n Totoltepec,21133 – San Martã­n Totoltepec
San Martã­n Totoltepec,21133,Puebla,2016,0,San Martã­n Totoltepec,21133 – San Martã­n Totoltepec
San Martã­n Totoltepec,21133,Puebla,2017,0,San Martã­n Totoltepec,21133 – San Martã­n Totoltepec
San Martã­n Totoltepec,21133,Puebla,2018,0,San Martã­n Totoltepec,21133 – San Martã­n Totoltepec
San Martã­n Totoltepec,21133,Puebla,2019,0,San Martã­n Totoltepec,21133 – San Martã­n Totoltepec
San Martã­n Totoltepec,21133,Puebla,2020,0,San Martã­n Totoltepec,21133 – San Martã­n Totoltepec
San Martã­n Totoltepec,21133,Puebla,2021,0,San Martã­n Totoltepec,21133 – San Martã­n Totoltepec
San Martã­n Totoltepec,21133,Puebla,2022,0,San Martã­n Totoltepec,21133 – San Martã­n Totoltepec
San Martã­n Totoltepec,21133,Puebla,2023,1,San Martã­n Totoltepec,21133 – San Martã­n Totoltepec
San Martã­n Totoltepec,21133,Puebla,2024,0,San Martã­n Totoltepec,21133 – San Martã­n Totoltepec
San Martã­n Totoltepec,21133,Puebla,2025,0,San Martã­n Totoltepec,21133 – San Martã­n Totoltepec
San Matã­as Tlalancaleca,21134,Puebla,2015,0,San Matã­as Tlalancaleca,21134 – San Matã­as Tlalancaleca
San Matã­as Tlalancaleca,21134,Puebla,2016,0,San Matã­as Tlalancaleca,21134 – San Matã­as Tlalancaleca
San Matã­as Tlalancaleca,21134,Puebla,2017,0,San Matã­as Tlalancaleca,21134 – San Matã­as Tlalancaleca
San Matã­as Tlalancaleca,21134,Puebla,2018,0,San Matã­as Tlalancaleca,21134 – San Matã­as Tlalancaleca
San Matã­as Tlalancaleca,21134,Puebla,2019,0,San Matã­as Tlalancaleca,21134 – San Matã­as Tlalancaleca
San Matã­as Tlalancaleca,21134,Puebla,2020,0,San Matã­as Tlalancaleca,21134 – San Matã­as Tlalancaleca
San Matã­as Tlalancaleca,21134,Puebla,2021,0,San Matã­as Tlalancaleca,21134 – San Matã­as Tlalancaleca
San Matã­as Tlalancaleca,21134,Puebla,2022,0,San Matã­as Tlalancaleca,21134 – San Matã­as Tlalancaleca
San Matã­as Tlalancaleca,21134,Puebla,2023,0,San Matã­as Tlalancaleca,21134 – San Matã­as Tlalancaleca
San Matã­as Tlalancaleca,21134,Puebla,2024,0,San Matã­as Tlalancaleca,21134 – San Matã­as Tlalancaleca
San Matã­as Tlalancaleca,21134,Puebla,2025,0,San Matã­as Tlalancaleca,21134 – San Matã­as Tlalancaleca
San Miguel Ixitlã¡N,21135,Puebla,2015,0,San Miguel Ixitlã¡N,21135 – San Miguel Ixitlã¡N
San Miguel Ixitlã¡N,21135,Puebla,2016,0,San Miguel Ixitlã¡N,21135 – San Miguel Ixitlã¡N
San Miguel Ixitlã¡N,21135,Puebla,2017,0,San Miguel Ixitlã¡N,21135 – San Miguel Ixitlã¡N
San Miguel Ixitlã¡N,21135,Puebla,2018,0,San Miguel Ixitlã¡N,21135 – San Miguel Ixitlã¡N
San Miguel Ixitlã¡N,21135,Puebla,2019,0,San Miguel Ixitlã¡N,21135 – San Miguel Ixitlã¡N
San Miguel Ixitlã¡N,21135,Puebla,2020,0,San Miguel Ixitlã¡N,21135 – San Miguel Ixitlã¡N
San Miguel Ixitlã¡N,21135,Puebla,2021,0,San Miguel Ixitlã¡N,21135 – San Miguel Ixitlã¡N
San Miguel Ixitlã¡N,21135,Puebla,2022,0,San Miguel Ixitlã¡N,21135 – San Miguel Ixitlã¡N
San Miguel Ixitlã¡N,21135,Puebla,2023,0,San Miguel Ixitlã¡N,21135 – San Miguel Ixitlã¡N
San Miguel Ixitlã¡N,21135,Puebla,2024,0,San Miguel Ixitlã¡N,21135 – San Miguel Ixitlã¡N
San Miguel Ixitlã¡N,21135,Puebla,2025,0,San Miguel Ixitlã¡N,21135 – San Miguel Ixitlã¡N
San Miguel Xoxtla,21136,Puebla,2015,0,San Miguel Xoxtla,21136 – San Miguel Xoxtla
San Miguel Xoxtla,21136,Puebla,2016,0,San Miguel Xoxtla,21136 – San Miguel Xoxtla
San Miguel Xoxtla,21136,Puebla,2017,0,San Miguel Xoxtla,21136 – San Miguel Xoxtla
San Miguel Xoxtla,21136,Puebla,2018,0,San Miguel Xoxtla,21136 – San Miguel Xoxtla
San Miguel Xoxtla,21136,Puebla,2019,0,San Miguel Xoxtla,21136 – San Miguel Xoxtla
San Miguel Xoxtla,21136,Puebla,2020,0,San Miguel Xoxtla,21136 – San Miguel Xoxtla
San Miguel Xoxtla,21136,Puebla,2021,0,San Miguel Xoxtla,21136 – San Miguel Xoxtla
San Miguel Xoxtla,21136,Puebla,2022,0,San Miguel Xoxtla,21136 – San Miguel Xoxtla
San Miguel Xoxtla,21136,Puebla,2023,0,San Miguel Xoxtla,21136 – San Miguel Xoxtla
San Miguel Xoxtla,21136,Puebla,2024,0,San Miguel Xoxtla,21136 – San Miguel Xoxtla
San Miguel Xoxtla,21136,Puebla,2025,0,San Miguel Xoxtla,21136 – San Miguel Xoxtla
San Nicolã¡S Buenos Aires,21137,Puebla,2015,0,San Nicolã¡S Buenos Aires,21137 – San Nicolã¡S Buenos Aires
San Nicolã¡S Buenos Aires,21137,Puebla,2016,0,San Nicolã¡S Buenos Aires,21137 – San Nicolã¡S Buenos Aires
San Nicolã¡S Buenos Aires,21137,Puebla,2017,0,San Nicolã¡S Buenos Aires,21137 – San Nicolã¡S Buenos Aires
San Nicolã¡S Buenos Aires,21137,Puebla,2018,0,San Nicolã¡S Buenos Aires,21137 – San Nicolã¡S Buenos Aires
San Nicolã¡S Buenos Aires,21137,Puebla,2019,0,San Nicolã¡S Buenos Aires,21137 – San Nicolã¡S Buenos Aires
San Nicolã¡S Buenos Aires,21137,Puebla,2020,0,San Nicolã¡S Buenos Aires,21137 – San Nicolã¡S Buenos Aires
San Nicolã¡S Buenos Aires,21137,Puebla,2021,0,San Nicolã¡S Buenos Aires,21137 – San Nicolã¡S Buenos Aires
San Nicolã¡S Buenos Aires,21137,Puebla,2022,0,San Nicolã¡S Buenos Aires,21137 – San Nicolã¡S Buenos Aires
San Nicolã¡S Buenos Aires,21137,Puebla,2023,0,San Nicolã¡S Buenos Aires,21137 – San Nicolã¡S Buenos Aires
San Nicolã¡S Buenos Aires,21137,Puebla,2024,0,San Nicolã¡S Buenos Aires,21137 – San Nicolã¡S Buenos Aires
San Nicolã¡S Buenos Aires,21137,Puebla,2025,0,San Nicolã¡S Buenos Aires,21137 – San Nicolã¡S Buenos Aires
San Nicolã¡S De Los Ranchos,21138,Puebla,2015,0,San Nicolã¡S De Los Ranchos,21138 – San Nicolã¡S De Los Ranchos
San Nicolã¡S De Los Ranchos,21138,Puebla,2016,0,San Nicolã¡S De Los Ranchos,21138 – San Nicolã¡S De Los Ranchos
San Nicolã¡S De Los Ranchos,21138,Puebla,2017,0,San Nicolã¡S De Los Ranchos,21138 – San Nicolã¡S De Los Ranchos
San Nicolã¡S De Los Ranchos,21138,Puebla,2018,0,San Nicolã¡S De Los Ranchos,21138 – San Nicolã¡S De Los Ranchos
San Nicolã¡S De Los Ranchos,21138,Puebla,2019,0,San Nicolã¡S De Los Ranchos,21138 – San Nicolã¡S De Los Ranchos
San Nicolã¡S De Los Ranchos,21138,Puebla,2020,1,San Nicolã¡S De Los Ranchos,21138 – San Nicolã¡S De Los Ranchos
San Nicolã¡S De Los Ranchos,21138,Puebla,2021,0,San Nicolã¡S De Los Ranchos,21138 – San Nicolã¡S De Los Ranchos
San Nicolã¡S De Los Ranchos,21138,Puebla,2022,0,San Nicolã¡S De Los Ranchos,21138 – San Nicolã¡S De Los Ranchos
San Nicolã¡S De Los Ranchos,21138,Puebla,2023,0,San Nicolã¡S De Los Ranchos,21138 – San Nicolã¡S De Los Ranchos
San Nicolã¡S De Los Ranchos,21138,Puebla,2024,0,San Nicolã¡S De Los Ranchos,21138 – San Nicolã¡S De Los Ranchos
San Nicolã¡S De Los Ranchos,21138,Puebla,2025,0,San Nicolã¡S De Los Ranchos,21138 – San Nicolã¡S De Los Ranchos
San Pablo Anicano,21139,Puebla,2015,0,San Pablo Anicano,21139 – San Pablo Anicano
San Pablo Anicano,21139,Puebla,2016,0,San Pablo Anicano,21139 – San Pablo Anicano
San Pablo Anicano,21139,Puebla,2017,0,San Pablo Anicano,21139 – San Pablo Anicano
San Pablo Anicano,21139,Puebla,2018,0,San Pablo Anicano,21139 – San Pablo Anicano
San Pablo Anicano,21139,Puebla,2019,0,San Pablo Anicano,21139 – San Pablo Anicano
San Pablo Anicano,21139,Puebla,2020,0,San Pablo Anicano,21139 – San Pablo Anicano
San Pablo Anicano,21139,Puebla,2021,0,San Pablo Anicano,21139 – San Pablo Anicano
San Pablo Anicano,21139,Puebla,2022,0,San Pablo Anicano,21139 – San Pablo Anicano
San Pablo Anicano,21139,Puebla,2023,0,San Pablo Anicano,21139 – San Pablo Anicano
San Pablo Anicano,21139,Puebla,2024,0,San Pablo Anicano,21139 – San Pablo Anicano
San Pablo Anicano,21139,Puebla,2025,0,San Pablo Anicano,21139 – San Pablo Anicano
San Pedro Cholula,21140,Puebla,2015,0,San Pedro Cholula,21140 – San Pedro Cholula
San Pedro Cholula,21140,Puebla,2016,0,San Pedro Cholula,21140 – San Pedro Cholula
San Pedro Cholula,21140,Puebla,2017,0,San Pedro Cholula,21140 – San Pedro Cholula
San Pedro Cholula,21140,Puebla,2018,1,San Pedro Cholula,21140 – San Pedro Cholula
San Pedro Cholula,21140,Puebla,2019,0,San Pedro Cholula,21140 – San Pedro Cholula
San Pedro Cholula,21140,Puebla,2020,0,San Pedro Cholula,21140 – San Pedro Cholula
San Pedro Cholula,21140,Puebla,2021,1,San Pedro Cholula,21140 – San Pedro Cholula
San Pedro Cholula,21140,Puebla,2022,2,San Pedro Cholula,21140 – San Pedro Cholula
San Pedro Cholula,21140,Puebla,2023,0,San Pedro Cholula,21140 – San Pedro Cholula
San Pedro Cholula,21140,Puebla,2024,1,San Pedro Cholula,21140 – San Pedro Cholula
San Pedro Cholula,21140,Puebla,2025,0,San Pedro Cholula,21140 – San Pedro Cholula
San Pedro Yeloixtlahuaca,21141,Puebla,2015,0,San Pedro Yeloixtlahuaca,21141 – San Pedro Yeloixtlahuaca
San Pedro Yeloixtlahuaca,21141,Puebla,2016,0,San Pedro Yeloixtlahuaca,21141 – San Pedro Yeloixtlahuaca
San Pedro Yeloixtlahuaca,21141,Puebla,2017,0,San Pedro Yeloixtlahuaca,21141 – San Pedro Yeloixtlahuaca
San Pedro Yeloixtlahuaca,21141,Puebla,2018,0,San Pedro Yeloixtlahuaca,21141 – San Pedro Yeloixtlahuaca
San Pedro Yeloixtlahuaca,21141,Puebla,2019,0,San Pedro Yeloixtlahuaca,21141 – San Pedro Yeloixtlahuaca
San Pedro Yeloixtlahuaca,21141,Puebla,2020,0,San Pedro Yeloixtlahuaca,21141 – San Pedro Yeloixtlahuaca
San Pedro Yeloixtlahuaca,21141,Puebla,2021,0,San Pedro Yeloixtlahuaca,21141 – San Pedro Yeloixtlahuaca
San Pedro Yeloixtlahuaca,21141,Puebla,2022,0,San Pedro Yeloixtlahuaca,21141 – San Pedro Yeloixtlahuaca
San Pedro Yeloixtlahuaca,21141,Puebla,2023,0,San Pedro Yeloixtlahuaca,21141 – San Pedro Yeloixtlahuaca
San Pedro Yeloixtlahuaca,21141,Puebla,2024,0,San Pedro Yeloixtlahuaca,21141 – San Pedro Yeloixtlahuaca
San Pedro Yeloixtlahuaca,21141,Puebla,2025,0,San Pedro Yeloixtlahuaca,21141 – San Pedro Yeloixtlahuaca
San Salvador El Seco,21142,Puebla,2015,0,San Salvador El Seco,21142 – San Salvador El Seco
San Salvador El Seco,21142,Puebla,2016,0,San Salvador El Seco,21142 – San Salvador El Seco
San Salvador El Seco,21142,Puebla,2017,0,San Salvador El Seco,21142 – San Salvador El Seco
San Salvador El Seco,21142,Puebla,2018,0,San Salvador El Seco,21142 – San Salvador El Seco
San Salvador El Seco,21142,Puebla,2019,0,San Salvador El Seco,21142 – San Salvador El Seco
San Salvador El Seco,21142,Puebla,2020,0,San Salvador El Seco,21142 – San Salvador El Seco
San Salvador El Seco,21142,Puebla,2021,0,San Salvador El Seco,21142 – San Salvador El Seco
San Salvador El Seco,21142,Puebla,2022,0,San Salvador El Seco,21142 – San Salvador El Seco
San Salvador El Seco,21142,Puebla,2023,0,San Salvador El Seco,21142 – San Salvador El Seco
San Salvador El Seco,21142,Puebla,2024,0,San Salvador El Seco,21142 – San Salvador El Seco
San Salvador El Seco,21142,Puebla,2025,0,San Salvador El Seco,21142 – San Salvador El Seco
San Salvador El Verde,21143,Puebla,2015,0,San Salvador El Verde,21143 – San Salvador El Verde
San Salvador El Verde,21143,Puebla,2016,0,San Salvador El Verde,21143 – San Salvador El Verde
San Salvador El Verde,21143,Puebla,2017,0,San Salvador El Verde,21143 – San Salvador El Verde
San Salvador El Verde,21143,Puebla,2018,0,San Salvador El Verde,21143 – San Salvador El Verde
San Salvador El Verde,21143,Puebla,2019,0,San Salvador El Verde,21143 – San Salvador El Verde
San Salvador El Verde,21143,Puebla,2020,0,San Salvador El Verde,21143 – San Salvador El Verde
San Salvador El Verde,21143,Puebla,2021,0,San Salvador El Verde,21143 – San Salvador El Verde
San Salvador El Verde,21143,Puebla,2022,0,San Salvador El Verde,21143 – San Salvador El Verde
San Salvador El Verde,21143,Puebla,2023,0,San Salvador El Verde,21143 – San Salvador El Verde
San Salvador El Verde,21143,Puebla,2024,0,San Salvador El Verde,21143 – San Salvador El Verde
San Salvador El Verde,21143,Puebla,2025,1,San Salvador El Verde,21143 – San Salvador El Verde
San Salvador Huixcolotla,21144,Puebla,2015,0,San Salvador Huixcolotla,21144 – San Salvador Huixcolotla
San Salvador Huixcolotla,21144,Puebla,2016,0,San Salvador Huixcolotla,21144 – San Salvador Huixcolotla
San Salvador Huixcolotla,21144,Puebla,2017,0,San Salvador Huixcolotla,21144 – San Salvador Huixcolotla
San Salvador Huixcolotla,21144,Puebla,2018,0,San Salvador Huixcolotla,21144 – San Salvador Huixcolotla
San Salvador Huixcolotla,21144,Puebla,2019,0,San Salvador Huixcolotla,21144 – San Salvador Huixcolotla
San Salvador Huixcolotla,21144,Puebla,2020,2,San Salvador Huixcolotla,21144 – San Salvador Huixcolotla
San Salvador Huixcolotla,21144,Puebla,2021,0,San Salvador Huixcolotla,21144 – San Salvador Huixcolotla
San Salvador Huixcolotla,21144,Puebla,2022,0,San Salvador Huixcolotla,21144 – San Salvador Huixcolotla
San Salvador Huixcolotla,21144,Puebla,2023,0,San Salvador Huixcolotla,21144 – San Salvador Huixcolotla
San Salvador Huixcolotla,21144,Puebla,2024,1,San Salvador Huixcolotla,21144 – San Salvador Huixcolotla
San Salvador Huixcolotla,21144,Puebla,2025,0,San Salvador Huixcolotla,21144 – San Salvador Huixcolotla
San Sebastiã¡N Tlacotepec,21145,Puebla,2015,0,San Sebastiã¡N Tlacotepec,21145 – San Sebastiã¡N Tlacotepec
San Sebastiã¡N Tlacotepec,21145,Puebla,2016,0,San Sebastiã¡N Tlacotepec,21145 – San Sebastiã¡N Tlacotepec
San Sebastiã¡N Tlacotepec,21145,Puebla,2017,0,San Sebastiã¡N Tlacotepec,21145 – San Sebastiã¡N Tlacotepec
San Sebastiã¡N Tlacotepec,21145,Puebla,2018,0,San Sebastiã¡N Tlacotepec,21145 – San Sebastiã¡N Tlacotepec
San Sebastiã¡N Tlacotepec,21145,Puebla,2019,0,San Sebastiã¡N Tlacotepec,21145 – San Sebastiã¡N Tlacotepec
San Sebastiã¡N Tlacotepec,21145,Puebla,2020,0,San Sebastiã¡N Tlacotepec,21145 – San Sebastiã¡N Tlacotepec
San Sebastiã¡N Tlacotepec,21145,Puebla,2021,1,San Sebastiã¡N Tlacotepec,21145 – San Sebastiã¡N Tlacotepec
San Sebastiã¡N Tlacotepec,21145,Puebla,2022,0,San Sebastiã¡N Tlacotepec,21145 – San Sebastiã¡N Tlacotepec
San Sebastiã¡N Tlacotepec,21145,Puebla,2023,0,San Sebastiã¡N Tlacotepec,21145 – San Sebastiã¡N Tlacotepec
San Sebastiã¡N Tlacotepec,21145,Puebla,2024,0,San Sebastiã¡N Tlacotepec,21145 – San Sebastiã¡N Tlacotepec
San Sebastiã¡N Tlacotepec,21145,Puebla,2025,0,San Sebastiã¡N Tlacotepec,21145 – San Sebastiã¡N Tlacotepec
Santa Catarina Tlaltempan,21146,Puebla,2015,0,Santa Catarina Tlaltempan,21146 – Santa Catarina Tlaltempan
Santa Catarina Tlaltempan,21146,Puebla,2016,0,Santa Catarina Tlaltempan,21146 – Santa Catarina Tlaltempan
Santa Catarina Tlaltempan,21146,Puebla,2017,0,Santa Catarina Tlaltempan,21146 – Santa Catarina Tlaltempan
Santa Catarina Tlaltempan,21146,Puebla,2018,0,Santa Catarina Tlaltempan,21146 – Santa Catarina Tlaltempan
Santa Catarina Tlaltempan,21146,Puebla,2019,0,Santa Catarina Tlaltempan,21146 – Santa Catarina Tlaltempan
Santa Catarina Tlaltempan,21146,Puebla,2020,0,Santa Catarina Tlaltempan,21146 – Santa Catarina Tlaltempan
Santa Catarina Tlaltempan,21146,Puebla,2021,0,Santa Catarina Tlaltempan,21146 – Santa Catarina Tlaltempan
Santa Catarina Tlaltempan,21146,Puebla,2022,0,Santa Catarina Tlaltempan,21146 – Santa Catarina Tlaltempan
Santa Catarina Tlaltempan,21146,Puebla,2023,0,Santa Catarina Tlaltempan,21146 – Santa Catarina Tlaltempan
Santa Catarina Tlaltempan,21146,Puebla,2024,0,Santa Catarina Tlaltempan,21146 – Santa Catarina Tlaltempan
Santa Catarina Tlaltempan,21146,Puebla,2025,0,Santa Catarina Tlaltempan,21146 – Santa Catarina Tlaltempan
Santa Inã©S Ahuatempan,21147,Puebla,2015,0,Santa Inã©S Ahuatempan,21147 – Santa Inã©S Ahuatempan
Santa Inã©S Ahuatempan,21147,Puebla,2016,0,Santa Inã©S Ahuatempan,21147 – Santa Inã©S Ahuatempan
Santa Inã©S Ahuatempan,21147,Puebla,2017,0,Santa Inã©S Ahuatempan,21147 – Santa Inã©S Ahuatempan
Santa Inã©S Ahuatempan,21147,Puebla,2018,0,Santa Inã©S Ahuatempan,21147 – Santa Inã©S Ahuatempan
Santa Inã©S Ahuatempan,21147,Puebla,2019,0,Santa Inã©S Ahuatempan,21147 – Santa Inã©S Ahuatempan
Santa Inã©S Ahuatempan,21147,Puebla,2020,0,Santa Inã©S Ahuatempan,21147 – Santa Inã©S Ahuatempan
Santa Inã©S Ahuatempan,21147,Puebla,2021,0,Santa Inã©S Ahuatempan,21147 – Santa Inã©S Ahuatempan
Santa Inã©S Ahuatempan,21147,Puebla,2022,0,Santa Inã©S Ahuatempan,21147 – Santa Inã©S Ahuatempan
Santa Inã©S Ahuatempan,21147,Puebla,2023,0,Santa Inã©S Ahuatempan,21147 – Santa Inã©S Ahuatempan
Santa Inã©S Ahuatempan,21147,Puebla,2024,0,Santa Inã©S Ahuatempan,21147 – Santa Inã©S Ahuatempan
Santa Inã©S Ahuatempan,21147,Puebla,2025,0,Santa Inã©S Ahuatempan,21147 – Santa Inã©S Ahuatempan
Santa Isabel Cholula,21148,Puebla,2015,0,Santa Isabel Cholula,21148 – Santa Isabel Cholula
Santa Isabel Cholula,21148,Puebla,2016,0,Santa Isabel Cholula,21148 – Santa Isabel Cholula
Santa Isabel Cholula,21148,Puebla,2017,0,Santa Isabel Cholula,21148 – Santa Isabel Cholula
Santa Isabel Cholula,21148,Puebla,2018,0,Santa Isabel Cholula,21148 – Santa Isabel Cholula
Santa Isabel Cholula,21148,Puebla,2019,0,Santa Isabel Cholula,21148 – Santa Isabel Cholula
Santa Isabel Cholula,21148,Puebla,2020,0,Santa Isabel Cholula,21148 – Santa Isabel Cholula
Santa Isabel Cholula,21148,Puebla,2021,0,Santa Isabel Cholula,21148 – Santa Isabel Cholula
Santa Isabel Cholula,21148,Puebla,2022,0,Santa Isabel Cholula,21148 – Santa Isabel Cholula
Santa Isabel Cholula,21148,Puebla,2023,0,Santa Isabel Cholula,21148 – Santa Isabel Cholula
Santa Isabel Cholula,21148,Puebla,2024,0,Santa Isabel Cholula,21148 – Santa Isabel Cholula
Santa Isabel Cholula,21148,Puebla,2025,0,Santa Isabel Cholula,21148 – Santa Isabel Cholula
Santiago Miahuatlã¡N,21149,Puebla,2015,0,Santiago Miahuatlã¡N,21149 – Santiago Miahuatlã¡N
Santiago Miahuatlã¡N,21149,Puebla,2016,0,Santiago Miahuatlã¡N,21149 – Santiago Miahuatlã¡N
Santiago Miahuatlã¡N,21149,Puebla,2017,0,Santiago Miahuatlã¡N,21149 – Santiago Miahuatlã¡N
Santiago Miahuatlã¡N,21149,Puebla,2018,0,Santiago Miahuatlã¡N,21149 – Santiago Miahuatlã¡N
Santiago Miahuatlã¡N,21149,Puebla,2019,1,Santiago Miahuatlã¡N,21149 – Santiago Miahuatlã¡N
Santiago Miahuatlã¡N,21149,Puebla,2020,0,Santiago Miahuatlã¡N,21149 – Santiago Miahuatlã¡N
Santiago Miahuatlã¡N,21149,Puebla,2021,0,Santiago Miahuatlã¡N,21149 – Santiago Miahuatlã¡N
Santiago Miahuatlã¡N,21149,Puebla,2022,0,Santiago Miahuatlã¡N,21149 – Santiago Miahuatlã¡N
Santiago Miahuatlã¡N,21149,Puebla,2023,0,Santiago Miahuatlã¡N,21149 – Santiago Miahuatlã¡N
Santiago Miahuatlã¡N,21149,Puebla,2024,0,Santiago Miahuatlã¡N,21149 – Santiago Miahuatlã¡N
Santiago Miahuatlã¡N,21149,Puebla,2025,0,Santiago Miahuatlã¡N,21149 – Santiago Miahuatlã¡N
Huehuetlã¡N El Grande,21150,Puebla,2015,0,Huehuetlã¡N El Grande,21150 – Huehuetlã¡N El Grande
Huehuetlã¡N El Grande,21150,Puebla,2016,0,Huehuetlã¡N El Grande,21150 – Huehuetlã¡N El Grande
Huehuetlã¡N El Grande,21150,Puebla,2017,0,Huehuetlã¡N El Grande,21150 – Huehuetlã¡N El Grande
Huehuetlã¡N El Grande,21150,Puebla,2018,0,Huehuetlã¡N El Grande,21150 – Huehuetlã¡N El Grande
Huehuetlã¡N El Grande,21150,Puebla,2019,0,Huehuetlã¡N El Grande,21150 – Huehuetlã¡N El Grande
Huehuetlã¡N El Grande,21150,Puebla,2020,0,Huehuetlã¡N El Grande,21150 – Huehuetlã¡N El Grande
Huehuetlã¡N El Grande,21150,Puebla,2021,0,Huehuetlã¡N El Grande,21150 – Huehuetlã¡N El Grande
Huehuetlã¡N El Grande,21150,Puebla,2022,0,Huehuetlã¡N El Grande,21150 – Huehuetlã¡N El Grande
Huehuetlã¡N El Grande,21150,Puebla,2023,0,Huehuetlã¡N El Grande,21150 – Huehuetlã¡N El Grande
Huehuetlã¡N El Grande,21150,Puebla,2024,0,Huehuetlã¡N El Grande,21150 – Huehuetlã¡N El Grande
Huehuetlã¡N El Grande,21150,Puebla,2025,0,Huehuetlã¡N El Grande,21150 – Huehuetlã¡N El Grande
Santo Tomã¡S Hueyotlipan,21151,Puebla,2015,0,Santo Tomã¡S Hueyotlipan,21151 – Santo Tomã¡S Hueyotlipan
Santo Tomã¡S Hueyotlipan,21151,Puebla,2016,0,Santo Tomã¡S Hueyotlipan,21151 – Santo Tomã¡S Hueyotlipan
Santo Tomã¡S Hueyotlipan,21151,Puebla,2017,0,Santo Tomã¡S Hueyotlipan,21151 – Santo Tomã¡S Hueyotlipan
Santo Tomã¡S Hueyotlipan,21151,Puebla,2018,0,Santo Tomã¡S Hueyotlipan,21151 – Santo Tomã¡S Hueyotlipan
Santo Tomã¡S Hueyotlipan,21151,Puebla,2019,0,Santo Tomã¡S Hueyotlipan,21151 – Santo Tomã¡S Hueyotlipan
Santo Tomã¡S Hueyotlipan,21151,Puebla,2020,0,Santo Tomã¡S Hueyotlipan,21151 – Santo Tomã¡S Hueyotlipan
Santo Tomã¡S Hueyotlipan,21151,Puebla,2021,0,Santo Tomã¡S Hueyotlipan,21151 – Santo Tomã¡S Hueyotlipan
Santo Tomã¡S Hueyotlipan,21151,Puebla,2022,0,Santo Tomã¡S Hueyotlipan,21151 – Santo Tomã¡S Hueyotlipan
Santo Tomã¡S Hueyotlipan,21151,Puebla,2023,0,Santo Tomã¡S Hueyotlipan,21151 – Santo Tomã¡S Hueyotlipan
Santo Tomã¡S Hueyotlipan,21151,Puebla,2024,0,Santo Tomã¡S Hueyotlipan,21151 – Santo Tomã¡S Hueyotlipan
Santo Tomã¡S Hueyotlipan,21151,Puebla,2025,0,Santo Tomã¡S Hueyotlipan,21151 – Santo Tomã¡S Hueyotlipan
Soltepec,21152,Puebla,2015,0,Soltepec,21152 – Soltepec
Soltepec,21152,Puebla,2016,0,Soltepec,21152 – Soltepec
Soltepec,21152,Puebla,2017,0,Soltepec,21152 – Soltepec
Soltepec,21152,Puebla,2018,0,Soltepec,21152 – Soltepec
Soltepec,21152,Puebla,2019,0,Soltepec,21152 – Soltepec
Soltepec,21152,Puebla,2020,0,Soltepec,21152 – Soltepec
Soltepec,21152,Puebla,2021,0,Soltepec,21152 – Soltepec
Soltepec,21152,Puebla,2022,0,Soltepec,21152 – Soltepec
Soltepec,21152,Puebla,2023,0,Soltepec,21152 – Soltepec
Soltepec,21152,Puebla,2024,1,Soltepec,21152 – Soltepec
Soltepec,21152,Puebla,2025,0,Soltepec,21152 – Soltepec
Tecali De Herrera,21153,Puebla,2015,0,Tecali De Herrera,21153 – Tecali De Herrera
Tecali De Herrera,21153,Puebla,2016,0,Tecali De Herrera,21153 – Tecali De Herrera
Tecali De Herrera,21153,Puebla,2017,0,Tecali De Herrera,21153 – Tecali De Herrera
Tecali De Herrera,21153,Puebla,2018,1,Tecali De Herrera,21153 – Tecali De Herrera
Tecali De Herrera,21153,Puebla,2019,0,Tecali De Herrera,21153 – Tecali De Herrera
Tecali De Herrera,21153,Puebla,2020,1,Tecali De Herrera,21153 – Tecali De Herrera
Tecali De Herrera,21153,Puebla,2021,0,Tecali De Herrera,21153 – Tecali De Herrera
Tecali De Herrera,21153,Puebla,2022,0,Tecali De Herrera,21153 – Tecali De Herrera
Tecali De Herrera,21153,Puebla,2023,0,Tecali De Herrera,21153 – Tecali De Herrera
Tecali De Herrera,21153,Puebla,2024,0,Tecali De Herrera,21153 – Tecali De Herrera
Tecali De Herrera,21153,Puebla,2025,0,Tecali De Herrera,21153 – Tecali De Herrera
Tecamachalco,21154,Puebla,2015,0,Tecamachalco,21154 – Tecamachalco
Tecamachalco,21154,Puebla,2016,0,Tecamachalco,21154 – Tecamachalco
Tecamachalco,21154,Puebla,2017,0,Tecamachalco,21154 – Tecamachalco
Tecamachalco,21154,Puebla,2018,1,Tecamachalco,21154 – Tecamachalco
Tecamachalco,21154,Puebla,2019,3,Tecamachalco,21154 – Tecamachalco
Tecamachalco,21154,Puebla,2020,0,Tecamachalco,21154 – Tecamachalco
Tecamachalco,21154,Puebla,2021,3,Tecamachalco,21154 – Tecamachalco
Tecamachalco,21154,Puebla,2022,0,Tecamachalco,21154 – Tecamachalco
Tecamachalco,21154,Puebla,2023,0,Tecamachalco,21154 – Tecamachalco
Tecamachalco,21154,Puebla,2024,0,Tecamachalco,21154 – Tecamachalco
Tecamachalco,21154,Puebla,2025,0,Tecamachalco,21154 – Tecamachalco
Tecomatlã¡N,21155,Puebla,2015,0,Tecomatlã¡N,21155 – Tecomatlã¡N
Tecomatlã¡N,21155,Puebla,2016,0,Tecomatlã¡N,21155 – Tecomatlã¡N
Tecomatlã¡N,21155,Puebla,2017,0,Tecomatlã¡N,21155 – Tecomatlã¡N
Tecomatlã¡N,21155,Puebla,2018,0,Tecomatlã¡N,21155 – Tecomatlã¡N
Tecomatlã¡N,21155,Puebla,2019,0,Tecomatlã¡N,21155 – Tecomatlã¡N
Tecomatlã¡N,21155,Puebla,2020,0,Tecomatlã¡N,21155 – Tecomatlã¡N
Tecomatlã¡N,21155,Puebla,2021,0,Tecomatlã¡N,21155 – Tecomatlã¡N
Tecomatlã¡N,21155,Puebla,2022,0,Tecomatlã¡N,21155 – Tecomatlã¡N
Tecomatlã¡N,21155,Puebla,2023,0,Tecomatlã¡N,21155 – Tecomatlã¡N
Tecomatlã¡N,21155,Puebla,2024,0,Tecomatlã¡N,21155 – Tecomatlã¡N
Tecomatlã¡N,21155,Puebla,2025,0,Tecomatlã¡N,21155 – Tecomatlã¡N
Tehuacã¡N,21156,Puebla,2015,0,Tehuacã¡N,21156 – Tehuacã¡N
Tehuacã¡N,21156,Puebla,2016,0,Tehuacã¡N,21156 – Tehuacã¡N
Tehuacã¡N,21156,Puebla,2017,4,Tehuacã¡N,21156 – Tehuacã¡N
Tehuacã¡N,21156,Puebla,2018,4,Tehuacã¡N,21156 – Tehuacã¡N
Tehuacã¡N,21156,Puebla,2019,1,Tehuacã¡N,21156 – Tehuacã¡N
Tehuacã¡N,21156,Puebla,2020,1,Tehuacã¡N,21156 – Tehuacã¡N
Tehuacã¡N,21156,Puebla,2021,0,Tehuacã¡N,21156 – Tehuacã¡N
Tehuacã¡N,21156,Puebla,2022,0,Tehuacã¡N,21156 – Tehuacã¡N
Tehuacã¡N,21156,Puebla,2023,0,Tehuacã¡N,21156 – Tehuacã¡N
Tehuacã¡N,21156,Puebla,2024,2,Tehuacã¡N,21156 – Tehuacã¡N
Tehuacã¡N,21156,Puebla,2025,1,Tehuacã¡N,21156 – Tehuacã¡N
Tehuitzingo,21157,Puebla,2015,0,Tehuitzingo,21157 – Tehuitzingo
Tehuitzingo,21157,Puebla,2016,0,Tehuitzingo,21157 – Tehuitzingo
Tehuitzingo,21157,Puebla,2017,0,Tehuitzingo,21157 – Tehuitzingo
Tehuitzingo,21157,Puebla,2018,1,Tehuitzingo,21157 – Tehuitzingo
Tehuitzingo,21157,Puebla,2019,1,Tehuitzingo,21157 – Tehuitzingo
Tehuitzingo,21157,Puebla,2020,0,Tehuitzingo,21157 – Tehuitzingo
Tehuitzingo,21157,Puebla,2021,0,Tehuitzingo,21157 – Tehuitzingo
Tehuitzingo,21157,Puebla,2022,0,Tehuitzingo,21157 – Tehuitzingo
Tehuitzingo,21157,Puebla,2023,0,Tehuitzingo,21157 – Tehuitzingo
Tehuitzingo,21157,Puebla,2024,0,Tehuitzingo,21157 – Tehuitzingo
Tehuitzingo,21157,Puebla,2025,0,Tehuitzingo,21157 – Tehuitzingo
Tenampulco,21158,Puebla,2015,0,Tenampulco,21158 – Tenampulco
Tenampulco,21158,Puebla,2016,0,Tenampulco,21158 – Tenampulco
Tenampulco,21158,Puebla,2017,0,Tenampulco,21158 – Tenampulco
Tenampulco,21158,Puebla,2018,0,Tenampulco,21158 – Tenampulco
Tenampulco,21158,Puebla,2019,0,Tenampulco,21158 – Tenampulco
Tenampulco,21158,Puebla,2020,0,Tenampulco,21158 – Tenampulco
Tenampulco,21158,Puebla,2021,0,Tenampulco,21158 – Tenampulco
Tenampulco,21158,Puebla,2022,0,Tenampulco,21158 – Tenampulco
Tenampulco,21158,Puebla,2023,0,Tenampulco,21158 – Tenampulco
Tenampulco,21158,Puebla,2024,0,Tenampulco,21158 – Tenampulco
Tenampulco,21158,Puebla,2025,0,Tenampulco,21158 – Tenampulco
Teopantlã¡N,21159,Puebla,2015,0,Teopantlã¡N,21159 – Teopantlã¡N
Teopantlã¡N,21159,Puebla,2016,0,Teopantlã¡N,21159 – Teopantlã¡N
Teopantlã¡N,21159,Puebla,2017,0,Teopantlã¡N,21159 – Teopantlã¡N
Teopantlã¡N,21159,Puebla,2018,0,Teopantlã¡N,21159 – Teopantlã¡N
Teopantlã¡N,21159,Puebla,2019,0,Teopantlã¡N,21159 – Teopantlã¡N
Teopantlã¡N,21159,Puebla,2020,0,Teopantlã¡N,21159 – Teopantlã¡N
Teopantlã¡N,21159,Puebla,2021,0,Teopantlã¡N,21159 – Teopantlã¡N
Teopantlã¡N,21159,Puebla,2022,0,Teopantlã¡N,21159 – Teopantlã¡N
Teopantlã¡N,21159,Puebla,2023,0,Teopantlã¡N,21159 – Teopantlã¡N
Teopantlã¡N,21159,Puebla,2024,0,Teopantlã¡N,21159 – Teopantlã¡N
Teopantlã¡N,21159,Puebla,2025,0,Teopantlã¡N,21159 – Teopantlã¡N
Teotlalco,21160,Puebla,2015,0,Teotlalco,21160 – Teotlalco
Teotlalco,21160,Puebla,2016,0,Teotlalco,21160 – Teotlalco
Teotlalco,21160,Puebla,2017,0,Teotlalco,21160 – Teotlalco
Teotlalco,21160,Puebla,2018,0,Teotlalco,21160 – Teotlalco
Teotlalco,21160,Puebla,2019,0,Teotlalco,21160 – Teotlalco
Teotlalco,21160,Puebla,2020,0,Teotlalco,21160 – Teotlalco
Teotlalco,21160,Puebla,2021,0,Teotlalco,21160 – Teotlalco
Teotlalco,21160,Puebla,2022,0,Teotlalco,21160 – Teotlalco
Teotlalco,21160,Puebla,2023,0,Teotlalco,21160 – Teotlalco
Teotlalco,21160,Puebla,2024,0,Teotlalco,21160 – Teotlalco
Teotlalco,21160,Puebla,2025,0,Teotlalco,21160 – Teotlalco
Tepanco De Lã³Pez,21161,Puebla,2015,0,Tepanco De Lã³Pez,21161 – Tepanco De Lã³Pez
Tepanco De Lã³Pez,21161,Puebla,2016,0,Tepanco De Lã³Pez,21161 – Tepanco De Lã³Pez
Tepanco De Lã³Pez,21161,Puebla,2017,0,Tepanco De Lã³Pez,21161 – Tepanco De Lã³Pez
Tepanco De Lã³Pez,21161,Puebla,2018,0,Tepanco De Lã³Pez,21161 – Tepanco De Lã³Pez
Tepanco De Lã³Pez,21161,Puebla,2019,0,Tepanco De Lã³Pez,21161 – Tepanco De Lã³Pez
Tepanco De Lã³Pez,21161,Puebla,2020,0,Tepanco De Lã³Pez,21161 – Tepanco De Lã³Pez
Tepanco De Lã³Pez,21161,Puebla,2021,0,Tepanco De Lã³Pez,21161 – Tepanco De Lã³Pez
Tepanco De Lã³Pez,21161,Puebla,2022,0,Tepanco De Lã³Pez,21161 – Tepanco De Lã³Pez
Tepanco De Lã³Pez,21161,Puebla,2023,0,Tepanco De Lã³Pez,21161 – Tepanco De Lã³Pez
Tepanco De Lã³Pez,21161,Puebla,2024,0,Tepanco De Lã³Pez,21161 – Tepanco De Lã³Pez
Tepanco De Lã³Pez,21161,Puebla,2025,0,Tepanco De Lã³Pez,21161 – Tepanco De Lã³Pez
Tepango De Rodrã­guez,21162,Puebla,2015,0,Tepango De Rodrã­guez,21162 – Tepango De Rodrã­guez
Tepango De Rodrã­guez,21162,Puebla,2016,0,Tepango De Rodrã­guez,21162 – Tepango De Rodrã­guez
Tepango De Rodrã­guez,21162,Puebla,2017,0,Tepango De Rodrã­guez,21162 – Tepango De Rodrã­guez
Tepango De Rodrã­guez,21162,Puebla,2018,0,Tepango De Rodrã­guez,21162 – Tepango De Rodrã­guez
Tepango De Rodrã­guez,21162,Puebla,2019,0,Tepango De Rodrã­guez,21162 – Tepango De Rodrã­guez
Tepango De Rodrã­guez,21162,Puebla,2020,0,Tepango De Rodrã­guez,21162 – Tepango De Rodrã­guez
Tepango De Rodrã­guez,21162,Puebla,2021,0,Tepango De Rodrã­guez,21162 – Tepango De Rodrã­guez
Tepango De Rodrã­guez,21162,Puebla,2022,0,Tepango De Rodrã­guez,21162 – Tepango De Rodrã­guez
Tepango De Rodrã­guez,21162,Puebla,2023,0,Tepango De Rodrã­guez,21162 – Tepango De Rodrã­guez
Tepango De Rodrã­guez,21162,Puebla,2024,0,Tepango De Rodrã­guez,21162 – Tepango De Rodrã­guez
Tepango De Rodrã­guez,21162,Puebla,2025,0,Tepango De Rodrã­guez,21162 – Tepango De Rodrã­guez
Tepatlaxco De Hidalgo,21163,Puebla,2015,0,Tepatlaxco De Hidalgo,21163 – Tepatlaxco De Hidalgo
Tepatlaxco De Hidalgo,21163,Puebla,2016,0,Tepatlaxco De Hidalgo,21163 – Tepatlaxco De Hidalgo
Tepatlaxco De Hidalgo,21163,Puebla,2017,0,Tepatlaxco De Hidalgo,21163 – Tepatlaxco De Hidalgo
Tepatlaxco De Hidalgo,21163,Puebla,2018,0,Tepatlaxco De Hidalgo,21163 – Tepatlaxco De Hidalgo
Tepatlaxco De Hidalgo,21163,Puebla,2019,0,Tepatlaxco De Hidalgo,21163 – Tepatlaxco De Hidalgo
Tepatlaxco De Hidalgo,21163,Puebla,2020,0,Tepatlaxco De Hidalgo,21163 – Tepatlaxco De Hidalgo
Tepatlaxco De Hidalgo,21163,Puebla,2021,0,Tepatlaxco De Hidalgo,21163 – Tepatlaxco De Hidalgo
Tepatlaxco De Hidalgo,21163,Puebla,2022,0,Tepatlaxco De Hidalgo,21163 – Tepatlaxco De Hidalgo
Tepatlaxco De Hidalgo,21163,Puebla,2023,0,Tepatlaxco De Hidalgo,21163 – Tepatlaxco De Hidalgo
Tepatlaxco De Hidalgo,21163,Puebla,2024,0,Tepatlaxco De Hidalgo,21163 – Tepatlaxco De Hidalgo
Tepatlaxco De Hidalgo,21163,Puebla,2025,0,Tepatlaxco De Hidalgo,21163 – Tepatlaxco De Hidalgo
Tepeaca,21164,Puebla,2015,0,Tepeaca,21164 – Tepeaca
Tepeaca,21164,Puebla,2016,1,Tepeaca,21164 – Tepeaca
Tepeaca,21164,Puebla,2017,1,Tepeaca,21164 – Tepeaca
Tepeaca,21164,Puebla,2018,2,Tepeaca,21164 – Tepeaca
Tepeaca,21164,Puebla,2019,1,Tepeaca,21164 – Tepeaca
Tepeaca,21164,Puebla,2020,0,Tepeaca,21164 – Tepeaca
Tepeaca,21164,Puebla,2021,1,Tepeaca,21164 – Tepeaca
Tepeaca,21164,Puebla,2022,0,Tepeaca,21164 – Tepeaca
Tepeaca,21164,Puebla,2023,0,Tepeaca,21164 – Tepeaca
Tepeaca,21164,Puebla,2024,0,Tepeaca,21164 – Tepeaca
Tepeaca,21164,Puebla,2025,0,Tepeaca,21164 – Tepeaca
Tepemaxalco,21165,Puebla,2015,0,Tepemaxalco,21165 – Tepemaxalco
Tepemaxalco,21165,Puebla,2016,0,Tepemaxalco,21165 – Tepemaxalco
Tepemaxalco,21165,Puebla,2017,0,Tepemaxalco,21165 – Tepemaxalco
Tepemaxalco,21165,Puebla,2018,0,Tepemaxalco,21165 – Tepemaxalco
Tepemaxalco,21165,Puebla,2019,0,Tepemaxalco,21165 – Tepemaxalco
Tepemaxalco,21165,Puebla,2020,0,Tepemaxalco,21165 – Tepemaxalco
Tepemaxalco,21165,Puebla,2021,0,Tepemaxalco,21165 – Tepemaxalco
Tepemaxalco,21165,Puebla,2022,0,Tepemaxalco,21165 – Tepemaxalco
Tepemaxalco,21165,Puebla,2023,0,Tepemaxalco,21165 – Tepemaxalco
Tepemaxalco,21165,Puebla,2024,0,Tepemaxalco,21165 – Tepemaxalco
Tepemaxalco,21165,Puebla,2025,0,Tepemaxalco,21165 – Tepemaxalco
Tepeojuma,21166,Puebla,2015,0,Tepeojuma,21166 – Tepeojuma
Tepeojuma,21166,Puebla,2016,0,Tepeojuma,21166 – Tepeojuma
Tepeojuma,21166,Puebla,2017,0,Tepeojuma,21166 – Tepeojuma
Tepeojuma,21166,Puebla,2018,0,Tepeojuma,21166 – Tepeojuma
Tepeojuma,21166,Puebla,2019,0,Tepeojuma,21166 – Tepeojuma
Tepeojuma,21166,Puebla,2020,0,Tepeojuma,21166 – Tepeojuma
Tepeojuma,21166,Puebla,2021,0,Tepeojuma,21166 – Tepeojuma
Tepeojuma,21166,Puebla,2022,0,Tepeojuma,21166 – Tepeojuma
Tepeojuma,21166,Puebla,2023,0,Tepeojuma,21166 – Tepeojuma
Tepeojuma,21166,Puebla,2024,0,Tepeojuma,21166 – Tepeojuma
Tepeojuma,21166,Puebla,2025,0,Tepeojuma,21166 – Tepeojuma
Tepetzintla,21167,Puebla,2015,0,Tepetzintla,21167 – Tepetzintla
Tepetzintla,21167,Puebla,2016,0,Tepetzintla,21167 – Tepetzintla
Tepetzintla,21167,Puebla,2017,0,Tepetzintla,21167 – Tepetzintla
Tepetzintla,21167,Puebla,2018,0,Tepetzintla,21167 – Tepetzintla
Tepetzintla,21167,Puebla,2019,0,Tepetzintla,21167 – Tepetzintla
Tepetzintla,21167,Puebla,2020,0,Tepetzintla,21167 – Tepetzintla
Tepetzintla,21167,Puebla,2021,1,Tepetzintla,21167 – Tepetzintla
Tepetzintla,21167,Puebla,2022,0,Tepetzintla,21167 – Tepetzintla
Tepetzintla,21167,Puebla,2023,0,Tepetzintla,21167 – Tepetzintla
Tepetzintla,21167,Puebla,2024,1,Tepetzintla,21167 – Tepetzintla
Tepetzintla,21167,Puebla,2025,0,Tepetzintla,21167 – Tepetzintla
Tepexco,21168,Puebla,2015,0,Tepexco,21168 – Tepexco
Tepexco,21168,Puebla,2016,0,Tepexco,21168 – Tepexco
Tepexco,21168,Puebla,2017,0,Tepexco,21168 – Tepexco
Tepexco,21168,Puebla,2018,0,Tepexco,21168 – Tepexco
Tepexco,21168,Puebla,2019,0,Tepexco,21168 – Tepexco
Tepexco,21168,Puebla,2020,0,Tepexco,21168 – Tepexco
Tepexco,21168,Puebla,2021,1,Tepexco,21168 – Tepexco
Tepexco,21168,Puebla,2022,0,Tepexco,21168 – Tepexco
Tepexco,21168,Puebla,2023,0,Tepexco,21168 – Tepexco
Tepexco,21168,Puebla,2024,0,Tepexco,21168 – Tepexco
Tepexco,21168,Puebla,2025,0,Tepexco,21168 – Tepexco
Tepexi De Rodrã­guez,21169,Puebla,2015,0,Tepexi De Rodrã­guez,21169 – Tepexi De Rodrã­guez
Tepexi De Rodrã­guez,21169,Puebla,2016,0,Tepexi De Rodrã­guez,21169 – Tepexi De Rodrã­guez
Tepexi De Rodrã­guez,21169,Puebla,2017,1,Tepexi De Rodrã­guez,21169 – Tepexi De Rodrã­guez
Tepexi De Rodrã­guez,21169,Puebla,2018,0,Tepexi De Rodrã­guez,21169 – Tepexi De Rodrã­guez
Tepexi De Rodrã­guez,21169,Puebla,2019,0,Tepexi De Rodrã­guez,21169 – Tepexi De Rodrã­guez
Tepexi De Rodrã­guez,21169,Puebla,2020,0,Tepexi De Rodrã­guez,21169 – Tepexi De Rodrã­guez
Tepexi De Rodrã­guez,21169,Puebla,2021,0,Tepexi De Rodrã­guez,21169 – Tepexi De Rodrã­guez
Tepexi De Rodrã­guez,21169,Puebla,2022,0,Tepexi De Rodrã­guez,21169 – Tepexi De Rodrã­guez
Tepexi De Rodrã­guez,21169,Puebla,2023,0,Tepexi De Rodrã­guez,21169 – Tepexi De Rodrã­guez
Tepexi De Rodrã­guez,21169,Puebla,2024,0,Tepexi De Rodrã­guez,21169 – Tepexi De Rodrã­guez
Tepexi De Rodrã­guez,21169,Puebla,2025,0,Tepexi De Rodrã­guez,21169 – Tepexi De Rodrã­guez
Tepeyahualco,21170,Puebla,2015,0,Tepeyahualco,21170 – Tepeyahualco
Tepeyahualco,21170,Puebla,2016,0,Tepeyahualco,21170 – Tepeyahualco
Tepeyahualco,21170,Puebla,2017,0,Tepeyahualco,21170 – Tepeyahualco
Tepeyahualco,21170,Puebla,2018,0,Tepeyahualco,21170 – Tepeyahualco
Tepeyahualco,21170,Puebla,2019,0,Tepeyahualco,21170 – Tepeyahualco
Tepeyahualco,21170,Puebla,2020,0,Tepeyahualco,21170 – Tepeyahualco
Tepeyahualco,21170,Puebla,2021,0,Tepeyahualco,21170 – Tepeyahualco
Tepeyahualco,21170,Puebla,2022,0,Tepeyahualco,21170 – Tepeyahualco
Tepeyahualco,21170,Puebla,2023,0,Tepeyahualco,21170 – Tepeyahualco
Tepeyahualco,21170,Puebla,2024,0,Tepeyahualco,21170 – Tepeyahualco
Tepeyahualco,21170,Puebla,2025,0,Tepeyahualco,21170 – Tepeyahualco
Tepeyahualco De Cuauhtã©Moc,21171,Puebla,2015,0,Tepeyahualco De Cuauhtã©Moc,21171 – Tepeyahualco De Cuauhtã©Moc
Tepeyahualco De Cuauhtã©Moc,21171,Puebla,2016,0,Tepeyahualco De Cuauhtã©Moc,21171 – Tepeyahualco De Cuauhtã©Moc
Tepeyahualco De Cuauhtã©Moc,21171,Puebla,2017,0,Tepeyahualco De Cuauhtã©Moc,21171 – Tepeyahualco De Cuauhtã©Moc
Tepeyahualco De Cuauhtã©Moc,21171,Puebla,2018,0,Tepeyahualco De Cuauhtã©Moc,21171 – Tepeyahualco De Cuauhtã©Moc
Tepeyahualco De Cuauhtã©Moc,21171,Puebla,2019,0,Tepeyahualco De Cuauhtã©Moc,21171 – Tepeyahualco De Cuauhtã©Moc
Tepeyahualco De Cuauhtã©Moc,21171,Puebla,2020,0,Tepeyahualco De Cuauhtã©Moc,21171 – Tepeyahualco De Cuauhtã©Moc
Tepeyahualco De Cuauhtã©Moc,21171,Puebla,2021,0,Tepeyahualco De Cuauhtã©Moc,21171 – Tepeyahualco De Cuauhtã©Moc
Tepeyahualco De Cuauhtã©Moc,21171,Puebla,2022,0,Tepeyahualco De Cuauhtã©Moc,21171 – Tepeyahualco De Cuauhtã©Moc
Tepeyahualco De Cuauhtã©Moc,21171,Puebla,2023,0,Tepeyahualco De Cuauhtã©Moc,21171 – Tepeyahualco De Cuauhtã©Moc
Tepeyahualco De Cuauhtã©Moc,21171,Puebla,2024,0,Tepeyahualco De Cuauhtã©Moc,21171 – Tepeyahualco De Cuauhtã©Moc
Tepeyahualco De Cuauhtã©Moc,21171,Puebla,2025,0,Tepeyahualco De Cuauhtã©Moc,21171 – Tepeyahualco De Cuauhtã©Moc
Tetela De Ocampo,21172,Puebla,2015,0,Tetela De Ocampo,21172 – Tetela De Ocampo
Tetela De Ocampo,21172,Puebla,2016,0,Tetela De Ocampo,21172 – Tetela De Ocampo
Tetela De Ocampo,21172,Puebla,2017,0,Tetela De Ocampo,21172 – Tetela De Ocampo
Tetela De Ocampo,21172,Puebla,2018,0,Tetela De Ocampo,21172 – Tetela De Ocampo
Tetela De Ocampo,21172,Puebla,2019,0,Tetela De Ocampo,21172 – Tetela De Ocampo
Tetela De Ocampo,21172,Puebla,2020,0,Tetela De Ocampo,21172 – Tetela De Ocampo
Tetela De Ocampo,21172,Puebla,2021,0,Tetela De Ocampo,21172 – Tetela De Ocampo
Tetela De Ocampo,21172,Puebla,2022,1,Tetela De Ocampo,21172 – Tetela De Ocampo
Tetela De Ocampo,21172,Puebla,2023,0,Tetela De Ocampo,21172 – Tetela De Ocampo
Tetela De Ocampo,21172,Puebla,2024,1,Tetela De Ocampo,21172 – Tetela De Ocampo
Tetela De Ocampo,21172,Puebla,2025,0,Tetela De Ocampo,21172 – Tetela De Ocampo
Teteles De Avila Castillo,21173,Puebla,2015,0,Teteles De Avila Castillo,21173 – Teteles De Avila Castillo
Teteles De Avila Castillo,21173,Puebla,2016,0,Teteles De Avila Castillo,21173 – Teteles De Avila Castillo
Teteles De Avila Castillo,21173,Puebla,2017,0,Teteles De Avila Castillo,21173 – Teteles De Avila Castillo
Teteles De Avila Castillo,21173,Puebla,2018,0,Teteles De Avila Castillo,21173 – Teteles De Avila Castillo
Teteles De Avila Castillo,21173,Puebla,2019,0,Teteles De Avila Castillo,21173 – Teteles De Avila Castillo
Teteles De Avila Castillo,21173,Puebla,2020,0,Teteles De Avila Castillo,21173 – Teteles De Avila Castillo
Teteles De Avila Castillo,21173,Puebla,2021,0,Teteles De Avila Castillo,21173 – Teteles De Avila Castillo
Teteles De Avila Castillo,21173,Puebla,2022,0,Teteles De Avila Castillo,21173 – Teteles De Avila Castillo
Teteles De Avila Castillo,21173,Puebla,2023,0,Teteles De Avila Castillo,21173 – Teteles De Avila Castillo
Teteles De Avila Castillo,21173,Puebla,2024,0,Teteles De Avila Castillo,21173 – Teteles De Avila Castillo
Teteles De Avila Castillo,21173,Puebla,2025,0,Teteles De Avila Castillo,21173 – Teteles De Avila Castillo
Teziutlã¡N,21174,Puebla,2015,0,Teziutlã¡N,21174 – Teziutlã¡N
Teziutlã¡N,21174,Puebla,2016,0,Teziutlã¡N,21174 – Teziutlã¡N
Teziutlã¡N,21174,Puebla,2017,0,Teziutlã¡N,21174 – Teziutlã¡N
Teziutlã¡N,21174,Puebla,2018,1,Teziutlã¡N,21174 – Teziutlã¡N
Teziutlã¡N,21174,Puebla,2019,1,Teziutlã¡N,21174 – Teziutlã¡N
Teziutlã¡N,21174,Puebla,2020,0,Teziutlã¡N,21174 – Teziutlã¡N
Teziutlã¡N,21174,Puebla,2021,0,Teziutlã¡N,21174 – Teziutlã¡N
Teziutlã¡N,21174,Puebla,2022,0,Teziutlã¡N,21174 – Teziutlã¡N
Teziutlã¡N,21174,Puebla,2023,0,Teziutlã¡N,21174 – Teziutlã¡N
Teziutlã¡N,21174,Puebla,2024,1,Teziutlã¡N,21174 – Teziutlã¡N
Teziutlã¡N,21174,Puebla,2025,0,Teziutlã¡N,21174 – Teziutlã¡N
Tianguismanalco,21175,Puebla,2015,0,Tianguismanalco,21175 – Tianguismanalco
Tianguismanalco,21175,Puebla,2016,0,Tianguismanalco,21175 – Tianguismanalco
Tianguismanalco,21175,Puebla,2017,0,Tianguismanalco,21175 – Tianguismanalco
Tianguismanalco,21175,Puebla,2018,0,Tianguismanalco,21175 – Tianguismanalco
Tianguismanalco,21175,Puebla,2019,0,Tianguismanalco,21175 – Tianguismanalco
Tianguismanalco,21175,Puebla,2020,0,Tianguismanalco,21175 – Tianguismanalco
Tianguismanalco,21175,Puebla,2021,0,Tianguismanalco,21175 – Tianguismanalco
Tianguismanalco,21175,Puebla,2022,0,Tianguismanalco,21175 – Tianguismanalco
Tianguismanalco,21175,Puebla,2023,1,Tianguismanalco,21175 – Tianguismanalco
Tianguismanalco,21175,Puebla,2024,1,Tianguismanalco,21175 – Tianguismanalco
Tianguismanalco,21175,Puebla,2025,0,Tianguismanalco,21175 – Tianguismanalco
Tilapa,21176,Puebla,2015,0,Tilapa,21176 – Tilapa
Tilapa,21176,Puebla,2016,0,Tilapa,21176 – Tilapa
Tilapa,21176,Puebla,2017,0,Tilapa,21176 – Tilapa
Tilapa,21176,Puebla,2018,0,Tilapa,21176 – Tilapa
Tilapa,21176,Puebla,2019,0,Tilapa,21176 – Tilapa
Tilapa,21176,Puebla,2020,0,Tilapa,21176 – Tilapa
Tilapa,21176,Puebla,2021,0,Tilapa,21176 – Tilapa
Tilapa,21176,Puebla,2022,0,Tilapa,21176 – Tilapa
Tilapa,21176,Puebla,2023,0,Tilapa,21176 – Tilapa
Tilapa,21176,Puebla,2024,0,Tilapa,21176 – Tilapa
Tilapa,21176,Puebla,2025,0,Tilapa,21176 – Tilapa
Tlacotepec De Benito Juã¡Rez,21177,Puebla,2015,0,Tlacotepec De Benito Juã¡Rez,21177 – Tlacotepec De Benito Juã¡Rez
Tlacotepec De Benito Juã¡Rez,21177,Puebla,2016,0,Tlacotepec De Benito Juã¡Rez,21177 – Tlacotepec De Benito Juã¡Rez
Tlacotepec De Benito Juã¡Rez,21177,Puebla,2017,0,Tlacotepec De Benito Juã¡Rez,21177 – Tlacotepec De Benito Juã¡Rez
Tlacotepec De Benito Juã¡Rez,21177,Puebla,2018,0,Tlacotepec De Benito Juã¡Rez,21177 – Tlacotepec De Benito Juã¡Rez
Tlacotepec De Benito Juã¡Rez,21177,Puebla,2019,2,Tlacotepec De Benito Juã¡Rez,21177 – Tlacotepec De Benito Juã¡Rez
Tlacotepec De Benito Juã¡Rez,21177,Puebla,2020,0,Tlacotepec De Benito Juã¡Rez,21177 – Tlacotepec De Benito Juã¡Rez
Tlacotepec De Benito Juã¡Rez,21177,Puebla,2021,0,Tlacotepec De Benito Juã¡Rez,21177 – Tlacotepec De Benito Juã¡Rez
Tlacotepec De Benito Juã¡Rez,21177,Puebla,2022,0,Tlacotepec De Benito Juã¡Rez,21177 – Tlacotepec De Benito Juã¡Rez
Tlacotepec De Benito Juã¡Rez,21177,Puebla,2023,0,Tlacotepec De Benito Juã¡Rez,21177 – Tlacotepec De Benito Juã¡Rez
Tlacotepec De Benito Juã¡Rez,21177,Puebla,2024,0,Tlacotepec De Benito Juã¡Rez,21177 – Tlacotepec De Benito Juã¡Rez
Tlacotepec De Benito Juã¡Rez,21177,Puebla,2025,1,Tlacotepec De Benito Juã¡Rez,21177 – Tlacotepec De Benito Juã¡Rez
Tlacuilotepec,21178,Puebla,2015,0,Tlacuilotepec,21178 – Tlacuilotepec
Tlacuilotepec,21178,Puebla,2016,0,Tlacuilotepec,21178 – Tlacuilotepec
Tlacuilotepec,21178,Puebla,2017,0,Tlacuilotepec,21178 – Tlacuilotepec
Tlacuilotepec,21178,Puebla,2018,0,Tlacuilotepec,21178 – Tlacuilotepec
Tlacuilotepec,21178,Puebla,2019,0,Tlacuilotepec,21178 – Tlacuilotepec
Tlacuilotepec,21178,Puebla,2020,0,Tlacuilotepec,21178 – Tlacuilotepec
Tlacuilotepec,21178,Puebla,2021,0,Tlacuilotepec,21178 – Tlacuilotepec
Tlacuilotepec,21178,Puebla,2022,0,Tlacuilotepec,21178 – Tlacuilotepec
Tlacuilotepec,21178,Puebla,2023,0,Tlacuilotepec,21178 – Tlacuilotepec
Tlacuilotepec,21178,Puebla,2024,0,Tlacuilotepec,21178 – Tlacuilotepec
Tlacuilotepec,21178,Puebla,2025,0,Tlacuilotepec,21178 – Tlacuilotepec
Tlachichuca,21179,Puebla,2015,0,Tlachichuca,21179 – Tlachichuca
Tlachichuca,21179,Puebla,2016,0,Tlachichuca,21179 – Tlachichuca
Tlachichuca,21179,Puebla,2017,0,Tlachichuca,21179 – Tlachichuca
Tlachichuca,21179,Puebla,2018,0,Tlachichuca,21179 – Tlachichuca
Tlachichuca,21179,Puebla,2019,0,Tlachichuca,21179 – Tlachichuca
Tlachichuca,21179,Puebla,2020,0,Tlachichuca,21179 – Tlachichuca
Tlachichuca,21179,Puebla,2021,1,Tlachichuca,21179 – Tlachichuca
Tlachichuca,21179,Puebla,2022,0,Tlachichuca,21179 – Tlachichuca
Tlachichuca,21179,Puebla,2023,0,Tlachichuca,21179 – Tlachichuca
Tlachichuca,21179,Puebla,2024,0,Tlachichuca,21179 – Tlachichuca
Tlachichuca,21179,Puebla,2025,0,Tlachichuca,21179 – Tlachichuca
Tlahuapan,21180,Puebla,2015,0,Tlahuapan,21180 – Tlahuapan
Tlahuapan,21180,Puebla,2016,0,Tlahuapan,21180 – Tlahuapan
Tlahuapan,21180,Puebla,2017,0,Tlahuapan,21180 – Tlahuapan
Tlahuapan,21180,Puebla,2018,0,Tlahuapan,21180 – Tlahuapan
Tlahuapan,21180,Puebla,2019,0,Tlahuapan,21180 – Tlahuapan
Tlahuapan,21180,Puebla,2020,0,Tlahuapan,21180 – Tlahuapan
Tlahuapan,21180,Puebla,2021,0,Tlahuapan,21180 – Tlahuapan
Tlahuapan,21180,Puebla,2022,0,Tlahuapan,21180 – Tlahuapan
Tlahuapan,21180,Puebla,2023,0,Tlahuapan,21180 – Tlahuapan
Tlahuapan,21180,Puebla,2024,0,Tlahuapan,21180 – Tlahuapan
Tlahuapan,21180,Puebla,2025,0,Tlahuapan,21180 – Tlahuapan
Tlaltenango,21181,Puebla,2015,0,Tlaltenango,21181 – Tlaltenango
Tlaltenango,21181,Puebla,2016,0,Tlaltenango,21181 – Tlaltenango
Tlaltenango,21181,Puebla,2017,0,Tlaltenango,21181 – Tlaltenango
Tlaltenango,21181,Puebla,2018,0,Tlaltenango,21181 – Tlaltenango
Tlaltenango,21181,Puebla,2019,1,Tlaltenango,21181 – Tlaltenango
Tlaltenango,21181,Puebla,2020,0,Tlaltenango,21181 – Tlaltenango
Tlaltenango,21181,Puebla,2021,0,Tlaltenango,21181 – Tlaltenango
Tlaltenango,21181,Puebla,2022,0,Tlaltenango,21181 – Tlaltenango
Tlaltenango,21181,Puebla,2023,0,Tlaltenango,21181 – Tlaltenango
Tlaltenango,21181,Puebla,2024,0,Tlaltenango,21181 – Tlaltenango
Tlaltenango,21181,Puebla,2025,0,Tlaltenango,21181 – Tlaltenango
Tlanepantla,21182,Puebla,2015,0,Tlanepantla,21182 – Tlanepantla
Tlanepantla,21182,Puebla,2016,0,Tlanepantla,21182 – Tlanepantla
Tlanepantla,21182,Puebla,2017,0,Tlanepantla,21182 – Tlanepantla
Tlanepantla,21182,Puebla,2018,0,Tlanepantla,21182 – Tlanepantla
Tlanepantla,21182,Puebla,2019,0,Tlanepantla,21182 – Tlanepantla
Tlanepantla,21182,Puebla,2020,0,Tlanepantla,21182 – Tlanepantla
Tlanepantla,21182,Puebla,2021,0,Tlanepantla,21182 – Tlanepantla
Tlanepantla,21182,Puebla,2022,0,Tlanepantla,21182 – Tlanepantla
Tlanepantla,21182,Puebla,2023,0,Tlanepantla,21182 – Tlanepantla
Tlanepantla,21182,Puebla,2024,0,Tlanepantla,21182 – Tlanepantla
Tlanepantla,21182,Puebla,2025,0,Tlanepantla,21182 – Tlanepantla
Tlaola,21183,Puebla,2015,0,Tlaola,21183 – Tlaola
Tlaola,21183,Puebla,2016,0,Tlaola,21183 – Tlaola
Tlaola,21183,Puebla,2017,0,Tlaola,21183 – Tlaola
Tlaola,21183,Puebla,2018,0,Tlaola,21183 – Tlaola
Tlaola,21183,Puebla,2019,2,Tlaola,21183 – Tlaola
Tlaola,21183,Puebla,2020,0,Tlaola,21183 – Tlaola
Tlaola,21183,Puebla,2021,0,Tlaola,21183 – Tlaola
Tlaola,21183,Puebla,2022,0,Tlaola,21183 – Tlaola
Tlaola,21183,Puebla,2023,0,Tlaola,21183 – Tlaola
Tlaola,21183,Puebla,2024,0,Tlaola,21183 – Tlaola
Tlaola,21183,Puebla,2025,0,Tlaola,21183 – Tlaola
Tlapacoya,21184,Puebla,2015,0,Tlapacoya,21184 – Tlapacoya
Tlapacoya,21184,Puebla,2016,0,Tlapacoya,21184 – Tlapacoya
Tlapacoya,21184,Puebla,2017,0,Tlapacoya,21184 – Tlapacoya
Tlapacoya,21184,Puebla,2018,0,Tlapacoya,21184 – Tlapacoya
Tlapacoya,21184,Puebla,2019,0,Tlapacoya,21184 – Tlapacoya
Tlapacoya,21184,Puebla,2020,0,Tlapacoya,21184 – Tlapacoya
Tlapacoya,21184,Puebla,2021,0,Tlapacoya,21184 – Tlapacoya
Tlapacoya,21184,Puebla,2022,0,Tlapacoya,21184 – Tlapacoya
Tlapacoya,21184,Puebla,2023,0,Tlapacoya,21184 – Tlapacoya
Tlapacoya,21184,Puebla,2024,0,Tlapacoya,21184 – Tlapacoya
Tlapacoya,21184,Puebla,2025,0,Tlapacoya,21184 – Tlapacoya
Tlapanalã¡,21185,Puebla,2015,0,Tlapanalã¡,21185 – Tlapanalã¡
Tlapanalã¡,21185,Puebla,2016,0,Tlapanalã¡,21185 – Tlapanalã¡
Tlapanalã¡,21185,Puebla,2017,0,Tlapanalã¡,21185 – Tlapanalã¡
Tlapanalã¡,21185,Puebla,2018,0,Tlapanalã¡,21185 – Tlapanalã¡
Tlapanalã¡,21185,Puebla,2019,0,Tlapanalã¡,21185 – Tlapanalã¡
Tlapanalã¡,21185,Puebla,2020,0,Tlapanalã¡,21185 – Tlapanalã¡
Tlapanalã¡,21185,Puebla,2021,0,Tlapanalã¡,21185 – Tlapanalã¡
Tlapanalã¡,21185,Puebla,2022,0,Tlapanalã¡,21185 – Tlapanalã¡
Tlapanalã¡,21185,Puebla,2023,0,Tlapanalã¡,21185 – Tlapanalã¡
Tlapanalã¡,21185,Puebla,2024,0,Tlapanalã¡,21185 – Tlapanalã¡
Tlapanalã¡,21185,Puebla,2025,0,Tlapanalã¡,21185 – Tlapanalã¡
Tlatlauquitepec,21186,Puebla,2015,0,Tlatlauquitepec,21186 – Tlatlauquitepec
Tlatlauquitepec,21186,Puebla,2016,0,Tlatlauquitepec,21186 – Tlatlauquitepec
Tlatlauquitepec,21186,Puebla,2017,0,Tlatlauquitepec,21186 – Tlatlauquitepec
Tlatlauquitepec,21186,Puebla,2018,0,Tlatlauquitepec,21186 – Tlatlauquitepec
Tlatlauquitepec,21186,Puebla,2019,0,Tlatlauquitepec,21186 – Tlatlauquitepec
Tlatlauquitepec,21186,Puebla,2020,0,Tlatlauquitepec,21186 – Tlatlauquitepec
Tlatlauquitepec,21186,Puebla,2021,0,Tlatlauquitepec,21186 – Tlatlauquitepec
Tlatlauquitepec,21186,Puebla,2022,1,Tlatlauquitepec,21186 – Tlatlauquitepec
Tlatlauquitepec,21186,Puebla,2023,0,Tlatlauquitepec,21186 – Tlatlauquitepec
Tlatlauquitepec,21186,Puebla,2024,0,Tlatlauquitepec,21186 – Tlatlauquitepec
Tlatlauquitepec,21186,Puebla,2025,1,Tlatlauquitepec,21186 – Tlatlauquitepec
Tlaxco,21187,Puebla,2015,0,Tlaxco,21187 – Tlaxco
Tlaxco,21187,Puebla,2016,0,Tlaxco,21187 – Tlaxco
Tlaxco,21187,Puebla,2017,0,Tlaxco,21187 – Tlaxco
Tlaxco,21187,Puebla,2018,0,Tlaxco,21187 – Tlaxco
Tlaxco,21187,Puebla,2019,0,Tlaxco,21187 – Tlaxco
Tlaxco,21187,Puebla,2020,0,Tlaxco,21187 – Tlaxco
Tlaxco,21187,Puebla,2021,0,Tlaxco,21187 – Tlaxco
Tlaxco,21187,Puebla,2022,0,Tlaxco,21187 – Tlaxco
Tlaxco,21187,Puebla,2023,0,Tlaxco,21187 – Tlaxco
Tlaxco,21187,Puebla,2024,1,Tlaxco,21187 – Tlaxco
Tlaxco,21187,Puebla,2025,0,Tlaxco,21187 – Tlaxco
Tochimilco,21188,Puebla,2015,0,Tochimilco,21188 – Tochimilco
Tochimilco,21188,Puebla,2016,0,Tochimilco,21188 – Tochimilco
Tochimilco,21188,Puebla,2017,0,Tochimilco,21188 – Tochimilco
Tochimilco,21188,Puebla,2018,0,Tochimilco,21188 – Tochimilco
Tochimilco,21188,Puebla,2019,0,Tochimilco,21188 – Tochimilco
Tochimilco,21188,Puebla,2020,0,Tochimilco,21188 – Tochimilco
Tochimilco,21188,Puebla,2021,0,Tochimilco,21188 – Tochimilco
Tochimilco,21188,Puebla,2022,0,Tochimilco,21188 – Tochimilco
Tochimilco,21188,Puebla,2023,0,Tochimilco,21188 – Tochimilco
Tochimilco,21188,Puebla,2024,0,Tochimilco,21188 – Tochimilco
Tochimilco,21188,Puebla,2025,0,Tochimilco,21188 – Tochimilco
Tochtepec,21189,Puebla,2015,0,Tochtepec,21189 – Tochtepec
Tochtepec,21189,Puebla,2016,0,Tochtepec,21189 – Tochtepec
Tochtepec,21189,Puebla,2017,0,Tochtepec,21189 – Tochtepec
Tochtepec,21189,Puebla,2018,0,Tochtepec,21189 – Tochtepec
Tochtepec,21189,Puebla,2019,0,Tochtepec,21189 – Tochtepec
Tochtepec,21189,Puebla,2020,0,Tochtepec,21189 – Tochtepec
Tochtepec,21189,Puebla,2021,0,Tochtepec,21189 – Tochtepec
Tochtepec,21189,Puebla,2022,0,Tochtepec,21189 – Tochtepec
Tochtepec,21189,Puebla,2023,0,Tochtepec,21189 – Tochtepec
Tochtepec,21189,Puebla,2024,0,Tochtepec,21189 – Tochtepec
Tochtepec,21189,Puebla,2025,0,Tochtepec,21189 – Tochtepec
Totoltepec De Guerrero,21190,Puebla,2015,0,Totoltepec De Guerrero,21190 – Totoltepec De Guerrero
Totoltepec De Guerrero,21190,Puebla,2016,0,Totoltepec De Guerrero,21190 – Totoltepec De Guerrero
Totoltepec De Guerrero,21190,Puebla,2017,0,Totoltepec De Guerrero,21190 – Totoltepec De Guerrero
Totoltepec De Guerrero,21190,Puebla,2018,0,Totoltepec De Guerrero,21190 – Totoltepec De Guerrero
Totoltepec De Guerrero,21190,Puebla,2019,0,Totoltepec De Guerrero,21190 – Totoltepec De Guerrero
Totoltepec De Guerrero,21190,Puebla,2020,0,Totoltepec De Guerrero,21190 – Totoltepec De Guerrero
Totoltepec De Guerrero,21190,Puebla,2021,0,Totoltepec De Guerrero,21190 – Totoltepec De Guerrero
Totoltepec De Guerrero,21190,Puebla,2022,0,Totoltepec De Guerrero,21190 – Totoltepec De Guerrero
Totoltepec De Guerrero,21190,Puebla,2023,1,Totoltepec De Guerrero,21190 – Totoltepec De Guerrero
Totoltepec De Guerrero,21190,Puebla,2024,0,Totoltepec De Guerrero,21190 – Totoltepec De Guerrero
Totoltepec De Guerrero,21190,Puebla,2025,0,Totoltepec De Guerrero,21190 – Totoltepec De Guerrero
Tulcingo,21191,Puebla,2015,0,Tulcingo,21191 – Tulcingo
Tulcingo,21191,Puebla,2016,0,Tulcingo,21191 – Tulcingo
Tulcingo,21191,Puebla,2017,0,Tulcingo,21191 – Tulcingo
Tulcingo,21191,Puebla,2018,0,Tulcingo,21191 – Tulcingo
Tulcingo,21191,Puebla,2019,0,Tulcingo,21191 – Tulcingo
Tulcingo,21191,Puebla,2020,1,Tulcingo,21191 – Tulcingo
Tulcingo,21191,Puebla,2021,0,Tulcingo,21191 – Tulcingo
Tulcingo,21191,Puebla,2022,0,Tulcingo,21191 – Tulcingo
Tulcingo,21191,Puebla,2023,0,Tulcingo,21191 – Tulcingo
Tulcingo,21191,Puebla,2024,0,Tulcingo,21191 – Tulcingo
Tulcingo,21191,Puebla,2025,0,Tulcingo,21191 – Tulcingo
Tuzamapan De Galeana,21192,Puebla,2015,0,Tuzamapan De Galeana,21192 – Tuzamapan De Galeana
Tuzamapan De Galeana,21192,Puebla,2016,0,Tuzamapan De Galeana,21192 – Tuzamapan De Galeana
Tuzamapan De Galeana,21192,Puebla,2017,0,Tuzamapan De Galeana,21192 – Tuzamapan De Galeana
Tuzamapan De Galeana,21192,Puebla,2018,0,Tuzamapan De Galeana,21192 – Tuzamapan De Galeana
Tuzamapan De Galeana,21192,Puebla,2019,0,Tuzamapan De Galeana,21192 – Tuzamapan De Galeana
Tuzamapan De Galeana,21192,Puebla,2020,0,Tuzamapan De Galeana,21192 – Tuzamapan De Galeana
Tuzamapan De Galeana,21192,Puebla,2021,0,Tuzamapan De Galeana,21192 – Tuzamapan De Galeana
Tuzamapan De Galeana,21192,Puebla,2022,0,Tuzamapan De Galeana,21192 – Tuzamapan De Galeana
Tuzamapan De Galeana,21192,Puebla,2023,0,Tuzamapan De Galeana,21192 – Tuzamapan De Galeana
Tuzamapan De Galeana,21192,Puebla,2024,0,Tuzamapan De Galeana,21192 – Tuzamapan De Galeana
Tuzamapan De Galeana,21192,Puebla,2025,1,Tuzamapan De Galeana,21192 – Tuzamapan De Galeana
Tzicatlacoyan,21193,Puebla,2015,0,Tzicatlacoyan,21193 – Tzicatlacoyan
Tzicatlacoyan,21193,Puebla,2016,0,Tzicatlacoyan,21193 – Tzicatlacoyan
Tzicatlacoyan,21193,Puebla,2017,0,Tzicatlacoyan,21193 – Tzicatlacoyan
Tzicatlacoyan,21193,Puebla,2018,0,Tzicatlacoyan,21193 – Tzicatlacoyan
Tzicatlacoyan,21193,Puebla,2019,0,Tzicatlacoyan,21193 – Tzicatlacoyan
Tzicatlacoyan,21193,Puebla,2020,0,Tzicatlacoyan,21193 – Tzicatlacoyan
Tzicatlacoyan,21193,Puebla,2021,0,Tzicatlacoyan,21193 – Tzicatlacoyan
Tzicatlacoyan,21193,Puebla,2022,0,Tzicatlacoyan,21193 – Tzicatlacoyan
Tzicatlacoyan,21193,Puebla,2023,0,Tzicatlacoyan,21193 – Tzicatlacoyan
Tzicatlacoyan,21193,Puebla,2024,0,Tzicatlacoyan,21193 – Tzicatlacoyan
Tzicatlacoyan,21193,Puebla,2025,0,Tzicatlacoyan,21193 – Tzicatlacoyan
Venustiano Carranza,21194,Puebla,2015,0,Venustiano Carranza,21194 – Venustiano Carranza
Venustiano Carranza,21194,Puebla,2016,0,Venustiano Carranza,21194 – Venustiano Carranza
Venustiano Carranza,21194,Puebla,2017,0,Venustiano Carranza,21194 – Venustiano Carranza
Venustiano Carranza,21194,Puebla,2018,0,Venustiano Carranza,21194 – Venustiano Carranza
Venustiano Carranza,21194,Puebla,2019,0,Venustiano Carranza,21194 – Venustiano Carranza
Venustiano Carranza,21194,Puebla,2020,0,Venustiano Carranza,21194 – Venustiano Carranza
Venustiano Carranza,21194,Puebla,2021,0,Venustiano Carranza,21194 – Venustiano Carranza
Venustiano Carranza,21194,Puebla,2022,1,Venustiano Carranza,21194 – Venustiano Carranza
Venustiano Carranza,21194,Puebla,2023,0,Venustiano Carranza,21194 – Venustiano Carranza
Venustiano Carranza,21194,Puebla,2024,1,Venustiano Carranza,21194 – Venustiano Carranza
Venustiano Carranza,21194,Puebla,2025,1,Venustiano Carranza,21194 – Venustiano Carranza
Vicente Guerrero,21195,Puebla,2015,0,Vicente Guerrero,21195 – Vicente Guerrero
Vicente Guerrero,21195,Puebla,2016,0,Vicente Guerrero,21195 – Vicente Guerrero
Vicente Guerrero,21195,Puebla,2017,1,Vicente Guerrero,21195 – Vicente Guerrero
Vicente Guerrero,21195,Puebla,2018,0,Vicente Guerrero,21195 – Vicente Guerrero
Vicente Guerrero,21195,Puebla,2019,0,Vicente Guerrero,21195 – Vicente Guerrero
Vicente Guerrero,21195,Puebla,2020,0,Vicente Guerrero,21195 – Vicente Guerrero
Vicente Guerrero,21195,Puebla,2021,0,Vicente Guerrero,21195 – Vicente Guerrero
Vicente Guerrero,21195,Puebla,2022,0,Vicente Guerrero,21195 – Vicente Guerrero
Vicente Guerrero,21195,Puebla,2023,0,Vicente Guerrero,21195 – Vicente Guerrero
Vicente Guerrero,21195,Puebla,2024,0,Vicente Guerrero,21195 – Vicente Guerrero
Vicente Guerrero,21195,Puebla,2025,0,Vicente Guerrero,21195 – Vicente Guerrero
Xayacatlã¡N De Bravo,21196,Puebla,2015,0,Xayacatlã¡N De Bravo,21196 – Xayacatlã¡N De Bravo
Xayacatlã¡N De Bravo,21196,Puebla,2016,0,Xayacatlã¡N De Bravo,21196 – Xayacatlã¡N De Bravo
Xayacatlã¡N De Bravo,21196,Puebla,2017,0,Xayacatlã¡N De Bravo,21196 – Xayacatlã¡N De Bravo
Xayacatlã¡N De Bravo,21196,Puebla,2018,1,Xayacatlã¡N De Bravo,21196 – Xayacatlã¡N De Bravo
Xayacatlã¡N De Bravo,21196,Puebla,2019,0,Xayacatlã¡N De Bravo,21196 – Xayacatlã¡N De Bravo
Xayacatlã¡N De Bravo,21196,Puebla,2020,0,Xayacatlã¡N De Bravo,21196 – Xayacatlã¡N De Bravo
Xayacatlã¡N De Bravo,21196,Puebla,2021,0,Xayacatlã¡N De Bravo,21196 – Xayacatlã¡N De Bravo
Xayacatlã¡N De Bravo,21196,Puebla,2022,0,Xayacatlã¡N De Bravo,21196 – Xayacatlã¡N De Bravo
Xayacatlã¡N De Bravo,21196,Puebla,2023,0,Xayacatlã¡N De Bravo,21196 – Xayacatlã¡N De Bravo
Xayacatlã¡N De Bravo,21196,Puebla,2024,0,Xayacatlã¡N De Bravo,21196 – Xayacatlã¡N De Bravo
Xayacatlã¡N De Bravo,21196,Puebla,2025,0,Xayacatlã¡N De Bravo,21196 – Xayacatlã¡N De Bravo
Xicotepec,21197,Puebla,2015,0,Xicotepec,21197 – Xicotepec
Xicotepec,21197,Puebla,2016,0,Xicotepec,21197 – Xicotepec
Xicotepec,21197,Puebla,2017,1,Xicotepec,21197 – Xicotepec
Xicotepec,21197,Puebla,2018,1,Xicotepec,21197 – Xicotepec
Xicotepec,21197,Puebla,2019,0,Xicotepec,21197 – Xicotepec
Xicotepec,21197,Puebla,2020,1,Xicotepec,21197 – Xicotepec
Xicotepec,21197,Puebla,2021,1,Xicotepec,21197 – Xicotepec
Xicotepec,21197,Puebla,2022,1,Xicotepec,21197 – Xicotepec
Xicotepec,21197,Puebla,2023,0,Xicotepec,21197 – Xicotepec
Xicotepec,21197,Puebla,2024,2,Xicotepec,21197 – Xicotepec
Xicotepec,21197,Puebla,2025,2,Xicotepec,21197 – Xicotepec
Xicotlã¡N,21198,Puebla,2015,0,Xicotlã¡N,21198 – Xicotlã¡N
Xicotlã¡N,21198,Puebla,2016,0,Xicotlã¡N,21198 – Xicotlã¡N
Xicotlã¡N,21198,Puebla,2017,0,Xicotlã¡N,21198 – Xicotlã¡N
Xicotlã¡N,21198,Puebla,2018,0,Xicotlã¡N,21198 – Xicotlã¡N
Xicotlã¡N,21198,Puebla,2019,0,Xicotlã¡N,21198 – Xicotlã¡N
Xicotlã¡N,21198,Puebla,2020,0,Xicotlã¡N,21198 – Xicotlã¡N
Xicotlã¡N,21198,Puebla,2021,0,Xicotlã¡N,21198 – Xicotlã¡N
Xicotlã¡N,21198,Puebla,2022,0,Xicotlã¡N,21198 – Xicotlã¡N
Xicotlã¡N,21198,Puebla,2023,0,Xicotlã¡N,21198 – Xicotlã¡N
Xicotlã¡N,21198,Puebla,2024,0,Xicotlã¡N,21198 – Xicotlã¡N
Xicotlã¡N,21198,Puebla,2025,0,Xicotlã¡N,21198 – Xicotlã¡N
Xiutetelco,21199,Puebla,2015,0,Xiutetelco,21199 – Xiutetelco
Xiutetelco,21199,Puebla,2016,0,Xiutetelco,21199 – Xiutetelco
Xiutetelco,21199,Puebla,2017,0,Xiutetelco,21199 – Xiutetelco
Xiutetelco,21199,Puebla,2018,0,Xiutetelco,21199 – Xiutetelco
Xiutetelco,21199,Puebla,2019,1,Xiutetelco,21199 – Xiutetelco
Xiutetelco,21199,Puebla,2020,0,Xiutetelco,21199 – Xiutetelco
Xiutetelco,21199,Puebla,2021,0,Xiutetelco,21199 – Xiutetelco
Xiutetelco,21199,Puebla,2022,0,Xiutetelco,21199 – Xiutetelco
Xiutetelco,21199,Puebla,2023,0,Xiutetelco,21199 – Xiutetelco
Xiutetelco,21199,Puebla,2024,0,Xiutetelco,21199 – Xiutetelco
Xiutetelco,21199,Puebla,2025,0,Xiutetelco,21199 – Xiutetelco
Xochiapulco,21200,Puebla,2015,0,Xochiapulco,21200 – Xochiapulco
Xochiapulco,21200,Puebla,2016,0,Xochiapulco,21200 – Xochiapulco
Xochiapulco,21200,Puebla,2017,0,Xochiapulco,21200 – Xochiapulco
Xochiapulco,21200,Puebla,2018,0,Xochiapulco,21200 – Xochiapulco
Xochiapulco,21200,Puebla,2019,0,Xochiapulco,21200 – Xochiapulco
Xochiapulco,21200,Puebla,2020,0,Xochiapulco,21200 – Xochiapulco
Xochiapulco,21200,Puebla,2021,0,Xochiapulco,21200 – Xochiapulco
Xochiapulco,21200,Puebla,2022,0,Xochiapulco,21200 – Xochiapulco
Xochiapulco,21200,Puebla,2023,0,Xochiapulco,21200 – Xochiapulco
Xochiapulco,21200,Puebla,2024,0,Xochiapulco,21200 – Xochiapulco
Xochiapulco,21200,Puebla,2025,0,Xochiapulco,21200 – Xochiapulco
Xochiltepec,21201,Puebla,2015,0,Xochiltepec,21201 – Xochiltepec
Xochiltepec,21201,Puebla,2016,0,Xochiltepec,21201 – Xochiltepec
Xochiltepec,21201,Puebla,2017,0,Xochiltepec,21201 – Xochiltepec
Xochiltepec,21201,Puebla,2018,0,Xochiltepec,21201 – Xochiltepec
Xochiltepec,21201,Puebla,2019,0,Xochiltepec,21201 – Xochiltepec
Xochiltepec,21201,Puebla,2020,0,Xochiltepec,21201 – Xochiltepec
Xochiltepec,21201,Puebla,2021,0,Xochiltepec,21201 – Xochiltepec
Xochiltepec,21201,Puebla,2022,0,Xochiltepec,21201 – Xochiltepec
Xochiltepec,21201,Puebla,2023,0,Xochiltepec,21201 – Xochiltepec
Xochiltepec,21201,Puebla,2024,0,Xochiltepec,21201 – Xochiltepec
Xochiltepec,21201,Puebla,2025,0,Xochiltepec,21201 – Xochiltepec
Xochitlã¡N De Vicente Suã¡Rez,21202,Puebla,2015,0,Xochitlã¡N De Vicente Suã¡Rez,21202 – Xochitlã¡N De Vicente Suã¡Rez
Xochitlã¡N De Vicente Suã¡Rez,21202,Puebla,2016,0,Xochitlã¡N De Vicente Suã¡Rez,21202 – Xochitlã¡N De Vicente Suã¡Rez
Xochitlã¡N De Vicente Suã¡Rez,21202,Puebla,2017,0,Xochitlã¡N De Vicente Suã¡Rez,21202 – Xochitlã¡N De Vicente Suã¡Rez
Xochitlã¡N De Vicente Suã¡Rez,21202,Puebla,2018,0,Xochitlã¡N De Vicente Suã¡Rez,21202 – Xochitlã¡N De Vicente Suã¡Rez
Xochitlã¡N De Vicente Suã¡Rez,21202,Puebla,2019,0,Xochitlã¡N De Vicente Suã¡Rez,21202 – Xochitlã¡N De Vicente Suã¡Rez
Xochitlã¡N De Vicente Suã¡Rez,21202,Puebla,2020,0,Xochitlã¡N De Vicente Suã¡Rez,21202 – Xochitlã¡N De Vicente Suã¡Rez
Xochitlã¡N De Vicente Suã¡Rez,21202,Puebla,2021,0,Xochitlã¡N De Vicente Suã¡Rez,21202 – Xochitlã¡N De Vicente Suã¡Rez
Xochitlã¡N De Vicente Suã¡Rez,21202,Puebla,2022,0,Xochitlã¡N De Vicente Suã¡Rez,21202 – Xochitlã¡N De Vicente Suã¡Rez
Xochitlã¡N De Vicente Suã¡Rez,21202,Puebla,2023,0,Xochitlã¡N De Vicente Suã¡Rez,21202 – Xochitlã¡N De Vicente Suã¡Rez
Xochitlã¡N De Vicente Suã¡Rez,21202,Puebla,2024,0,Xochitlã¡N De Vicente Suã¡Rez,21202 – Xochitlã¡N De Vicente Suã¡Rez
Xochitlã¡N De Vicente Suã¡Rez,21202,Puebla,2025,0,Xochitlã¡N De Vicente Suã¡Rez,21202 – Xochitlã¡N De Vicente Suã¡Rez
Xochitlã¡N Todos Santos,21203,Puebla,2015,0,Xochitlã¡N Todos Santos,21203 – Xochitlã¡N Todos Santos
Xochitlã¡N Todos Santos,21203,Puebla,2016,0,Xochitlã¡N Todos Santos,21203 – Xochitlã¡N Todos Santos
Xochitlã¡N Todos Santos,21203,Puebla,2017,0,Xochitlã¡N Todos Santos,21203 – Xochitlã¡N Todos Santos
Xochitlã¡N Todos Santos,21203,Puebla,2018,0,Xochitlã¡N Todos Santos,21203 – Xochitlã¡N Todos Santos
Xochitlã¡N Todos Santos,21203,Puebla,2019,0,Xochitlã¡N Todos Santos,21203 – Xochitlã¡N Todos Santos
Xochitlã¡N Todos Santos,21203,Puebla,2020,0,Xochitlã¡N Todos Santos,21203 – Xochitlã¡N Todos Santos
Xochitlã¡N Todos Santos,21203,Puebla,2021,0,Xochitlã¡N Todos Santos,21203 – Xochitlã¡N Todos Santos
Xochitlã¡N Todos Santos,21203,Puebla,2022,0,Xochitlã¡N Todos Santos,21203 – Xochitlã¡N Todos Santos
Xochitlã¡N Todos Santos,21203,Puebla,2023,0,Xochitlã¡N Todos Santos,21203 – Xochitlã¡N Todos Santos
Xochitlã¡N Todos Santos,21203,Puebla,2024,0,Xochitlã¡N Todos Santos,21203 – Xochitlã¡N Todos Santos
Xochitlã¡N Todos Santos,21203,Puebla,2025,0,Xochitlã¡N Todos Santos,21203 – Xochitlã¡N Todos Santos
Yaonã¡Huac,21204,Puebla,2015,0,Yaonã¡Huac,21204 – Yaonã¡Huac
Yaonã¡Huac,21204,Puebla,2016,0,Yaonã¡Huac,21204 – Yaonã¡Huac
Yaonã¡Huac,21204,Puebla,2017,0,Yaonã¡Huac,21204 – Yaonã¡Huac
Yaonã¡Huac,21204,Puebla,2018,0,Yaonã¡Huac,21204 – Yaonã¡Huac
Yaonã¡Huac,21204,Puebla,2019,0,Yaonã¡Huac,21204 – Yaonã¡Huac
Yaonã¡Huac,21204,Puebla,2020,0,Yaonã¡Huac,21204 – Yaonã¡Huac
Yaonã¡Huac,21204,Puebla,2021,0,Yaonã¡Huac,21204 – Yaonã¡Huac
Yaonã¡Huac,21204,Puebla,2022,0,Yaonã¡Huac,21204 – Yaonã¡Huac
Yaonã¡Huac,21204,Puebla,2023,0,Yaonã¡Huac,21204 – Yaonã¡Huac
Yaonã¡Huac,21204,Puebla,2024,0,Yaonã¡Huac,21204 – Yaonã¡Huac
Yaonã¡Huac,21204,Puebla,2025,0,Yaonã¡Huac,21204 – Yaonã¡Huac
Yehualtepec,21205,Puebla,2015,0,Yehualtepec,21205 – Yehualtepec
Yehualtepec,21205,Puebla,2016,0,Yehualtepec,21205 – Yehualtepec
Yehualtepec,21205,Puebla,2017,0,Yehualtepec,21205 – Yehualtepec
Yehualtepec,21205,Puebla,2018,1,Yehualtepec,21205 – Yehualtepec
Yehualtepec,21205,Puebla,2019,0,Yehualtepec,21205 – Yehualtepec
Yehualtepec,21205,Puebla,2020,0,Yehualtepec,21205 – Yehualtepec
Yehualtepec,21205,Puebla,2021,0,Yehualtepec,21205 – Yehualtepec
Yehualtepec,21205,Puebla,2022,0,Yehualtepec,21205 – Yehualtepec
Yehualtepec,21205,Puebla,2023,0,Yehualtepec,21205 – Yehualtepec
Yehualtepec,21205,Puebla,2024,0,Yehualtepec,21205 – Yehualtepec
Yehualtepec,21205,Puebla,2025,0,Yehualtepec,21205 – Yehualtepec
Zacapala,21206,Puebla,2015,0,Zacapala,21206 – Zacapala
Zacapala,21206,Puebla,2016,0,Zacapala,21206 – Zacapala
Zacapala,21206,Puebla,2017,0,Zacapala,21206 – Zacapala
Zacapala,21206,Puebla,2018,0,Zacapala,21206 – Zacapala
Zacapala,21206,Puebla,2019,0,Zacapala,21206 – Zacapala
Zacapala,21206,Puebla,2020,0,Zacapala,21206 – Zacapala
Zacapala,21206,Puebla,2021,0,Zacapala,21206 – Zacapala
Zacapala,21206,Puebla,2022,0,Zacapala,21206 – Zacapala
Zacapala,21206,Puebla,2023,0,Zacapala,21206 – Zacapala
Zacapala,21206,Puebla,2024,0,Zacapala,21206 – Zacapala
Zacapala,21206,Puebla,2025,0,Zacapala,21206 – Zacapala
Zacapoaxtla,21207,Puebla,2015,0,Zacapoaxtla,21207 – Zacapoaxtla
Zacapoaxtla,21207,Puebla,2016,0,Zacapoaxtla,21207 – Zacapoaxtla
Zacapoaxtla,21207,Puebla,2017,1,Zacapoaxtla,21207 – Zacapoaxtla
Zacapoaxtla,21207,Puebla,2018,0,Zacapoaxtla,21207 – Zacapoaxtla
Zacapoaxtla,21207,Puebla,2019,1,Zacapoaxtla,21207 – Zacapoaxtla
Zacapoaxtla,21207,Puebla,2020,1,Zacapoaxtla,21207 – Zacapoaxtla
Zacapoaxtla,21207,Puebla,2021,0,Zacapoaxtla,21207 – Zacapoaxtla
Zacapoaxtla,21207,Puebla,2022,0,Zacapoaxtla,21207 – Zacapoaxtla
Zacapoaxtla,21207,Puebla,2023,0,Zacapoaxtla,21207 – Zacapoaxtla
Zacapoaxtla,21207,Puebla,2024,1,Zacapoaxtla,21207 – Zacapoaxtla
Zacapoaxtla,21207,Puebla,2025,0,Zacapoaxtla,21207 – Zacapoaxtla
Zacatlã¡N,21208,Puebla,2015,0,Zacatlã¡N,21208 – Zacatlã¡N
Zacatlã¡N,21208,Puebla,2016,0,Zacatlã¡N,21208 – Zacatlã¡N
Zacatlã¡N,21208,Puebla,2017,0,Zacatlã¡N,21208 – Zacatlã¡N
Zacatlã¡N,21208,Puebla,2018,0,Zacatlã¡N,21208 – Zacatlã¡N
Zacatlã¡N,21208,Puebla,2019,2,Zacatlã¡N,21208 – Zacatlã¡N
Zacatlã¡N,21208,Puebla,2020,5,Zacatlã¡N,21208 – Zacatlã¡N
Zacatlã¡N,21208,Puebla,2021,2,Zacatlã¡N,21208 – Zacatlã¡N
Zacatlã¡N,21208,Puebla,2022,0,Zacatlã¡N,21208 – Zacatlã¡N
Zacatlã¡N,21208,Puebla,2023,1,Zacatlã¡N,21208 – Zacatlã¡N
Zacatlã¡N,21208,Puebla,2024,0,Zacatlã¡N,21208 – Zacatlã¡N
Zacatlã¡N,21208,Puebla,2025,0,Zacatlã¡N,21208 – Zacatlã¡N
Zapotitlã¡N,21209,Puebla,2015,0,Zapotitlã¡N,21209 – Zapotitlã¡N
Zapotitlã¡N,21209,Puebla,2016,0,Zapotitlã¡N,21209 – Zapotitlã¡N
Zapotitlã¡N,21209,Puebla,2017,0,Zapotitlã¡N,21209 – Zapotitlã¡N
Zapotitlã¡N,21209,Puebla,2018,0,Zapotitlã¡N,21209 – Zapotitlã¡N
Zapotitlã¡N,21209,Puebla,2019,0,Zapotitlã¡N,21209 – Zapotitlã¡N
Zapotitlã¡N,21209,Puebla,2020,0,Zapotitlã¡N,21209 – Zapotitlã¡N
Zapotitlã¡N,21209,Puebla,2021,0,Zapotitlã¡N,21209 – Zapotitlã¡N
Zapotitlã¡N,21209,Puebla,2022,0,Zapotitlã¡N,21209 – Zapotitlã¡N
Zapotitlã¡N,21209,Puebla,2023,0,Zapotitlã¡N,21209 – Zapotitlã¡N
Zapotitlã¡N,21209,Puebla,2024,0,Zapotitlã¡N,21209 – Zapotitlã¡N
Zapotitlã¡N,21209,Puebla,2025,0,Zapotitlã¡N,21209 – Zapotitlã¡N
Zapotitlã¡N De Mã©Ndez,21210,Puebla,2015,0,Zapotitlã¡N De Mã©Ndez,21210 – Zapotitlã¡N De Mã©Ndez
Zapotitlã¡N De Mã©Ndez,21210,Puebla,2016,0,Zapotitlã¡N De Mã©Ndez,21210 – Zapotitlã¡N De Mã©Ndez
Zapotitlã¡N De Mã©Ndez,21210,Puebla,2017,0,Zapotitlã¡N De Mã©Ndez,21210 – Zapotitlã¡N De Mã©Ndez
Zapotitlã¡N De Mã©Ndez,21210,Puebla,2018,0,Zapotitlã¡N De Mã©Ndez,21210 – Zapotitlã¡N De Mã©Ndez
Zapotitlã¡N De Mã©Ndez,21210,Puebla,2019,0,Zapotitlã¡N De Mã©Ndez,21210 – Zapotitlã¡N De Mã©Ndez
Zapotitlã¡N De Mã©Ndez,21210,Puebla,2020,0,Zapotitlã¡N De Mã©Ndez,21210 – Zapotitlã¡N De Mã©Ndez
Zapotitlã¡N De Mã©Ndez,21210,Puebla,2021,0,Zapotitlã¡N De Mã©Ndez,21210 – Zapotitlã¡N De Mã©Ndez
Zapotitlã¡N De Mã©Ndez,21210,Puebla,2022,0,Zapotitlã¡N De Mã©Ndez,21210 – Zapotitlã¡N De Mã©Ndez
Zapotitlã¡N De Mã©Ndez,21210,Puebla,2023,0,Zapotitlã¡N De Mã©Ndez,21210 – Zapotitlã¡N De Mã©Ndez
Zapotitlã¡N De Mã©Ndez,21210,Puebla,2024,0,Zapotitlã¡N De Mã©Ndez,21210 – Zapotitlã¡N De Mã©Ndez
Zapotitlã¡N De Mã©Ndez,21210,Puebla,2025,0,Zapotitlã¡N De Mã©Ndez,21210 – Zapotitlã¡N De Mã©Ndez
Zaragoza,21211,Puebla,2015,0,Zaragoza,21211 – Zaragoza
Zaragoza,21211,Puebla,2016,0,Zaragoza,21211 – Zaragoza
Zaragoza,21211,Puebla,2017,0,Zaragoza,21211 – Zaragoza
Zaragoza,21211,Puebla,2018,0,Zaragoza,21211 – Zaragoza
Zaragoza,21211,Puebla,2019,0,Zaragoza,21211 – Zaragoza
Zaragoza,21211,Puebla,2020,0,Zaragoza,21211 – Zaragoza
Zaragoza,21211,Puebla,2021,0,Zaragoza,21211 – Zaragoza
Zaragoza,21211,Puebla,2022,0,Zaragoza,21211 – Zaragoza
Zaragoza,21211,Puebla,2023,0,Zaragoza,21211 – Zaragoza
Zaragoza,21211,Puebla,2024,0,Zaragoza,21211 – Zaragoza
Zaragoza,21211,Puebla,2025,0,Zaragoza,21211 – Zaragoza
Zautla,21212,Puebla,2015,0,Zautla,21212 – Zautla
Zautla,21212,Puebla,2016,0,Zautla,21212 – Zautla
Zautla,21212,Puebla,2017,0,Zautla,21212 – Zautla
Zautla,21212,Puebla,2018,0,Zautla,21212 – Zautla
Zautla,21212,Puebla,2019,0,Zautla,21212 – Zautla
Zautla,21212,Puebla,2020,0,Zautla,21212 – Zautla
Zautla,21212,Puebla,2021,0,Zautla,21212 – Zautla
Zautla,21212,Puebla,2022,0,Zautla,21212 – Zautla
Zautla,21212,Puebla,2023,0,Zautla,21212 – Zautla
Zautla,21212,Puebla,2024,0,Zautla,21212 – Zautla
Zautla,21212,Puebla,2025,0,Zautla,21212 – Zautla
Zihuateutla,21213,Puebla,2015,0,Zihuateutla,21213 – Zihuateutla
Zihuateutla,21213,Puebla,2016,0,Zihuateutla,21213 – Zihuateutla
Zihuateutla,21213,Puebla,2017,0,Zihuateutla,21213 – Zihuateutla
Zihuateutla,21213,Puebla,2018,0,Zihuateutla,21213 – Zihuateutla
Zihuateutla,21213,Puebla,2019,2,Zihuateutla,21213 – Zihuateutla
Zihuateutla,21213,Puebla,2020,1,Zihuateutla,21213 – Zihuateutla
Zihuateutla,21213,Puebla,2021,1,Zihuateutla,21213 – Zihuateutla
Zihuateutla,21213,Puebla,2022,0,Zihuateutla,21213 – Zihuateutla
Zihuateutla,21213,Puebla,2023,0,Zihuateutla,21213 – Zihuateutla
Zihuateutla,21213,Puebla,2024,0,Zihuateutla,21213 – Zihuateutla
Zihuateutla,21213,Puebla,2025,0,Zihuateutla,21213 – Zihuateutla
Zinacatepec,21214,Puebla,2015,0,Zinacatepec,21214 – Zinacatepec
Zinacatepec,21214,Puebla,2016,0,Zinacatepec,21214 – Zinacatepec
Zinacatepec,21214,Puebla,2017,0,Zinacatepec,21214 – Zinacatepec
Zinacatepec,21214,Puebla,2018,0,Zinacatepec,21214 – Zinacatepec
Zinacatepec,21214,Puebla,2019,0,Zinacatepec,21214 – Zinacatepec
Zinacatepec,21214,Puebla,2020,0,Zinacatepec,21214 – Zinacatepec
Zinacatepec,21214,Puebla,2021,0,Zinacatepec,21214 – Zinacatepec
Zinacatepec,21214,Puebla,2022,0,Zinacatepec,21214 – Zinacatepec
Zinacatepec,21214,Puebla,2023,0,Zinacatepec,21214 – Zinacatepec
Zinacatepec,21214,Puebla,2024,0,Zinacatepec,21214 – Zinacatepec
Zinacatepec,21214,Puebla,2025,0,Zinacatepec,21214 – Zinacatepec
Zongozotla,21215,Puebla,2015,0,Zongozotla,21215 – Zongozotla
Zongozotla,21215,Puebla,2016,0,Zongozotla,21215 – Zongozotla
Zongozotla,21215,Puebla,2017,0,Zongozotla,21215 – Zongozotla
Zongozotla,21215,Puebla,2018,0,Zongozotla,21215 – Zongozotla
Zongozotla,21215,Puebla,2019,0,Zongozotla,21215 – Zongozotla
Zongozotla,21215,Puebla,2020,0,Zongozotla,21215 – Zongozotla
Zongozotla,21215,Puebla,2021,0,Zongozotla,21215 – Zongozotla
Zongozotla,21215,Puebla,2022,0,Zongozotla,21215 – Zongozotla
Zongozotla,21215,Puebla,2023,0,Zongozotla,21215 – Zongozotla
Zongozotla,21215,Puebla,2024,0,Zongozotla,21215 – Zongozotla
Zongozotla,21215,Puebla,2025,0,Zongozotla,21215 – Zongozotla
Zoquiapan,21216,Puebla,2015,0,Zoquiapan,21216 – Zoquiapan
Zoquiapan,21216,Puebla,2016,0,Zoquiapan,21216 – Zoquiapan
Zoquiapan,21216,Puebla,2017,0,Zoquiapan,21216 – Zoquiapan
Zoquiapan,21216,Puebla,2018,0,Zoquiapan,21216 – Zoquiapan
Zoquiapan,21216,Puebla,2019,0,Zoquiapan,21216 – Zoquiapan
Zoquiapan,21216,Puebla,2020,0,Zoquiapan,21216 – Zoquiapan
Zoquiapan,21216,Puebla,2021,0,Zoquiapan,21216 – Zoquiapan
Zoquiapan,21216,Puebla,2022,0,Zoquiapan,21216 – Zoquiapan
Zoquiapan,21216,Puebla,2023,0,Zoquiapan,21216 – Zoquiapan
Zoquiapan,21216,Puebla,2024,0,Zoquiapan,21216 – Zoquiapan
Zoquiapan,21216,Puebla,2025,0,Zoquiapan,21216 – Zoquiapan
Zoquitlã¡N,21217,Puebla,2015,0,Zoquitlã¡N,21217 – Zoquitlã¡N
Zoquitlã¡N,21217,Puebla,2016,0,Zoquitlã¡N,21217 – Zoquitlã¡N
Zoquitlã¡N,21217,Puebla,2017,0,Zoquitlã¡N,21217 – Zoquitlã¡N
Zoquitlã¡N,21217,Puebla,2018,0,Zoquitlã¡N,21217 – Zoquitlã¡N
Zoquitlã¡N,21217,Puebla,2019,1,Zoquitlã¡N,21217 – Zoquitlã¡N
Zoquitlã¡N,21217,Puebla,2020,1,Zoquitlã¡N,21217 – Zoquitlã¡N
Zoquitlã¡N,21217,Puebla,2021,0,Zoquitlã¡N,21217 – Zoquitlã¡N
Zoquitlã¡N,21217,Puebla,2022,1,Zoquitlã¡N,21217 – Zoquitlã¡N
Zoquitlã¡N,21217,Puebla,2023,0,Zoquitlã¡N,21217 – Zoquitlã¡N
Zoquitlã¡N,21217,Puebla,2024,0,Zoquitlã¡N,21217 – Zoquitlã¡N
Zoquitlã¡N,21217,Puebla,2025,0,Zoquitlã¡N,21217 – Zoquitlã¡N
